question_id,question,retrieved_articles,ground_truth,recall@5,mrr@5,category
01-DS-2,Khi nào thì một mối quan hệ hôn nhân được coi là có yếu tố nước ngoài?,91/2015/qh13#664|91/2015/qh13#672|52/2014/qh13#122|52/2014/qh13#121|91/2015/qh13#663,52/2014/qh13#3,0.0,0,multi_hop
01-DS-7,Vợ chồng có được phép ủy quyền cho đối phương thực hiện các giao dịch pháp lý thay mình không?,91/2015/qh13#575|52/2014/qh13#96|52/2014/qh13#39|91/2015/qh13#101|91/2015/qh13#339,52/2014/qh13#24,0.0,0,multi_hop
01-DS-9,"Đất đai có được sau khi cưới có mặc định là tài sản chung không, kể cả khi được cho tặng riêng?",52/2014/qh13#33|52/2014/qh13#75|52/2014/qh13#62|52/2014/qh13#40|91/2015/qh13#219,52/2014/qh13#33,1.0,1.0,conditional
01-DS-10,Việc hỗ trợ sinh sản bằng kỹ thuật y tế được hiểu như thế nào theo luật?,52/2014/qh13#93|52/2014/qh13#100|52/2014/qh13#95|52/2014/qh13#99|52/2014/qh13#97,52/2014/qh13#3,0.0,0,multi_hop
01-DS-11,Nam nữ sống chung mà không đăng ký kết hôn thì có được pháp luật công nhận là vợ chồng không?,52/2014/qh13#14|52/2014/qh13#16|52/2014/qh13#130|52/2014/qh13#15|52/2014/qh13#62,52/2014/qh13#14,1.0,1.0,conditional
01-DS-14,Người kiếm được nhiều tiền hơn trong nhà có được quyền chiếm hữu tài sản chung nhiều hơn người kia không?,01/vbhn-vpqh#103|31/2024/qh15#135|31/2024/qh15#146|52/2014/qh13#44|31/2024/qh15#111,52/2014/qh13#29,0.0,0,negative
01-DS-31,"Nếu đang tranh chấp tài sản mà không chứng minh được đó là của riêng ai, thì tài sản đó xử lý thế nào?",52/2014/qh13#33|91/2015/qh13#228|91/2015/qh13#184|91/2015/qh13#586|52/2014/qh13#44,52/2014/qh13#33,1.0,1.0,conditional
01-DS-38,Vợ chồng có nghĩa vụ phải dùng tiền riêng để chi tiêu cho các nhu cầu sinh hoạt gia đình không?,52/2014/qh13#33|52/2014/qh13#30|52/2014/qh13#37|52/2014/qh13#48|52/2014/qh13#62,52/2014/qh13#30,1.0,0.5,negative
01-DS-43,Việc vợ chồng ở đâu có phải phụ thuộc vào ý muốn của nhà chồng hay phong tục địa phương không?,52/2014/qh13#31|52/2014/qh13#59|31/2024/qh15#111|52/2014/qh13#28|52/2014/qh13#63,52/2014/qh13#20,0.0,0,negative
01-DS-46,Thế nào là hành vi ly hôn giả tạo?,52/2014/qh13#5|91/2015/qh13#124|52/2014/qh13#56|52/2014/qh13#3|52/2014/qh13#51,52/2014/qh13#3,1.0,0.25,multi_hop
01-TN-13,Đâu không phải là vai trò của nhà nước là gì trong việc bảo hộ hôn nhân và gia đình?,52/2014/qh13#121|52/2014/qh13#4|52/2014/qh13#3|45/2019/qh14#100|52/2014/qh13#122,52/2014/qh13#4,1.0,0.5,clean_factoid
01-TN-14,Vợ chồng có quyền hạn ra sao đối với việc quản lý và định đoạt tài sản chung?,52/2014/qh13#35|91/2015/qh13#213|52/2014/qh13#37|52/2014/qh13#29|52/2014/qh13#33,52/2014/qh13#35,1.0,1.0,clean_factoid
01-TN-18,"Sau khi ly hôn, người không trực tiếp nuôi con có những quyền và nghĩa vụ gì đối với con?",52/2014/qh13#82|52/2014/qh13#81|52/2014/qh13#83|52/2014/qh13#84|52/2014/qh13#78,52/2014/qh13#82,1.0,1.0,clean_factoid
01-TN-22,Cha mẹ có bắt buộc phải cùng nhau nuôi dạy con cái không?,52/2014/qh13#71|52/2014/qh13#68|52/2014/qh13#112|52/2014/qh13#3|52/2014/qh13#81,52/2014/qh13#71,1.0,1.0,conditional
01-TN-35,Những hành vi nào bị pháp luật nghiêm cấm trong lĩnh vực hôn nhân gia đình?,52/2014/qh13#5|52/2014/qh13#3|52/2014/qh13#4|52/2014/qh13#121|52/2014/qh13#122,52/2014/qh13#5,1.0,1.0,clean_factoid
01-TL-6,Nếu hai người đã ly hôn muốn quay lại với nhau thì phải làm những thủ tục gì?,45/2019/qh14#41|91/2015/qh13#416|91/2015/qh13#131|52/2014/qh13#9|52/2014/qh13#24,52/2014/qh13#9,1.0,0.25,clean_factoid
q-1,Mức án cao nhất cho hành vi chiếm đoạt di vật của người đã mất là bao nhiêu năm tù?,01/vbhn-vpqh#418|01/vbhn-vpqh#9|01/vbhn-vpqh#101|01/vbhn-vpqh#102|01/vbhn-vpqh#103,01/vbhn-vpqh#418,1.0,1.0,clean_factoid
q-2,Người dưới bao nhiêu tuổi thì không bị áp dụng án tù chung thân?,01/vbhn-vpqh#101|01/vbhn-vpqh#39|01/vbhn-vpqh#40|01/vbhn-vpqh#91|01/vbhn-vpqh#107,01/vbhn-vpqh#39,1.0,0.5,clean_factoid
q-3,Độ tuổi nào thì một người phải chịu trách nhiệm về mọi hành vi phạm tội của mình?,01/vbhn-vpqh#144|01/vbhn-vpqh#147|45/2019/qh14#3|91/2015/qh13#586|01/vbhn-vpqh#143,01/vbhn-vpqh#12,0.0,0,clean_factoid
q-4,"Nếu phạm tội nhẹ và có nhiều tình tiết giảm nhẹ nhưng chưa đến mức miễn tội, người đó bị xử lý ra sao?",01/vbhn-vpqh#34|01/vbhn-vpqh#51|01/vbhn-vpqh#84|73/vbhn-vpqh#3|01/vbhn-vpqh#54,01/vbhn-vpqh#34,1.0,1.0,multi_hop
q-5,"Nếu được ân giảm án tử hình, phạm nhân sẽ phải chịu hình phạt gì thay thế?",01/vbhn-vpqh#101|01/vbhn-vpqh#55|01/vbhn-vpqh#40|01/vbhn-vpqh#57|01/vbhn-vpqh#70,01/vbhn-vpqh#40,1.0,0.3333333333333333,conditional
q-6,"Sau khi mãn hạn tù, đối tượng bị cấm cư trú trong khoảng thời gian dài bao lâu?",01/vbhn-vpqh#70|01/vbhn-vpqh#71|73/vbhn-vpqh#131|01/vbhn-vpqh#43|91/2015/qh13#466,01/vbhn-vpqh#42,0.0,0,clean_factoid
q-7,Số tiền hay giá trị tài sản bị tước đoạt từ người phạm tội sẽ được chuyển vào ngân khố quốc gia hay đi đâu?,01/vbhn-vpqh#324|01/vbhn-vpqh#364|45/2019/qh14#179|01/vbhn-vpqh#321|01/vbhn-vpqh#422,01/vbhn-vpqh#45,0.0,0,clean_factoid
q-8,Mức án dành cho hành vi mới chỉ ở bước chuẩn bị thực hiện tội phản quốc là bao nhiêu?,01/vbhn-vpqh#63|01/vbhn-vpqh#57|01/vbhn-vpqh#102|01/vbhn-vpqh#91|01/vbhn-vpqh#2,01/vbhn-vpqh#108,0.0,0,clean_factoid
q-9,"Nếu đã nhận làm gián điệp nhưng chủ động đầu thú và khai báo thành khẩn trước khi thực hiện, người đó có được miễn trừ trách nhiệm hình sự không?",01/vbhn-vpqh#110|01/vbhn-vpqh#51|01/vbhn-vpqh#3|01/vbhn-vpqh#364|01/vbhn-vpqh#27,01/vbhn-vpqh#110,1.0,1.0,multi_hop
q-10,Hình phạt cải tạo không giam giữ tối đa đối với hành vi ngược đãi tù binh là mấy năm?,01/vbhn-vpqh#420|01/vbhn-vpqh#55|01/vbhn-vpqh#100|01/vbhn-vpqh#9|01/vbhn-vpqh#105,01/vbhn-vpqh#420,1.0,1.0,clean_factoid
q-11,Khung hình phạt tù cho tội danh trở thành lính đánh thuê chống lại quốc gia khác là bao nhiêu?,01/vbhn-vpqh#424|01/vbhn-vpqh#425|01/vbhn-vpqh#54|01/vbhn-vpqh#9|01/vbhn-vpqh#57,01/vbhn-vpqh#425,1.0,0.5,multi_hop
q-12,Chỉ huy bỏ mặc từ hai thương binh trở lên ở chiến trường khiến họ tử vong sẽ đối mặt với mức án tù thế nào?,01/vbhn-vpqh#417|01/vbhn-vpqh#66|01/vbhn-vpqh#381|01/vbhn-vpqh#419|01/vbhn-vpqh#379,01/vbhn-vpqh#417,1.0,1.0,clean_factoid
q-13,Việc lơ là quy định trực chiến dẫn tới hậu quả cực kỳ nghiêm trọng sẽ bị xử lý hình sự ra sao?,01/vbhn-vpqh#409|73/vbhn-vpqh#15|01/vbhn-vpqh#395|01/vbhn-vpqh#27|01/vbhn-vpqh#368,01/vbhn-vpqh#409,1.0,1.0,multi_hop
q-14,"Nếu tự làm mình bị thương để trốn tránh nghĩa vụ, người vi phạm có thể bị phạt cải tạo không giam giữ trong bao lâu?",01/vbhn-vpqh#186|01/vbhn-vpqh#332|01/vbhn-vpqh#403|01/vbhn-vpqh#36|01/vbhn-vpqh#383,01/vbhn-vpqh#403,1.0,0.3333333333333333,multi_hop
q-15,Sĩ quan quân đội chọn cách đầu hàng địch thì phải chịu mức án tù bao nhiêu năm?,01/vbhn-vpqh#399|01/vbhn-vpqh#400|01/vbhn-vpqh#419|01/vbhn-vpqh#402|01/vbhn-vpqh#24,01/vbhn-vpqh#399,1.0,1.0,clean_factoid
q-16,Hành vi làm nhục đồng đội dẫn đến việc nạn nhân tìm đến cái chết sẽ bị phạt tù mấy năm?,01/vbhn-vpqh#397|01/vbhn-vpqh#398|01/vbhn-vpqh#155|01/vbhn-vpqh#140|01/vbhn-vpqh#396,01/vbhn-vpqh#397,1.0,1.0,clean_factoid
q-17,Người đang bị giam giữ hoặc áp giải mà bỏ trốn thì khung hình phạt tù là bao nhiêu?,01/vbhn-vpqh#386|01/vbhn-vpqh#376|01/vbhn-vpqh#119|01/vbhn-vpqh#378|73/vbhn-vpqh#113,01/vbhn-vpqh#386,1.0,1.0,multi_hop
q-18,"Đối với tội lạm quyền, thời hạn cấm làm việc tại một số vị trí cụ thể kéo dài trong mấy năm?",01/vbhn-vpqh#80|45/2019/qh14#55|01/vbhn-vpqh#44|45/2019/qh14#152|01/vbhn-vpqh#217,01/vbhn-vpqh#357,0.0,0,clean_factoid
q-19,"Ngoài án tù, người lạm quyền có khả năng phải nộp phạt hành chính số tiền tối đa là bao nhiêu?",73/vbhn-vpqh#79|73/vbhn-vpqh#78|01/vbhn-vpqh#379|73/vbhn-vpqh#69|73/vbhn-vpqh#134,01/vbhn-vpqh#357,0.0,0,clean_factoid
q-20,Mức phạt tiền cho việc tái phạm hành vi xuất nhập cảnh trái phép là bao nhiêu?,01/vbhn-vpqh#347|01/vbhn-vpqh#348|73/vbhn-vpqh#39|01/vbhn-vpqh#256|01/vbhn-vpqh#177,01/vbhn-vpqh#347,1.0,1.0,multi_hop
q-21,"Nếu đã bị xử phạt hành chính mà vẫn tiếp tục ở lại Việt Nam trái phép, người đó bị phạt tù tối đa bao nhiêu lâu?",01/vbhn-vpqh#347|01/vbhn-vpqh#343|73/vbhn-vpqh#52|01/vbhn-vpqh#348|01/vbhn-vpqh#350,01/vbhn-vpqh#347,1.0,1.0,multi_hop
q-22,Hủy hoại di tích văn hóa gây thiệt hại từ nửa tỷ đồng trở lên sẽ bị phạt tù bao nhiêu năm?,01/vbhn-vpqh#345|01/vbhn-vpqh#358|01/vbhn-vpqh#419|01/vbhn-vpqh#178|01/vbhn-vpqh#357,01/vbhn-vpqh#345,1.0,1.0,clean_factoid
q-23,Vi phạm luật quản lý nhà ở có thể bị phạt tiền bổ sung với mức cao nhất là bao nhiêu?,73/vbhn-vpqh#23|01/vbhn-vpqh#101|01/vbhn-vpqh#9|01/vbhn-vpqh#343|01/vbhn-vpqh#201,01/vbhn-vpqh#343,1.0,0.25,clean_factoid
q-24,Hành vi mua bán trái phép con dấu cơ quan không thuộc tài liệu mật bị phạt cải tạo không giam giữ tối đa mấy năm?,01/vbhn-vpqh#342|01/vbhn-vpqh#341|01/vbhn-vpqh#361|01/vbhn-vpqh#291|01/vbhn-vpqh#288,01/vbhn-vpqh#342,1.0,1.0,multi_hop
q-25,Mạo danh vị trí công tác để làm việc phi pháp mà không nhằm chiếm đoạt tài sản thì bị xử lý cải tạo không giam giữ bao lâu?,01/vbhn-vpqh#339|01/vbhn-vpqh#361|01/vbhn-vpqh#342|01/vbhn-vpqh#290|01/vbhn-vpqh#36,01/vbhn-vpqh#339,1.0,1.0,clean_factoid
q-26,"Nếu ngăn cản việc đi nghĩa vụ, nhập ngũ hoặc tập trung huấn luyện thì bị xử lý thế nào, có thể nhận mức án bao nhiêu?",01/vbhn-vpqh#335|01/vbhn-vpqh#334|01/vbhn-vpqh#332|01/vbhn-vpqh#379|01/vbhn-vpqh#63,01/vbhn-vpqh#335,1.0,1.0,clean_factoid
q-27,Hành vi gây khó dễ cho việc thực hiện nghĩa vụ trong thời kỳ chiến tranh sẽ chịu mức án tù ra sao?,91/2015/qh13#364|01/vbhn-vpqh#423|91/2015/qh13#525|01/vbhn-vpqh#11|31/2024/qh15#90,01/vbhn-vpqh#335,0.0,0,clean_factoid
q-28,Cán bộ đã bị kỷ luật mà vẫn tiếp tục làm sai giấy tờ hộ tịch thì bị xử lý cảnh cáo hoặc cải tạo không giam giữ tối đa bao lâu?,01/vbhn-vpqh#336|01/vbhn-vpqh#340|01/vbhn-vpqh#278|01/vbhn-vpqh#382|01/vbhn-vpqh#363,01/vbhn-vpqh#336,1.0,1.0,clean_factoid
q-29,Việc lạm dụng quyền hạn để làm sai quy định về gọi nhập ngũ hay đăng ký nghĩa vụ quân sự sẽ bị phạt cải tạo không giam giữ tối đa bao nhiêu năm?,01/vbhn-vpqh#334|01/vbhn-vpqh#335|01/vbhn-vpqh#332|01/vbhn-vpqh#333|01/vbhn-vpqh#408,01/vbhn-vpqh#334,1.0,1.0,clean_factoid
q-30,Mức án tù dành cho người trốn tránh nghĩa vụ quân sự khi đất nước có chiến tranh là bao nhiêu?,01/vbhn-vpqh#66|01/vbhn-vpqh#402|01/vbhn-vpqh#63|01/vbhn-vpqh#332|01/vbhn-vpqh#379,01/vbhn-vpqh#332,1.0,0.25,clean_factoid
q-31,Dùng vũ lực hoặc đe dọa để cản trở người đang làm công vụ thì bị phạt cải tạo không giam giữ tối đa mấy năm?,01/vbhn-vpqh#330|01/vbhn-vpqh#158|01/vbhn-vpqh#133|01/vbhn-vpqh#167|01/vbhn-vpqh#384,01/vbhn-vpqh#330,1.0,1.0,multi_hop
q-32,Người từ 18 tuổi mua dâm trẻ em (trừ trường hợp cụ thể) sẽ đối mặt với khung hình phạt tù từ bao nhiêu đến bao nhiêu năm?,01/vbhn-vpqh#329|01/vbhn-vpqh#91|01/vbhn-vpqh#102|01/vbhn-vpqh#103|01/vbhn-vpqh#328,01/vbhn-vpqh#329,1.0,1.0,conditional
q-33,"Ngoài án tù, người mua dâm người dưới 18 tuổi còn phải nộp phạt hành chính trong khoảng bao nhiêu tiền?",01/vbhn-vpqh#329|01/vbhn-vpqh#328|73/vbhn-vpqh#134|01/vbhn-vpqh#325|01/vbhn-vpqh#91,01/vbhn-vpqh#329,1.0,1.0,clean_factoid
q-34,Đánh bạc trái phép với số tiền từ 5 đến dưới 50 triệu đồng thì mức phạt tiền bổ sung là bao nhiêu?,01/vbhn-vpqh#321|01/vbhn-vpqh#322|01/vbhn-vpqh#291|01/vbhn-vpqh#216|01/vbhn-vpqh#213,01/vbhn-vpqh#321,1.0,1.0,clean_factoid
q-35,"Khi tham gia đánh bạc trái phép với giá trị từ 5 đến 50 triệu đồng, người phạm tội có thể bị cải tạo không giam giữ tối đa bao nhiêu năm?",01/vbhn-vpqh#321|01/vbhn-vpqh#322|01/vbhn-vpqh#291|01/vbhn-vpqh#177|01/vbhn-vpqh#176,01/vbhn-vpqh#321,1.0,1.0,clean_factoid
q-36,Người bị kết tội đánh bạc sẽ phải nộp thêm khoản tiền phạt từ bao nhiêu đến bao nhiêu?,73/vbhn-vpqh#78|01/vbhn-vpqh#322|01/vbhn-vpqh#321|73/vbhn-vpqh#69|73/vbhn-vpqh#79,01/vbhn-vpqh#321,1.0,0.3333333333333333,clean_factoid
q-37,Tái phạm hành vi mê tín dị đoan dù đã bị xử phạt trước đó thì sẽ chịu mức án cải tạo không giam giữ cao nhất là bao lâu?,01/vbhn-vpqh#320|01/vbhn-vpqh#103|01/vbhn-vpqh#63|01/vbhn-vpqh#9|01/vbhn-vpqh#201,01/vbhn-vpqh#320,1.0,1.0,multi_hop
q-38,Hành vi phá thai trái phép khiến 3 người trở lên tử vong sẽ bị phạt tù trong khoảng thời gian bao lâu?,01/vbhn-vpqh#316|01/vbhn-vpqh#143|01/vbhn-vpqh#144|01/vbhn-vpqh#70|01/vbhn-vpqh#256,01/vbhn-vpqh#316,1.0,1.0,clean_factoid
q-39,Trồng từ 500 đến dưới 3.000 cây thuốc phiện thì người vi phạm có thể bị đi tù bao nhiêu năm?,01/vbhn-vpqh#247|01/vbhn-vpqh#252|01/vbhn-vpqh#250|01/vbhn-vpqh#249|01/vbhn-vpqh#251,01/vbhn-vpqh#247,1.0,1.0,clean_factoid
q-40,Mức án tù cho hành vi trồng số lượng cây thuốc phiện từ 3.000 cây trở lên là bao nhiêu?,01/vbhn-vpqh#247|01/vbhn-vpqh#250|01/vbhn-vpqh#249|01/vbhn-vpqh#252|01/vbhn-vpqh#251,01/vbhn-vpqh#247,1.0,1.0,clean_factoid
q-41,Nếu việc trồng cây cần sa được tổ chức thực hiện thì mức án tù quy định là bao nhiêu?,01/vbhn-vpqh#247|31/2024/qh15#103|52/2014/qh13#62|31/2024/qh15#176|91/2015/qh13#176,01/vbhn-vpqh#247,1.0,1.0,clean_factoid
q-42,"Ngoài án tù, người trồng các loại cây chứa chất ma túy có thể bị phạt tiền từ bao nhiêu?",01/vbhn-vpqh#247|01/vbhn-vpqh#259|01/vbhn-vpqh#251|01/vbhn-vpqh#236|01/vbhn-vpqh#250,01/vbhn-vpqh#247,1.0,1.0,clean_factoid
q-43,Hành vi có dấu hiệu tội phạm nhưng tính chất nguy hiểm rất thấp thì có được coi là phạm tội không?,01/vbhn-vpqh#9|01/vbhn-vpqh#8|01/vbhn-vpqh#35|01/vbhn-vpqh#77|01/vbhn-vpqh#52,01/vbhn-vpqh#8,1.0,0.5,clean_factoid
q-44,Văn bản pháp luật nào định nghĩa về hành vi nguy hiểm cho xã hội bị coi là tội phạm?,01/vbhn-vpqh#8|01/vbhn-vpqh#9|01/vbhn-vpqh#53|01/vbhn-vpqh#85|01/vbhn-vpqh#29,01/vbhn-vpqh#8,1.0,1.0,clean_factoid
q-45,"Dựa trên mức độ nguy hiểm, pháp luật hình sự hiện hành chia tội phạm thành bao nhiêu nhóm?",01/vbhn-vpqh#9|01/vbhn-vpqh#22|01/vbhn-vpqh#8|01/vbhn-vpqh#29|01/vbhn-vpqh#236,01/vbhn-vpqh#9,1.0,1.0,multi_hop
q-46,"Với tội danh được xếp vào nhóm ít nghiêm trọng, khung hình phạt cao nhất là bao nhiêu năm tù?",01/vbhn-vpqh#9|01/vbhn-vpqh#27|01/vbhn-vpqh#102|01/vbhn-vpqh#57|01/vbhn-vpqh#101,01/vbhn-vpqh#9,1.0,1.0,clean_factoid
q-47,Độ tuổi từ 14 đến 16 sẽ phải chịu án hình sự đối với các tội rất nghiêm trọng hoặc đặc biệt nghiêm trọng nào?,01/vbhn-vpqh#107|73/vbhn-vpqh#92|01/vbhn-vpqh#91|01/vbhn-vpqh#100|01/vbhn-vpqh#94,01/vbhn-vpqh#12,0.0,0,clean_factoid
q-48,"Nếu say rượu hoặc dùng chất kích thích dẫn đến mất kiểm soát hành vi rồi phạm tội, người đó có được miễn trách nhiệm pháp lý không?",01/vbhn-vpqh#13|91/2015/qh13#596|01/vbhn-vpqh#29|01/vbhn-vpqh#263|01/vbhn-vpqh#270,01/vbhn-vpqh#13,1.0,1.0,multi_hop
q-49,Pháp luật quy định danh sách các tội danh nào mà hành vi chuẩn bị thực hiện đã bị coi là phạm tội?,01/vbhn-vpqh#57|01/vbhn-vpqh#115|01/vbhn-vpqh#51|01/vbhn-vpqh#102|01/vbhn-vpqh#116,01/vbhn-vpqh#14,0.0,0,clean_factoid
q-50,Thiếu niên từ đủ 14 đến dưới 16 tuổi phải chịu trách nhiệm hình sự khi chuẩn bị thực hiện các tội danh nào?,01/vbhn-vpqh#102|73/vbhn-vpqh#92|73/vbhn-vpqh#90|01/vbhn-vpqh#90|01/vbhn-vpqh#94,01/vbhn-vpqh#14,0.0,0,clean_factoid
q-51,Hành vi phạm tội không thành công có bị xử lý hình sự hay không?,73/vbhn-vpqh#117|01/vbhn-vpqh#8|01/vbhn-vpqh#7|01/vbhn-vpqh#6|01/vbhn-vpqh#18,01/vbhn-vpqh#15,0.0,0,clean_factoid
q-52,Thế nào được hiểu là hành vi phạm tội chưa đạt?,01/vbhn-vpqh#57|01/vbhn-vpqh#15|01/vbhn-vpqh#102|91/2015/qh13#499|91/2015/qh13#121,01/vbhn-vpqh#15,1.0,0.5,clean_factoid
q-53,Định nghĩa về việc tự nguyện dừng lại khi đang thực hiện tội phạm là gì?,01/vbhn-vpqh#16|01/vbhn-vpqh#40|01/vbhn-vpqh#19|91/2015/qh13#131|01/vbhn-vpqh#67,01/vbhn-vpqh#16,1.0,1.0,clean_factoid
q-54,Khi tự ý dừng phạm tội thì người vi phạm có được miễn trừ trách nhiệm với tội danh dự định ban đầu không?,01/vbhn-vpqh#16|91/2015/qh13#358|01/vbhn-vpqh#5|91/2015/qh13#564|91/2015/qh13#153,01/vbhn-vpqh#16,1.0,1.0,clean_factoid
q-55,Thế nào được gọi là phạm tội có tổ chức?,91/2015/qh13#335|91/2015/qh13#78|91/2015/qh13#135|91/2015/qh13#274|91/2015/qh13#328,01/vbhn-vpqh#17,0.0,0,clean_factoid
q-56,Ai được coi là người thực hành trong một vụ án?,73/vbhn-vpqh#63|01/vbhn-vpqh#84|73/vbhn-vpqh#62|91/2015/qh13#156|01/vbhn-vpqh#375,01/vbhn-vpqh#17,0.0,0,clean_factoid
q-57,Vai trò của người tổ chức trong đồng phạm được xác định như thế nào?,01/vbhn-vpqh#54|01/vbhn-vpqh#93|01/vbhn-vpqh#58|45/2019/qh14#100|01/vbhn-vpqh#17,01/vbhn-vpqh#17,1.0,0.2,clean_factoid
q-58,Những nhóm đối tượng nào được xếp vào thành phần đồng phạm?,01/vbhn-vpqh#58|01/vbhn-vpqh#17|01/vbhn-vpqh#3|73/vbhn-vpqh#132|59/2020/qh14#194,01/vbhn-vpqh#17,1.0,0.5,clean_factoid
q-59,Người xúi giục trong vụ án hình sự được hiểu là ai?,73/vbhn-vpqh#62|73/vbhn-vpqh#63|01/vbhn-vpqh#384|73/vbhn-vpqh#115|01/vbhn-vpqh#84,01/vbhn-vpqh#17,0.0,0,clean_factoid
q-60,Ai được xem là người giúp sức khi thực hiện tội phạm?,01/vbhn-vpqh#17|73/vbhn-vpqh#142|91/2015/qh13#228|91/2015/qh13#416|01/vbhn-vpqh#54,01/vbhn-vpqh#17,1.0,1.0,clean_factoid
q-61,Người đồng phạm có phải chịu trách nhiệm về những hành vi vượt quá dự định của người trực tiếp thực hiện không?,01/vbhn-vpqh#17|01/vbhn-vpqh#22|91/2015/qh13#143|91/2015/qh13#591|01/vbhn-vpqh#24,01/vbhn-vpqh#17,1.0,1.0,clean_factoid
q-62,Nếu gây hậu quả nguy hiểm do sự kiện bất ngờ thì có bị truy cứu trách nhiệm hình sự không?,01/vbhn-vpqh#20|01/vbhn-vpqh#369|01/vbhn-vpqh#27|73/vbhn-vpqh#11|45/2019/qh14#217,01/vbhn-vpqh#20,1.0,1.0,conditional
q-63,Người mắc bệnh tâm thần gây ra hành vi nguy hiểm thì có phải chịu trách nhiệm hình sự không?,01/vbhn-vpqh#21|01/vbhn-vpqh#49|91/2015/qh13#22|01/vbhn-vpqh#29|52/2014/qh13#51,01/vbhn-vpqh#21,1.0,1.0,multi_hop
q-64,Hành động phòng vệ chính đáng có bị coi là vi phạm pháp luật hình sự không?,01/vbhn-vpqh#22|91/2015/qh13#594|01/vbhn-vpqh#51|01/vbhn-vpqh#126|01/vbhn-vpqh#52,01/vbhn-vpqh#22,1.0,1.0,clean_factoid
q-65,Hậu quả pháp lý đối với người chống trả quá mức cần thiết khi phòng vệ là gì?,01/vbhn-vpqh#22|01/vbhn-vpqh#126|01/vbhn-vpqh#136|91/2015/qh13#594|01/vbhn-vpqh#51,01/vbhn-vpqh#22,1.0,1.0,clean_factoid
q-66,Thế nào là hành vi phản kháng không đúng mức khi gặp nguy hiểm?,91/2015/qh13#573|01/vbhn-vpqh#10|01/vbhn-vpqh#21|01/vbhn-vpqh#22|01/vbhn-vpqh#8,01/vbhn-vpqh#22,1.0,0.25,clean_factoid
q-67,Khái niệm tình huống khẩn cấp được hiểu ra sao?,91/2015/qh13#404|91/2015/qh13#251|91/2015/qh13#647|91/2015/qh13#121|59/2020/qh14#119,01/vbhn-vpqh#23,0.0,0,clean_factoid
q-68,Liệu việc gây tổn thất trong lúc khẩn cấp có bị xem là phạm tội?,01/vbhn-vpqh#415|01/vbhn-vpqh#394|73/vbhn-vpqh#142|01/vbhn-vpqh#408|01/vbhn-vpqh#395,01/vbhn-vpqh#23,0.0,0,clean_factoid
q-69,Khi nào người tạo ra thiệt hại trong tình thế cấp bách phải chịu trách nhiệm trước pháp luật?,01/vbhn-vpqh#23|91/2015/qh13#171|91/2015/qh13#595|91/2015/qh13#548|01/vbhn-vpqh#26,01/vbhn-vpqh#23,1.0,1.0,conditional
q-70,Khoảng thời gian tối đa để xử lý hình sự đối với tội phạm được quy định thế nào?,01/vbhn-vpqh#8|01/vbhn-vpqh#7|01/vbhn-vpqh#27|01/vbhn-vpqh#18|73/vbhn-vpqh#116,01/vbhn-vpqh#27,1.0,0.3333333333333333,clean_factoid
q-71,"Với nhóm tội ít nguy hiểm, thời hạn truy cứu trách nhiệm kéo dài bao lâu?",01/vbhn-vpqh#27|01/vbhn-vpqh#369|01/vbhn-vpqh#368|01/vbhn-vpqh#91|01/vbhn-vpqh#28,01/vbhn-vpqh#27,1.0,1.0,clean_factoid
q-72,Tội phạm mức nghiêm trọng có thời hiệu xử lý hình sự là bao nhiêu năm?,01/vbhn-vpqh#27|01/vbhn-vpqh#369|01/vbhn-vpqh#9|01/vbhn-vpqh#368|73/vbhn-vpqh#116,01/vbhn-vpqh#27,1.0,1.0,clean_factoid
q-73,Nếu tội phạm thuộc nhóm rất nghiêm trọng thì thời hạn truy cứu là mấy năm?,01/vbhn-vpqh#27|01/vbhn-vpqh#369|01/vbhn-vpqh#368|01/vbhn-vpqh#107|01/vbhn-vpqh#370,01/vbhn-vpqh#27,1.0,1.0,clean_factoid
q-74,Thời gian để truy cứu trách nhiệm cho tội đặc biệt nghiêm trọng là bao nhiêu?,01/vbhn-vpqh#369|01/vbhn-vpqh#368|01/vbhn-vpqh#27|01/vbhn-vpqh#67|01/vbhn-vpqh#19,01/vbhn-vpqh#27,1.0,0.3333333333333333,clean_factoid
q-75,"Theo Bộ luật Hình sự 2017, hình phạt là gì?",01/vbhn-vpqh#7|01/vbhn-vpqh#1|01/vbhn-vpqh#16|73/vbhn-vpqh#117|01/vbhn-vpqh#66,01/vbhn-vpqh#30,0.0,0,clean_factoid
q-76,"Theo Bộ luật Hình sự 2017, mục đích của hình phạt là gì?",01/vbhn-vpqh#1|01/vbhn-vpqh#7|01/vbhn-vpqh#16|73/vbhn-vpqh#117|01/vbhn-vpqh#65,01/vbhn-vpqh#31,0.0,0,clean_factoid
q-77,"Mỗi vụ án, người phạm tội nhận được bao nhiêu hình phạt chính?",01/vbhn-vpqh#54|01/vbhn-vpqh#70|01/vbhn-vpqh#32|73/vbhn-vpqh#63|01/vbhn-vpqh#40,01/vbhn-vpqh#32,1.0,0.3333333333333333,clean_factoid
q-78,"Theo Bộ luật Hình sự năm 2017, cảnh cáo được áp dụng đối với người phạm tội như thế nào?",01/vbhn-vpqh#5|01/vbhn-vpqh#27|01/vbhn-vpqh#6|01/vbhn-vpqh#390|01/vbhn-vpqh#7,01/vbhn-vpqh#34,0.0,0,clean_factoid
q-79,"Theo Bộ luật Hình sự năm 2017, trục xuất là gì?",01/vbhn-vpqh#16|45/2019/qh14#34|01/vbhn-vpqh#6|91/2015/qh13#689|01/vbhn-vpqh#5,01/vbhn-vpqh#37,0.0,0,clean_factoid
q-80,"Nếu không chốt trước về chất lượng hàng hóa, thì căn cứ vào đâu để xác định?",73/vbhn-vpqh#36|91/2015/qh13#608|91/2015/qh13#432|52/2014/qh13#61|01/vbhn-vpqh#49,91/2015/qh13#432,1.0,0.3333333333333333,conditional
q-81,"Khi hai bên quên thỏa thuận giá cả, thì số tiền được tính toán thế nào?",45/2019/qh14#97|91/2015/qh13#230|45/2019/qh14#101|91/2015/qh13#307|45/2019/qh14#33,91/2015/qh13#433,0.0,0,conditional
q-82,"Nếu chưa thống nhất cách thức trả tiền, thì quy trình đó được quyết định ra sao?",45/2019/qh14#70|73/vbhn-vpqh#126|91/2015/qh13#499|31/2024/qh15#49|91/2015/qh13#482,91/2015/qh13#433,0.0,0,conditional
q-83,"Nếu thời điểm trả tiền không rõ ràng, người mua cần thực hiện nghĩa vụ khi nào?",91/2015/qh13#450|91/2015/qh13#440|91/2015/qh13#434|91/2015/qh13#452|91/2015/qh13#438,91/2015/qh13#434,1.0,0.3333333333333333,conditional
q-84,"Khi người bán giao thừa hàng so với hợp đồng, người mua có quyền xử lý thế nào?",59/2020/qh14#124|91/2015/qh13#444|45/2019/qh14#29|01/vbhn-vpqh#192|31/2024/qh15#46,91/2015/qh13#437,0.0,0,clean_factoid
q-85,"Nếu hàng hóa không trọn bộ, người mua đã thanh toán thì được hưởng quyền lợi gì?",45/2019/qh14#32|91/2015/qh13#321|59/2020/qh14#113|59/2020/qh14#51|45/2019/qh14#149,91/2015/qh13#438,0.0,0,conditional
q-86,"Trường hợp chỉ thỏa thuận ngày giao hàng, thời điểm trả tiền được tính theo cách nào?",45/2019/qh14#97|31/2024/qh15#257|91/2015/qh13#440|73/vbhn-vpqh#8|31/2024/qh15#155,91/2015/qh13#440,1.0,0.3333333333333333,conditional
q-87,"Nếu không có thỏa thuận cụ thể về giao hàng và trả tiền, người mua phải làm gì?",91/2015/qh13#440|91/2015/qh13#438|91/2015/qh13#450|91/2015/qh13#437|45/2019/qh14#97,91/2015/qh13#440,1.0,1.0,conditional
q-88,"Với tài sản phải làm thủ tục sang tên, bên mua chịu rủi ro kể từ lúc nào?",91/2015/qh13#441|91/2015/qh13#454|91/2015/qh13#453|91/2015/qh13#452|91/2015/qh13#333,91/2015/qh13#441,1.0,1.0,clean_factoid
q-89,Người bán chịu trách nhiệm rủi ro đến khi nào đối với các tài sản cần đăng ký sở hữu?,91/2015/qh13#441|91/2015/qh13#548|59/2020/qh14#31|59/2020/qh14#4|59/2020/qh14#75,91/2015/qh13#441,1.0,1.0,conditional
q-90,"Nếu không có thỏa thuận cụ thể, ai sẽ chịu các khoản phí vận chuyển và thủ tục sang tên tài sản?",91/2015/qh13#442|91/2015/qh13#525|91/2015/qh13#532|91/2015/qh13#541|73/vbhn-vpqh#82,91/2015/qh13#442,1.0,1.0,multi_hop
q-91,Tôi phải làm gì nếu món hàng mình vừa mua bị người khác tuyên bố là của họ?,91/2015/qh13#416|91/2015/qh13#24|01/vbhn-vpqh#16|91/2015/qh13#125|59/2020/qh14#124,91/2015/qh13#444,0.0,0,conditional
q-92,"Nếu hàng bị lỗi kỹ thuật mà cửa hàng không sửa được trong thời gian bảo hành, tôi có thể đòi quyền lợi gì?",91/2015/qh13#449|91/2015/qh13#133|91/2015/qh13#447|52/2014/qh13#117|91/2015/qh13#446,91/2015/qh13#448,0.0,0,conditional
q-93,"Trong lúc bảo hành, tình huống nào khiến người bán không phải đền bù thiệt hại cho tôi?",91/2015/qh13#449|91/2015/qh13#447|91/2015/qh13#446|59/2020/qh14#196|91/2015/qh13#167,91/2015/qh13#449,1.0,1.0,conditional
q-94,"Khi mua bán các loại quyền tài sản, khi nào thì tôi chính thức trở thành chủ sở hữu?",59/2020/qh14#105|91/2015/qh13#188|91/2015/qh13#238|91/2015/qh13#218|91/2015/qh13#227,91/2015/qh13#450,0.0,0,conditional
q-95,"Trong thời gian tôi đang dùng thử sản phẩm, món đồ đó thực tế thuộc quyền sở hữu của ai?",91/2015/qh13#452|91/2015/qh13#228|91/2015/qh13#548|45/2019/qh14#24|91/2015/qh13#171,91/2015/qh13#452,1.0,1.0,clean_factoid
q-96,Hiểu thế nào cho đúng về một hợp đồng trao đổi tài sản?,91/2015/qh13#455|91/2015/qh13#223|91/2015/qh13#404|91/2015/qh13#321|91/2015/qh13#238,91/2015/qh13#455,1.0,1.0,clean_factoid
q-97,"Với nhà đất không cần đăng ký sở hữu, hợp đồng tặng cho sẽ có hiệu lực kể từ lúc nào?",91/2015/qh13#459|91/2015/qh13#458|31/2024/qh15#148|91/2015/qh13#569|59/2020/qh14#30,91/2015/qh13#459,1.0,1.0,conditional
q-98,"Nếu tôi không thể trả lại vật đúng loại, số lượng hay chất lượng như đã vay thì phải xử lý ra sao?",91/2015/qh13#466|91/2015/qh13#279|91/2015/qh13#463|91/2015/qh13#465|91/2015/qh13#448,91/2015/qh13#466,1.0,1.0,conditional
q-99,"Nếu hợp đồng thuê không ghi rõ thời hạn thanh toán, khi nào tôi bắt buộc phải trả tiền thuê?",91/2015/qh13#481|91/2015/qh13#488|91/2015/qh13#482|45/2019/qh14#56|91/2015/qh13#329,91/2015/qh13#481,1.0,1.0,conditional
q-100,"Nếu tôi trả lại đồ thuê chậm trễ, người cho thuê có quyền yêu cầu tôi làm gì?",45/2019/qh14#56|91/2015/qh13#482|45/2019/qh14#58|31/2024/qh15#43|91/2015/qh13#481,91/2015/qh13#482,1.0,0.5,conditional
q-101,Những gì được tính là tài sản chung trong một nhóm hợp tác?,91/2015/qh13#510|91/2015/qh13#512|91/2015/qh13#506|91/2015/qh13#509|52/2014/qh13#39,91/2015/qh13#506,1.0,0.3333333333333333,clean_factoid
q-102,"Nếu muốn rút khỏi nhóm hợp tác, tôi được nhận lại những gì?",91/2015/qh13#510|91/2015/qh13#505|59/2020/qh14#185|91/2015/qh13#397|91/2015/qh13#389,91/2015/qh13#510,1.0,1.0,clean_factoid
q-103,"Nếu dịch vụ tôi thuê không đúng cam kết hoặc bị trễ, tôi có quyền đòi giảm giá không?",91/2015/qh13#476|91/2015/qh13#499|91/2015/qh13#477|91/2015/qh13#517|91/2015/qh13#519,91/2015/qh13#519,1.0,0.2,clean_factoid
q-104,"Nếu khách hàng vi phạm nghiêm trọng hợp đồng, bên cung cấp dịch vụ có quyền đơn phương hủy bỏ không?",91/2015/qh13#520|91/2015/qh13#423|91/2015/qh13#516|91/2015/qh13#476|91/2015/qh13#427,91/2015/qh13#520,1.0,1.0,conditional
q-105,"Nếu tôi giao hàng cho đơn vị vận chuyển muộn hơn dự kiến, tôi phải chịu những khoản phí nào?",91/2015/qh13#532|31/2024/qh15#48|91/2015/qh13#541|91/2015/qh13#606|01/vbhn-vpqh#76,91/2015/qh13#532,1.0,1.0,conditional
q-106,"Nếu bên gia công giao hàng chậm mà sản phẩm gặp rủi ro, họ có phải bồi thường không?",91/2015/qh13#548|91/2015/qh13#550|91/2015/qh13#545|91/2015/qh13#546|91/2015/qh13#552,91/2015/qh13#548,1.0,1.0,clean_factoid
q-107,"Nếu lúc thuê gia công quên thỏa thuận mức giá, tôi sẽ phải trả tiền công dựa trên cơ sở nào?",91/2015/qh13#552|91/2015/qh13#542|45/2019/qh14#91|91/2015/qh13#544|91/2015/qh13#230,91/2015/qh13#552,1.0,1.0,clean_factoid
q-108,"Nếu nhiều người cùng hợp sức làm một việc có treo thưởng, tiền thưởng sẽ được chia như thế nào?",91/2015/qh13#572|45/2019/qh14#104|59/2020/qh14#163|91/2015/qh13#570|59/2020/qh14#117,91/2015/qh13#572,1.0,1.0,conditional
q-109,Người chiếm hữu tài sản trái phép mà không ngay tình có nghĩa vụ gì đối với lợi nhuận thu được?,91/2015/qh13#581|91/2015/qh13#184|91/2015/qh13#167|52/2014/qh13#32|91/2015/qh13#583,91/2015/qh13#581,1.0,1.0,multi_hop
q-110,Tôi có bao nhiêu thời gian để kiện đòi bồi thường thiệt hại?,91/2015/qh13#499|91/2015/qh13#332|91/2015/qh13#469|91/2015/qh13#603|59/2020/qh14#211,91/2015/qh13#588,0.0,0,clean_factoid
q-111,Nếu tôi tự vệ chính đáng thì có phải đền bù cho đối phương không?,91/2015/qh13#167|91/2015/qh13#580|52/2014/qh13#55|91/2015/qh13#582|91/2015/qh13#254,91/2015/qh13#594,0.0,0,clean_factoid
q-112,"Nếu nạn nhân bị mất hoàn toàn khả năng làm việc, bên gây thiệt hại phải chi trả tiền bồi thường đến khi nào?",91/2015/qh13#593|91/2015/qh13#528|91/2015/qh13#584|91/2015/qh13#585|91/2015/qh13#596,91/2015/qh13#593,1.0,1.0,clean_factoid
q-113,Ai sẽ đứng ra trông coi di sản nếu di chúc không ghi rõ người quản lý?,91/2015/qh13#646|91/2015/qh13#659|91/2015/qh13#616|91/2015/qh13#645|91/2015/qh13#657,91/2015/qh13#616,1.0,0.3333333333333333,clean_factoid
q-114,Khi nào thì người thừa kế được quyền từ chối nhận tài sản để lại?,91/2015/qh13#622|91/2015/qh13#620|91/2015/qh13#647|91/2015/qh13#615|91/2015/qh13#660,91/2015/qh13#620,1.0,0.5,conditional
q-115,Nếu muốn kiện để đòi chia di sản là nhà đất thì phải làm trong bao lâu?,91/2015/qh13#642|91/2015/qh13#615|91/2015/qh13#660|91/2015/qh13#645|91/2015/qh13#659,91/2015/qh13#623,0.0,0,clean_factoid
q-116,Người không biết chữ cần làm gì để di chúc của họ có giá trị pháp lý?,91/2015/qh13#630|91/2015/qh13#26|91/2015/qh13#621|91/2015/qh13#631|91/2015/qh13#659,91/2015/qh13#630,1.0,1.0,clean_factoid
q-117,Việt kiều muốn di chúc có giá trị như công chứng thì phải làm sao?,91/2015/qh13#638|91/2015/qh13#647|91/2015/qh13#641|91/2015/qh13#635|91/2015/qh13#636,91/2015/qh13#638,1.0,1.0,conditional
q-118,Nếu di chúc bổ sung trái ngược với di chúc cũ thì văn bản nào được áp dụng?,91/2015/qh13#642|91/2015/qh13#640|91/2015/qh13#647|91/2015/qh13#627|91/2015/qh13#630,91/2015/qh13#640,1.0,0.5,clean_factoid
q-119,Đã chia xong tài sản rồi mới tìm thấy di chúc thì xử lý ra sao?,91/2015/qh13#642|91/2015/qh13#229|91/2015/qh13#647|91/2015/qh13#661|91/2015/qh13#640,91/2015/qh13#642,1.0,1.0,clean_factoid
q-120,Khi nào di chúc bắt đầu có hiệu lực thực tế?,91/2015/qh13#643|91/2015/qh13#640|91/2015/qh13#648|91/2015/qh13#650|91/2015/qh13#153,91/2015/qh13#643,1.0,1.0,conditional
q-121,Có được lấy một phần di sản ra để phục vụ cho việc thờ cúng hay không?,91/2015/qh13#645|91/2015/qh13#660|91/2015/qh13#626|91/2015/qh13#646|91/2015/qh13#621,91/2015/qh13#645,1.0,1.0,clean_factoid
q-122,Ai có trách nhiệm thông báo nội dung di chúc cho mọi người biết?,91/2015/qh13#632|91/2015/qh13#656|91/2015/qh13#228|91/2015/qh13#648|91/2015/qh13#630,91/2015/qh13#647,0.0,0,conditional
q-123,Di chúc không ghi cụ thể phần tài sản của từng người thì chia như thế nào?,91/2015/qh13#659|91/2015/qh13#645|91/2015/qh13#615|91/2015/qh13#646|91/2015/qh13#642,91/2015/qh13#659,1.0,1.0,clean_factoid
q-124,Chủ doanh nghiệp cần quản lý thông tin gì về nhân viên nếu thuê qua trung gian?,59/2020/qh14#26|45/2019/qh14#25|91/2015/qh13#255|45/2019/qh14#100|59/2020/qh14#191,45/2019/qh14#100,1.0,0.25,multi_hop
q-125,Nếu người môi giới không trả lương cho công nhân thì chủ chính có phải chịu trách nhiệm không?,45/2019/qh14#100|45/2019/qh14#99|45/2019/qh14#97|91/2015/qh13#229|91/2015/qh13#230,45/2019/qh14#100,1.0,1.0,negative
q-126,Điều kiện nào để nhân viên được tạm ứng lương mà không bị tính lãi?,45/2019/qh14#101|45/2019/qh14#97|45/2019/qh14#113|45/2019/qh14#128|91/2015/qh13#293,45/2019/qh14#101,1.0,1.0,conditional
q-127,Mức tạm ứng lương cao nhất mà người lao động được nhận là bao nhiêu?,45/2019/qh14#91|01/vbhn-vpqh#101|45/2019/qh14#93|45/2019/qh14#97|01/vbhn-vpqh#102,45/2019/qh14#101,0.0,0,clean_factoid
q-128,Trường hợp nào người làm công không được phép tạm ứng tiền lương?,45/2019/qh14#101|45/2019/qh14#128|91/2015/qh13#600|45/2019/qh14#97|45/2019/qh14#129,45/2019/qh14#101,1.0,1.0,conditional
q-129,Sếp chỉ được trừ lương của nhân viên trong những tình huống nào?,45/2019/qh14#99|45/2019/qh14#29|45/2019/qh14#100|45/2019/qh14#178|45/2019/qh14#207,45/2019/qh14#102,0.0,0,conditional
q-130,Mức khấu trừ tối đa là bao nhiêu?,45/2019/qh14#102|73/vbhn-vpqh#23|73/vbhn-vpqh#41|73/vbhn-vpqh#40|01/vbhn-vpqh#38,45/2019/qh14#102,1.0,1.0,clean_factoid
q-131,Các vấn đề về tăng lương hay phụ cấp được ghi nhận ở tài liệu nào?,45/2019/qh14#103|45/2019/qh14#90|59/2020/qh14#98|45/2019/qh14#178|45/2019/qh14#219,45/2019/qh14#103,1.0,1.0,clean_factoid
q-132,Thưởng cho người lao động dựa vào điệu kiện gì?,45/2019/qh14#104|91/2015/qh13#572|59/2020/qh14#84|91/2015/qh13#570|59/2020/qh14#163,45/2019/qh14#104,1.0,1.0,clean_factoid
q-133,"Theo luật, một ngày làm việc bình thường kéo dài tối đa bao nhiêu tiếng?",45/2019/qh14#105|45/2019/qh14#98|45/2019/qh14#113|45/2019/qh14#93|45/2019/qh14#32,45/2019/qh14#105,1.0,1.0,clean_factoid
q-134,Giới hạn thời gian làm thêm trong ngày không được vượt quá bao nhiêu phần trăm thời giờ làm việc thông thường?,45/2019/qh14#146|45/2019/qh14#105|45/2019/qh14#107|91/2015/qh13#594|01/vbhn-vpqh#126,45/2019/qh14#107,1.0,0.3333333333333333,clean_factoid
q-135,"Trừ một số trường hợp đặc biệt, số giờ làm thêm tối đa trong năm là bao nhiêu?",45/2019/qh14#107|45/2019/qh14#108|45/2019/qh14#146|45/2019/qh14#160|45/2019/qh14#169,45/2019/qh14#107,1.0,1.0,conditional
q-136,"Khi tổ chức tăng ca theo khoản 3 Điều 107, chủ doanh nghiệp phải thực hiện nghĩa vụ gì với cơ quan chức năng?",59/2020/qh14#87|59/2020/qh14#189|59/2020/qh14#68|59/2020/qh14#190|59/2020/qh14#192,45/2019/qh14#107,0.0,0,clean_factoid
q-137,"Nếu làm việc từ 6 giờ trở lên trong ngày, nhân viên được nghỉ giữa ca tối thiểu bao lâu?",45/2019/qh14#109|45/2019/qh14#110|45/2019/qh14#67|45/2019/qh14#111|45/2019/qh14#113,45/2019/qh14#109,1.0,1.0,clean_factoid
q-138,Thời gian nghỉ giữa ca của nhân viên làm việc theo ca liên tục từ 6 giờ trở lên có được tính vào giờ làm việc không?,45/2019/qh14#109|45/2019/qh14#110|45/2019/qh14#98|45/2019/qh14#67|45/2019/qh14#111,45/2019/qh14#109,1.0,1.0,conditional
q-139,"Nếu chu kỳ công việc khiến nhân viên không thể nghỉ hàng tuần, doanh nghiệp cần đảm bảo mức nghỉ tối thiểu thế nào?",45/2019/qh14#111|45/2019/qh14#98|91/2015/qh13#148|45/2019/qh14#140|45/2019/qh14#113,45/2019/qh14#111,1.0,1.0,conditional
q-140,"Khi ngày nghỉ hàng tuần rơi đúng vào dịp lễ tết, người lao động có được nghỉ bù không?",45/2019/qh14#111|45/2019/qh14#98|45/2019/qh14#112|91/2015/qh13#148|45/2019/qh14#101,45/2019/qh14#111,1.0,1.0,conditional
q-141,Người làm việc trong điều kiện bình thường được hưởng bao nhiêu ngày nghỉ phép năm?,45/2019/qh14#98|45/2019/qh14#113|45/2019/qh14#169|45/2019/qh14#32|45/2019/qh14#70,45/2019/qh14#113,1.0,0.5,clean_factoid
q-142,Số ngày nghỉ phép năm dành cho người làm công việc độc hại là bao nhiêu?,45/2019/qh14#113|45/2019/qh14#137|45/2019/qh14#160|45/2019/qh14#169|45/2019/qh14#107,45/2019/qh14#113,1.0,1.0,clean_factoid
q-143,"Nếu chưa làm đủ 12 tháng, số ngày nghỉ phép năm của nhân viên được tính như thế nào?",45/2019/qh14#113|31/2024/qh15#57|31/2024/qh15#257|91/2015/qh13#146|59/2020/qh14#113,45/2019/qh14#113,1.0,1.0,clean_factoid
q-144,Người lao động có thể thỏa thuận với sếp về việc chia nhỏ hoặc gộp ngày nghỉ phép năm như thế nào?,45/2019/qh14#113|45/2019/qh14#97|59/2020/qh14#198|45/2019/qh14#99|91/2015/qh13#219,45/2019/qh14#113,1.0,1.0,clean_factoid
q-145,"Khi tổ chức đám cưới, nhân viên được nghỉ hưởng nguyên lương trong mấy ngày?",45/2019/qh14#115|45/2019/qh14#113|45/2019/qh14#112|45/2019/qh14#98|45/2019/qh14#139,45/2019/qh14#115,1.0,1.0,clean_factoid
q-146,"Trường hợp anh chị em ruột qua đời, người lao động được nghỉ không hưởng lương mấy ngày?",45/2019/qh14#115|45/2019/qh14#98|45/2019/qh14#139|45/2019/qh14#113|45/2019/qh14#97,45/2019/qh14#115,1.0,1.0,conditional
q-147,Công ty có bao nhiêu nhân viên trở lên thì phải thực hiện đăng ký nội quy lao động?,45/2019/qh14#119|45/2019/qh14#121|45/2019/qh14#120|45/2019/qh14#118|45/2019/qh14#109,45/2019/qh14#119,1.0,1.0,clean_factoid
q-148,"Nếu hồ sơ đăng ký nội quy có điểm trái luật, cơ quan quản lý sẽ xử lý ra sao trong vòng 7 ngày?",45/2019/qh14#119|45/2019/qh14#121|59/2020/qh14#30|45/2019/qh14#193|59/2020/qh14#216,45/2019/qh14#119,1.0,1.0,clean_factoid
q-149,Sau bao lâu thì nội quy lao động bắt đầu có hiệu lực kể từ khi cơ quan chức năng nhận được hồ sơ?,45/2019/qh14#121|45/2019/qh14#119|45/2019/qh14#70|59/2020/qh14#30|45/2019/qh14#193,45/2019/qh14#121,1.0,1.0,clean_factoid
q-150,"Khi xử lý kỷ luật lao động đối với người dưới 15 tuổi, cần phải có sự tham gia của ai?",45/2019/qh14#122|01/vbhn-vpqh#96|01/vbhn-vpqh#93|45/2019/qh14#145|45/2019/qh14#18,45/2019/qh14#122,1.0,1.0,clean_factoid
q-151,Người lao động mắc bệnh gì thì không được xem xét xử lý kỷ luật?,45/2019/qh14#122|45/2019/qh14#125|45/2019/qh14#128|45/2019/qh14#126|45/2019/qh14#123,45/2019/qh14#122,1.0,1.0,negative
q-152,"Nếu nhân viên làm sai quy định gây thiệt hại tài chính cho công ty, thời hạn để xử lý kỷ luật là bao lâu?",01/vbhn-vpqh#278|45/2019/qh14#123|01/vbhn-vpqh#221|45/2019/qh14#125|45/2019/qh14#217,45/2019/qh14#123,1.0,0.5,conditional
q-153,Nghỉ việc không phép bao nhiêu ngày trong vòng một tháng hoặc một năm thì có thể bị cho thôi việc?,01/vbhn-vpqh#162|45/2019/qh14#113|01/vbhn-vpqh#366|45/2019/qh14#41|01/vbhn-vpqh#137,45/2019/qh14#125,0.0,0,conditional
q-154,"Trong lúc bị tạm dừng công việc để xác minh vụ việc, người lao động được tạm ứng bao nhiêu phần trăm lương?",45/2019/qh14#128|45/2019/qh14#97|73/vbhn-vpqh#125|45/2019/qh14#113|45/2019/qh14#101,45/2019/qh14#128,1.0,1.0,clean_factoid
q-155,"Nếu lỡ tay làm hỏng đồ đạc gây thiệt hại dưới 10 tháng lương tối thiểu vùng, tôi phải đền bù tối đa là bao nhiêu?",45/2019/qh14#129|45/2019/qh14#91|45/2019/qh14#97|01/vbhn-vpqh#268|45/2019/qh14#99,45/2019/qh14#129,1.0,1.0,conditional
q-156,Trong tình huống nào thì người làm thuê không phải chịu trách nhiệm đền bù tài sản bị hư hại?,59/2020/qh14#196|91/2015/qh13#642|45/2019/qh14#100|91/2015/qh13#167|91/2015/qh13#580,45/2019/qh14#129,0.0,0,conditional
q-157,Công ty có nghĩa vụ gì để đảm bảo điều kiện làm việc cho nhân viên nữ?,45/2019/qh14#135|59/2020/qh14#171|45/2019/qh14#169|45/2019/qh14#25|45/2019/qh14#139,45/2019/qh14#136,0.0,0,clean_factoid
q-158,"Từ tháng thứ mấy của thai kỳ thì nhân viên không được yêu cầu làm đêm, làm thêm hoặc đi công tác xa?",45/2019/qh14#137|45/2019/qh14#113|45/2019/qh14#139|45/2019/qh14#107|52/2014/qh13#98,45/2019/qh14#137,1.0,1.0,conditional
q-159,Công ty phải xử lý thế nào nếu nhân viên đang mang thai phải làm công việc độc hại hoặc nguy hiểm?,45/2019/qh14#137|52/2014/qh13#98|01/vbhn-vpqh#187|52/2014/qh13#95|45/2019/qh14#149,45/2019/qh14#137,1.0,1.0,clean_factoid
q-160,"Nếu hợp đồng lao động hết hạn đúng lúc nữ nhân viên đang bầu bí hoặc nuôi con nhỏ, công ty phải ưu tiên thực hiện điều gì?",45/2019/qh14#137|45/2019/qh14#37|45/2019/qh14#139|73/vbhn-vpqh#94|45/2019/qh14#20,45/2019/qh14#137,1.0,1.0,conditional
q-161,Khi nào thì lao động nữ mang thai có quyền xin nghỉ hoặc chấm dứt hợp đồng sớm?,45/2019/qh14#138|45/2019/qh14#137|45/2019/qh14#139|45/2019/qh14#37|45/2019/qh14#35,45/2019/qh14#138,1.0,1.0,conditional
q-162,"Nếu bác sĩ yêu cầu tạm nghỉ, thời gian hoãn hợp đồng của lao động nữ được tính như thế nào?",45/2019/qh14#138|45/2019/qh14#139|45/2019/qh14#30|45/2019/qh14#137|45/2019/qh14#113,45/2019/qh14#138,1.0,1.0,clean_factoid
q-163,"Muốn quay lại làm việc sớm hơn thời gian nghỉ sinh quy định, lao động nữ cần đáp ứng những điều kiện gì?",45/2019/qh14#139|45/2019/qh14#169|45/2019/qh14#137|45/2019/qh14#55|45/2019/qh14#138,45/2019/qh14#139,1.0,1.0,conditional
q-164,Hợp đồng hoặc các hành vi đơn phương dẫn đến việc thay đổi quyền và nghĩa vụ dân sự gọi là gì?,91/2015/qh13#116|91/2015/qh13#428|91/2015/qh13#427|91/2015/qh13#385|45/2019/qh14#34,91/2015/qh13#116,1.0,1.0,clean_factoid
q-165,Giao dịch thực hiện qua thông điệp dữ liệu điện tử được pháp luật công nhận là hình thức nào?,91/2015/qh13#119|45/2019/qh14#14|59/2020/qh14#26|31/2024/qh15#167|91/2015/qh13#38,91/2015/qh13#119,1.0,1.0,clean_factoid
q-166,Giao dịch dân sự sẽ không có giá trị pháp lý nếu thiếu các yếu tố nào?,91/2015/qh13#104|91/2015/qh13#131|91/2015/qh13#663|91/2015/qh13#114|91/2015/qh13#664,91/2015/qh13#122,0.0,0,conditional
q-167,Thời hạn để gửi đơn yêu cầu tòa án hủy một giao dịch dân sự bị vô hiệu là bao nhiêu năm?,91/2015/qh13#132|91/2015/qh13#126|91/2015/qh13#127|91/2015/qh13#128|91/2015/qh13#129,91/2015/qh13#132,1.0,1.0,multi_hop
q-168,Nếu quá thời hạn kiện mà không ai yêu cầu tuyên bố vô hiệu thì giao dịch dân sự sẽ ra sao?,91/2015/qh13#132|91/2015/qh13#128|91/2015/qh13#126|91/2015/qh13#129|91/2015/qh13#133,91/2015/qh13#132,1.0,1.0,conditional
q-169,Các loại giao dịch dân sự nào không bị giới hạn thời gian yêu cầu tòa án tuyên vô hiệu?,91/2015/qh13#132|91/2015/qh13#126|91/2015/qh13#129|01/vbhn-vpqh#86|91/2015/qh13#128,91/2015/qh13#132,1.0,1.0,clean_factoid
q-170,Việc một người đứng ra thay mặt và thực hiện giao dịch cho người khác được gọi là gì?,91/2015/qh13#134|91/2015/qh13#471|91/2015/qh13#416|59/2020/qh14#86|01/vbhn-vpqh#16,91/2015/qh13#134,1.0,1.0,multi_hop
q-171,Ai là người đại diện hợp pháp cho trẻ em chưa đủ tuổi trưởng thành?,91/2015/qh13#56|91/2015/qh13#21|91/2015/qh13#55|45/2019/qh14#18|73/vbhn-vpqh#90,91/2015/qh13#136,0.0,0,clean_factoid
q-172,Ai đứng ra đại diện pháp lý cho trẻ chưa đủ tuổi trưởng thành?,91/2015/qh13#21|45/2019/qh14#18|91/2015/qh13#56|45/2019/qh14#145|01/vbhn-vpqh#124,91/2015/qh13#136,0.0,0,clean_factoid
q-173,"Đối với người trưởng thành gặp vấn đề về nhận thức, ai là người đại diện trước pháp luật?",91/2015/qh13#156|91/2015/qh13#136|59/2020/qh14#12|91/2015/qh13#33|91/2015/qh13#228,91/2015/qh13#136,1.0,0.5,clean_factoid
q-174,"Nếu thời gian không tính liên tục, một năm theo quy định pháp luật tương ứng với bao nhiêu ngày?",45/2019/qh14#109|31/2024/qh15#81|91/2015/qh13#68|45/2019/qh14#113|45/2019/qh14#79,91/2015/qh13#146,0.0,0,clean_factoid
q-175,"Trong trường hợp thời gian không liền mạch, nửa năm được quy đổi thành mấy tháng?",91/2015/qh13#146|52/2014/qh13#117|91/2015/qh13#510|31/2024/qh15#137|45/2019/qh14#126,91/2015/qh13#146,1.0,1.0,clean_factoid
q-176,"Khi tính thời gian không liên tục, một tháng được tính bằng bao nhiêu ngày?",91/2015/qh13#147|91/2015/qh13#153|45/2019/qh14#109|91/2015/qh13#148|91/2015/qh13#68,91/2015/qh13#146,0.0,0,clean_factoid
q-177,Nửa tháng được tính là bao nhiêu ngày theo quy định về thời hạn?,91/2015/qh13#146|91/2015/qh13#68|45/2019/qh14#97|45/2019/qh14#46|73/vbhn-vpqh#8,91/2015/qh13#146,1.0,1.0,clean_factoid
q-178,Một tuần được quy đổi thành bao nhiêu ngày theo luật định?,45/2019/qh14#111|45/2019/qh14#97|45/2019/qh14#105|45/2019/qh14#98|45/2019/qh14#146,91/2015/qh13#146,0.0,0,clean_factoid
q-179,Một ngày được tính bằng bao nhiêu giờ?,91/2015/qh13#147|45/2019/qh14#98|73/vbhn-vpqh#8|45/2019/qh14#106|45/2019/qh14#97,91/2015/qh13#146,0.0,0,clean_factoid
q-180,"Theo quy định, một giờ bao gồm bao nhiêu phút?",45/2019/qh14#109|91/2015/qh13#146|91/2015/qh13#144|45/2019/qh14#137|91/2015/qh13#147,91/2015/qh13#146,1.0,0.5,clean_factoid
q-181,Một phút được tính bằng bao nhiêu giây?,91/2015/qh13#146|91/2015/qh13#147|45/2019/qh14#109|91/2015/qh13#144|91/2015/qh13#153,91/2015/qh13#146,1.0,1.0,clean_factoid
q-182,"Nếu thời hạn bắt đầu bởi một sự kiện cụ thể, ngày bắt đầu tính từ lúc nào?",91/2015/qh13#147|91/2015/qh13#153|91/2015/qh13#157|91/2015/qh13#151|91/2015/qh13#154,91/2015/qh13#147,1.0,1.0,clean_factoid
q-183,"Ngoài quyền chiếm hữu và sử dụng, quyền sở hữu còn bao gồm quyền gì nữa?",91/2015/qh13#179|91/2015/qh13#158|01/vbhn-vpqh#29|91/2015/qh13#206|91/2015/qh13#601,91/2015/qh13#158,1.0,0.5,clean_factoid
q-184,"Quyền sở hữu tài sản bao gồm quyền chiếm hữu, định đoạt và quyền nào khác?",91/2015/qh13#206|91/2015/qh13#158|91/2015/qh13#199|91/2015/qh13#212|91/2015/qh13#213,91/2015/qh13#158,1.0,0.5,clean_factoid
q-185,"Quyền sử dụng, định đoạt và quyền nào tạo nên đầy đủ quyền sở hữu tài sản?",91/2015/qh13#212|52/2014/qh13#35|91/2015/qh13#176|91/2015/qh13#206|91/2015/qh13#199,91/2015/qh13#158,0.0,0,clean_factoid
q-186,"Ngoài quyền hưởng dụng và bề mặt, quyền khác đối với tài sản còn có quyền gì?",91/2015/qh13#271|91/2015/qh13#159|91/2015/qh13#269|91/2015/qh13#273|91/2015/qh13#259,91/2015/qh13#159,1.0,0.5,clean_factoid
q-187,"Danh sách các quyền khác đối với tài sản gồm quyền bất động sản liền kề, bề mặt và quyền gì?",91/2015/qh13#159|91/2015/qh13#177|91/2015/qh13#256|91/2015/qh13#176|91/2015/qh13#247,91/2015/qh13#159,1.0,1.0,clean_factoid
q-188,"Quyền khác đối với tài sản bao gồm quyền bất động sản liền kề, quyền hưởng dụng và quyền nào?",91/2015/qh13#159|91/2015/qh13#247|91/2015/qh13#256|91/2015/qh13#177|91/2015/qh13#176,91/2015/qh13#159,1.0,1.0,clean_factoid
q-189,Ranh giới bất động sản có thể dựa vào dấu mốc tồn tại bao nhiêu năm mà không xảy ra tranh chấp?,91/2015/qh13#175|91/2015/qh13#176|91/2015/qh13#254|91/2015/qh13#364|91/2015/qh13#156,91/2015/qh13#175,1.0,1.0,clean_factoid
q-190,"Hành vi nắm giữ, chi phối tài sản giống như người có quyền được gọi là gì?",91/2015/qh13#179|91/2015/qh13#186|91/2015/qh13#346|91/2015/qh13#159|59/2020/qh14#88,91/2015/qh13#179,1.0,1.0,multi_hop
q-191,Việc giữ tài sản mà bản thân tin rằng mình có quyền hợp pháp được gọi là gì?,91/2015/qh13#180|91/2015/qh13#346|45/2019/qh14#190|45/2019/qh14#194|91/2015/qh13#46,91/2015/qh13#180,1.0,1.0,clean_factoid
q-192,Người giữ đồ vật dù biết bản thân chẳng có tư cách pháp lý đối với nó thì bị gọi là gì?,91/2015/qh13#104|73/vbhn-vpqh#128|91/2015/qh13#101|73/vbhn-vpqh#122|73/vbhn-vpqh#127,91/2015/qh13#181,0.0,0,multi_hop
q-193,Ai phải chịu trách nhiệm đưa ra bằng chứng khi có tranh cãi về việc một người đang giữ tài sản có trung thực hay không?,91/2015/qh13#33|73/vbhn-vpqh#60|73/vbhn-vpqh#125|73/vbhn-vpqh#132|91/2015/qh13#301,91/2015/qh13#184,0.0,0,clean_factoid
q-194,"Khi chủ cũ cho phép dùng đồ vật nhưng không sang tên, người nhận cần tuân thủ yêu cầu gì lúc nắm giữ nó?",73/vbhn-vpqh#128|91/2015/qh13#186|73/vbhn-vpqh#122|91/2015/qh13#179|45/2019/qh14#29,91/2015/qh13#188,0.0,0,clean_factoid
q-195,Cá nhân hay tổ chức nào mới được phép quyết định số phận của một tài sản?,91/2015/qh13#33|31/2024/qh15#28|73/vbhn-vpqh#59|31/2024/qh15#145|31/2024/qh15#123,91/2015/qh13#193,0.0,0,clean_factoid
q-196,Trong những tình huống nào thì khả năng tự mình quyết định về tài sản bị giới hạn?,52/2014/qh13#112|01/vbhn-vpqh#206|73/vbhn-vpqh#9|01/vbhn-vpqh#126|01/vbhn-vpqh#51,91/2015/qh13#196,0.0,0,conditional
q-197,"Khi bán các món đồ là di tích lịch sử, ai được ưu tiên mua lại?",91/2015/qh13#196|91/2015/qh13#229|91/2015/qh13#218|31/2024/qh15#211|01/vbhn-vpqh#345,91/2015/qh13#196,1.0,1.0,clean_factoid
q-198,"Những thứ như khoáng sản, vùng trời hay biển đảo được coi là tài sản dạng gì?",91/2015/qh13#416|91/2015/qh13#197|52/2014/qh13#32|01/vbhn-vpqh#227|31/2024/qh15#190,91/2015/qh13#197,1.0,0.5,multi_hop
q-199,Khi một người đứng tên riêng cho tài sản của mình thì gọi là hình thức sở hữu nào?,91/2015/qh13#225|91/2015/qh13#218|91/2015/qh13#317|91/2015/qh13#226|91/2015/qh13#471,91/2015/qh13#205,0.0,0,clean_factoid
q-200,Việc một pháp nhân độc lập đứng tên tài sản được phân loại là loại hình sở hữu gì?,59/2020/qh14#194|91/2015/qh13#74|59/2020/qh14#78|91/2015/qh13#677|59/2020/qh14#196,91/2015/qh13#205,0.0,0,clean_factoid
q-201,Nếu tài sản thuộc quyền kiểm soát của nhiều người cùng một lúc thì gọi là gì?,91/2015/qh13#291|01/vbhn-vpqh#16|52/2014/qh13#109|91/2015/qh13#587|91/2015/qh13#619,91/2015/qh13#207,0.0,0,clean_factoid
q-202,"Ngoài thỏa thuận và luật, yếu tố nào khác giúp xác định quyền lợi đối với tài sản chung?",52/2014/qh13#130|45/2019/qh14#149|52/2014/qh13#48|52/2014/qh13#62|52/2014/qh13#59,91/2015/qh13#208,0.0,0,clean_factoid
q-203,"Bên cạnh các quy định chung và thỏa thuận, căn cứ nào tạo nên sở hữu chung?",91/2015/qh13#212|91/2015/qh13#176|52/2014/qh13#33|91/2015/qh13#178|52/2014/qh13#59,91/2015/qh13#208,0.0,0,clean_factoid
q-204,"Nếu một người trong nhóm đồng sở hữu muốn bán phần của mình, ai sẽ có cơ hội mua trước?",91/2015/qh13#218|59/2020/qh14#133|31/2024/qh15#27|59/2020/qh14#166|01/vbhn-vpqh#211,91/2015/qh13#218,1.0,1.0,clean_factoid
q-205,"Nếu tài sản là nhà đất, các đồng sở hữu có bao lâu để thực hiện quyền mua ưu tiên?",91/2015/qh13#196|91/2015/qh13#218|31/2024/qh15#148|59/2020/qh14#124|59/2020/qh14#125,91/2015/qh13#218,1.0,0.5,clean_factoid
q-206,"Với các loại động sản, thời hạn dành cho việc ưu tiên mua lại là bao lâu?",91/2015/qh13#196|91/2015/qh13#218|91/2015/qh13#454|59/2020/qh14#124|59/2020/qh14#133,91/2015/qh13#218,1.0,0.5,clean_factoid
q-207,"Nếu một người từ bỏ quyền lợi ở bất động sản chung, phần đó sẽ về tay ai, trừ trường hợp cộng đồng?",91/2015/qh13#218|91/2015/qh13#228|91/2015/qh13#176|52/2014/qh13#127|91/2015/qh13#225,91/2015/qh13#218,1.0,1.0,conditional
q-208,Phần bất động sản bị bỏ lại sẽ thuộc về ai nếu đó là tài sản chung của cả cộng đồng?,91/2015/qh13#218|91/2015/qh13#228|91/2015/qh13#225|91/2015/qh13#176|91/2015/qh13#229,91/2015/qh13#218,1.0,1.0,conditional
q-209,"Nếu đồng sở hữu bất động sản qua đời không người thừa kế, phần quyền đó xử lý ra sao?",91/2015/qh13#251|91/2015/qh13#254|91/2015/qh13#218|91/2015/qh13#660|91/2015/qh13#623,91/2015/qh13#218,1.0,0.3333333333333333,conditional
q-210,"Trong trường hợp sở hữu cộng đồng, khi một thành viên mất mà không có người kế thừa thì phần đó đi đâu?",91/2015/qh13#218|91/2015/qh13#254|59/2020/qh14#78|59/2020/qh14#185|59/2020/qh14#53,91/2015/qh13#218,1.0,1.0,conditional
q-211,"Khi một đồng sở hữu động sản từ bỏ quyền của mình, những người còn lại có được hưởng phần đó không?",91/2015/qh13#218|91/2015/qh13#228|91/2015/qh13#225|91/2015/qh13#621|91/2015/qh13#167,91/2015/qh13#218,1.0,1.0,conditional
q-212,"Nếu một người dùng chung tài sản là đồ vật qua đời mà không có ai thừa kế, thì phần của họ sẽ được xử lý ra sao?",91/2015/qh13#218|91/2015/qh13#645|73/vbhn-vpqh#128|52/2014/qh13#33|91/2015/qh13#228,91/2015/qh13#218,1.0,1.0,conditional
q-213,Khi nào thì một người làm việc hợp pháp bắt đầu có quyền làm chủ đối với những gì họ tạo ra từ công sức của mình?,91/2015/qh13#416|59/2020/qh14#71|59/2020/qh14#164|73/vbhn-vpqh#122|45/2019/qh14#202,91/2015/qh13#222,0.0,0,clean_factoid
q-214,Thời điểm nào thì người sản xuất hợp pháp được công nhận là chủ sở hữu đối với thành quả làm ra?,91/2015/qh13#171|59/2020/qh14#5|91/2015/qh13#222|91/2015/qh13#232|91/2015/qh13#231,91/2015/qh13#222,1.0,0.3333333333333333,clean_factoid
q-215,Từ lúc nào thì người kinh doanh hợp pháp chính thức sở hữu tài sản từ công việc của mình?,91/2015/qh13#222|59/2020/qh14#105|01/vbhn-vpqh#176|59/2020/qh14#78|91/2015/qh13#225,91/2015/qh13#222,1.0,1.0,clean_factoid
q-216,"Chủ sở hữu được quyền hưởng lợi tức, hoa lợi từ tài sản của mình từ thời điểm nào?",91/2015/qh13#224|91/2015/qh13#217|91/2015/qh13#264|91/2015/qh13#581|91/2015/qh13#161,91/2015/qh13#224,1.0,1.0,clean_factoid
q-217,"Người đang sử dụng tài sản được quyền sở hữu hoa lợi, lợi tức kể từ khi nào?",91/2015/qh13#224|91/2015/qh13#264|91/2015/qh13#581|91/2015/qh13#314|91/2015/qh13#217,91/2015/qh13#224,1.0,1.0,clean_factoid
q-218,"Nếu có thỏa thuận từ trước, thì khi nào chủ tài sản được quyền sở hữu những hoa lợi, lợi tức phát sinh?",91/2015/qh13#161|91/2015/qh13#224|52/2014/qh13#40|91/2015/qh13#264|91/2015/qh13#131,91/2015/qh13#224,1.0,0.5,clean_factoid
q-219,"Nếu có thỏa thuận, người dùng tài sản sẽ được hưởng hoa lợi, lợi tức vào lúc nào?",91/2015/qh13#264|91/2015/qh13#581|91/2015/qh13#189|91/2015/qh13#321|91/2015/qh13#224,91/2015/qh13#224,1.0,0.2,clean_factoid
q-220,Tài sản bị chủ cũ bỏ rơi không còn muốn giữ nữa được gọi là gì?,91/2015/qh13#171|01/vbhn-vpqh#29|91/2015/qh13#346|01/vbhn-vpqh#62|91/2015/qh13#317,91/2015/qh13#228,0.0,0,clean_factoid
q-221,Ai sẽ là người nắm quyền đối với bất động sản không rõ chủ hoặc bị bỏ hoang?,91/2015/qh13#228|91/2015/qh13#364|91/2015/qh13#229|91/2015/qh13#179|91/2015/qh13#225,91/2015/qh13#228,1.0,1.0,clean_factoid
q-222,"Nếu tìm thấy đồ vật vô chủ, cần bao lâu thông báo công khai để người nhặt được trở thành chủ sở hữu?",91/2015/qh13#228|91/2015/qh13#230|91/2015/qh13#229|91/2015/qh13#221|73/vbhn-vpqh#128,91/2015/qh13#228,1.0,1.0,clean_factoid
q-223,Thời hạn bao lâu để Nhà nước tiếp quản bất động sản không tìm thấy chủ nhân sau khi đã thông báo?,91/2015/qh13#229|91/2015/qh13#642|91/2015/qh13#228|45/2019/qh14#211|01/vbhn-vpqh#417,91/2015/qh13#228,1.0,0.3333333333333333,clean_factoid
q-224,"Khi thấy tài sản bị vùi lấp hay chìm đắm mà biết rõ ai là chủ, người phát hiện phải xử lý thế nào?",91/2015/qh13#229|91/2015/qh13#165|91/2015/qh13#240|91/2015/qh13#228|91/2015/qh13#221,91/2015/qh13#229,1.0,1.0,clean_factoid
q-225,"Nếu tìm thấy tài sản bị chôn giấu nhưng không biết chủ nhân là ai, tôi phải làm gì?",91/2015/qh13#229|91/2015/qh13#240|91/2015/qh13#221|91/2015/qh13#165|91/2015/qh13#642,91/2015/qh13#229,1.0,1.0,clean_factoid
q-226,Tài sản bị chôn giấu được xác định là di tích lịch sử thì sẽ thuộc về ai?,91/2015/qh13#229|31/2024/qh15#211|91/2015/qh13#165|91/2015/qh13#240|01/vbhn-vpqh#345,91/2015/qh13#229,1.0,1.0,clean_factoid
q-227,"Nếu tài sản tìm thấy là di tích lịch sử và có giá trị thấp, ai là người sở hữu nó?",91/2015/qh13#229|31/2024/qh15#211|01/vbhn-vpqh#345|31/2024/qh15#144|91/2015/qh13#230,91/2015/qh13#229,1.0,1.0,multi_hop
q-228,"Nếu tài sản không phải là di tích lịch sử và giá trị nhỏ, ai sẽ được quyền sở hữu nó?",91/2015/qh13#229|31/2024/qh15#211|01/vbhn-vpqh#345|91/2015/qh13#230|31/2024/qh15#144,91/2015/qh13#229,1.0,1.0,multi_hop
q-229,"Nếu nhặt được đồ người khác làm mất và biết rõ thông tin liên lạc của họ, tôi nên làm gì?",91/2015/qh13#230|91/2015/qh13#517|59/2020/qh14#143|59/2020/qh14#23|91/2015/qh13#445,91/2015/qh13#230,1.0,1.0,multi_hop
q-230,"Nếu nhặt được đồ đánh rơi mà không cách nào liên hệ được chủ cũ, tôi phải làm sao?",91/2015/qh13#230|91/2015/qh13#165|45/2019/qh14#10|91/2015/qh13#171|91/2015/qh13#240,91/2015/qh13#230,1.0,1.0,multi_hop
q-231,Cần làm gì khi bắt gặp gia súc đi lạc?,91/2015/qh13#231|91/2015/qh13#491|91/2015/qh13#482|91/2015/qh13#131|45/2019/qh14#113,91/2015/qh13#231,1.0,1.0,clean_factoid
q-232,"Khi nhận lại thú nuôi bị lạc, chủ nhân cần đền bù những khoản gì cho người tìm thấy?",91/2015/qh13#229|91/2015/qh13#642|91/2015/qh13#240|91/2015/qh13#27|91/2015/qh13#28,91/2015/qh13#231,0.0,0,clean_factoid
q-233,"Nếu gia súc không thuộc diện thả rông theo lối sống vùng miền, thì sau bao lâu người giữ hộ sẽ trở thành chủ sở hữu?",91/2015/qh13#231|91/2015/qh13#603|91/2015/qh13#254|31/2024/qh15#16|91/2015/qh13#252,91/2015/qh13#231,1.0,1.0,clean_factoid
q-234,"Với vật nuôi thả rông theo tập quán, người trông coi được quyền sở hữu sau khoảng thời gian nào kể từ lúc đăng tin?",91/2015/qh13#231|91/2015/qh13#603|91/2015/qh13#34|59/2020/qh14#209|59/2020/qh14#143,91/2015/qh13#231,1.0,1.0,clean_factoid
q-235,Nếu đã rao tin tìm chủ mà một tháng trôi qua không ai đến nhận gia cầm thì quyền sở hữu thuộc về ai?,91/2015/qh13#229|91/2015/qh13#228|91/2015/qh13#232|91/2015/qh13#165|91/2015/qh13#240,91/2015/qh13#232,1.0,0.3333333333333333,clean_factoid
q-236,Người chủ phải hoàn trả những loại phí gì khi nhận lại gia cầm từ người bắt được?,91/2015/qh13#232|91/2015/qh13#231|91/2015/qh13#416|91/2015/qh13#131|73/vbhn-vpqh#126,91/2015/qh13#232,1.0,1.0,clean_factoid
q-237,Sau bao lâu thì chủ ao hồ được phép đứng tên vật nuôi dưới nước đi lạc vào khu vực của mình?,91/2015/qh13#233|31/2024/qh15#188|31/2024/qh15#215|91/2015/qh13#240|91/2015/qh13#254,91/2015/qh13#233,1.0,1.0,clean_factoid
q-238,Khi món đồ bị dùng hết hoặc hủy hoại thì quyền làm chủ tài sản đó ra sao?,91/2015/qh13#596|91/2015/qh13#23|91/2015/qh13#452|91/2015/qh13#404|91/2015/qh13#22,91/2015/qh13#242,0.0,0,clean_factoid
q-239,Thời điểm nào chấm dứt quyền sở hữu đối với tài sản khi bị Nhà nước trưng mua?,91/2015/qh13#243|91/2015/qh13#237|59/2020/qh14#5|91/2015/qh13#244|91/2015/qh13#163,91/2015/qh13#243,1.0,1.0,conditional
q-240,Từ lúc nào quyền sở hữu tài sản bị tịch thu sung công quỹ chính thức mất hiệu lực?,91/2015/qh13#244|01/vbhn-vpqh#322|91/2015/qh13#388|01/vbhn-vpqh#45|91/2015/qh13#291,91/2015/qh13#244,1.0,1.0,clean_factoid
q-241,Việc dùng một bất động sản để hỗ trợ khai thác bất động sản kế bên được gọi là gì?,91/2015/qh13#245|91/2015/qh13#248|91/2015/qh13#318|91/2015/qh13#256|91/2015/qh13#176,91/2015/qh13#245,1.0,1.0,clean_factoid
q-242,"Những căn cứ nào dẫn đến việc hình thành quyền đối với đất đai, công trình liền kề?",91/2015/qh13#177|91/2015/qh13#246|91/2015/qh13#107|91/2015/qh13#250|91/2015/qh13#174,91/2015/qh13#246,1.0,0.5,clean_factoid
q-243,Những ai chịu sự ràng buộc bởi quyền đối với bất động sản liền kề?,91/2015/qh13#249|91/2015/qh13#245|91/2015/qh13#248|91/2015/qh13#256|91/2015/qh13#176,91/2015/qh13#247,0.0,0,clean_factoid
q-244,Bộ luật Lao động quy định điều gì?,91/2015/qh13#427|91/2015/qh13#131|45/2019/qh14#34|45/2019/qh14#192|45/2019/qh14#35,45/2019/qh14#1,0.0,0,clean_factoid
q-245,"Định nghĩa của ""Người lao động""?",45/2019/qh14#176|45/2019/qh14#56|45/2019/qh14#18|45/2019/qh14#177|45/2019/qh14#153,45/2019/qh14#3,0.0,0,clean_factoid
q-246,Ai được coi là người thuê mướn lao động theo quy định pháp luật?,45/2019/qh14#3|45/2019/qh14#42|91/2015/qh13#228|91/2015/qh13#229|52/2014/qh13#32,45/2019/qh14#3,1.0,1.0,clean_factoid
q-247,Tổ chức đại diện cho nhân viên tại nơi làm việc được hiểu như thế nào?,45/2019/qh14#3|45/2019/qh14#118|45/2019/qh14#178|45/2019/qh14#205|45/2019/qh14#176,45/2019/qh14#3,1.0,1.0,clean_factoid
q-248,Tổ chức nào có vai trò đại diện bảo vệ quyền lợi cho phía thuê mướn lao động?,45/2019/qh14#100|45/2019/qh14#3|45/2019/qh14#7|45/2019/qh14#21|91/2015/qh13#444,45/2019/qh14#3,1.0,0.5,clean_factoid
q-249,"Định nghĩa của ""Quan hệ lao động""?",45/2019/qh14#7|45/2019/qh14#3|45/2019/qh14#1|45/2019/qh14#4|45/2019/qh14#178,45/2019/qh14#3,1.0,0.5,clean_factoid
q-250,Người làm việc không dựa trên hợp đồng lao động được định nghĩa ra sao?,45/2019/qh14#3|45/2019/qh14#91|45/2019/qh14#48|91/2015/qh13#648|45/2019/qh14#45,45/2019/qh14#3,1.0,1.0,clean_factoid
q-251,"Định nghĩa của ""Cưỡng bức lao động""?",45/2019/qh14#165|45/2019/qh14#164|45/2019/qh14#8|59/2020/qh14#8|45/2019/qh14#5,45/2019/qh14#3,0.0,0,clean_factoid
q-252,Hành vi thế nào bị xem là quấy rối tình dục tại chỗ làm?,45/2019/qh14#165|45/2019/qh14#164|45/2019/qh14#3|45/2019/qh14#118|45/2019/qh14#125,45/2019/qh14#3,1.0,0.3333333333333333,clean_factoid
q-253,Các bên tạo lập quan hệ lao động dựa trên những nguyên tắc nào?,45/2019/qh14#3|91/2015/qh13#648|45/2019/qh14#91|45/2019/qh14#180|45/2019/qh14#7,45/2019/qh14#7,1.0,0.2,clean_factoid
q-254,Việc làm là gì?,45/2019/qh14#9|45/2019/qh14#47|01/vbhn-vpqh#16|45/2019/qh14#158|45/2019/qh14#140,45/2019/qh14#9,1.0,1.0,clean_factoid
q-255,"Trong điều 10 của Bộ Luật dân sự 2019, nơi làm việc của người lao động được quy định như thế nào?",45/2019/qh14#220|45/2019/qh14#3|45/2019/qh14#178|45/2019/qh14#35|45/2019/qh14#34,45/2019/qh14#10,0.0,0,clean_factoid
q-256,Người tìm việc có nghĩa vụ chi trả phí tuyển dụng cho đơn vị sử dụng lao động không?,45/2019/qh14#11|45/2019/qh14#36|45/2019/qh14#174|45/2019/qh14#145|31/2024/qh15#94,45/2019/qh14#11,1.0,1.0,clean_factoid
q-257,Hợp đồng lao động bằng giấy tờ cần phải lập bao nhiêu bản?,45/2019/qh14#55|45/2019/qh14#14|45/2019/qh14#12|91/2015/qh13#634|45/2019/qh14#17,45/2019/qh14#14,1.0,0.5,clean_factoid
q-258,"Khi chuẩn bị ký hợp đồng, phía công ty cần thông tin cụ thể gì cho nhân viên mới?",45/2019/qh14#55|59/2020/qh14#171|59/2020/qh14#56|59/2020/qh14#200|59/2020/qh14#154,45/2019/qh14#16,0.0,0,clean_factoid
q-259,Nhân viên phải khai báo những nội dung nào cho nơi làm việc khi bắt đầu ký kết hợp đồng?,45/2019/qh14#55|01/vbhn-vpqh#400|45/2019/qh14#206|45/2019/qh14#118|45/2019/qh14#202,45/2019/qh14#16,0.0,0,clean_factoid
q-260,"Với các công việc thời vụ dưới 12 tháng, nhóm nhân sự từ 18 tuổi trở lên có được cử một đại diện đứng ra ký hợp đồng không?",45/2019/qh14#18|73/vbhn-vpqh#90|45/2019/qh14#137|01/vbhn-vpqh#146|01/vbhn-vpqh#93,45/2019/qh14#18,1.0,1.0,clean_factoid
q-261,"Để được ủy quyền cho một người trong nhóm ký hợp đồng khi làm việc ngắn hạn, người lao động cần đạt độ tuổi tối thiểu bao nhiêu?",45/2019/qh14#18|45/2019/qh14#3|45/2019/qh14#137|45/2019/qh14#61|45/2019/qh14#55,45/2019/qh14#18,1.0,1.0,clean_factoid
q-262,"Nếu cùng lúc làm cho nhiều nơi, việc đóng các loại bảo hiểm bắt buộc sẽ tuân theo quy định như thế nào?",45/2019/qh14#168|01/vbhn-vpqh#216|45/2019/qh14#219|73/vbhn-vpqh#71|73/vbhn-vpqh#114,45/2019/qh14#19,0.0,0,clean_factoid
q-263,"Sau khi hợp đồng cũ hết hạn, hai bên có bao nhiêu ngày để tiến hành ký tiếp văn bản mới?",45/2019/qh14#20|45/2019/qh14#83|45/2019/qh14#177|45/2019/qh14#51|45/2019/qh14#33,45/2019/qh14#20,1.0,1.0,clean_factoid
q-264,Thời điểm nào thì hợp đồng lao động chính thức bắt đầu có giá trị pháp lý?,45/2019/qh14#202|52/2014/qh13#39|45/2019/qh14#45|45/2019/qh14#20|45/2019/qh14#22,45/2019/qh14#23,0.0,0,conditional
q-265,"Với hợp đồng có thời hạn dưới 30 ngày, công ty có được yêu cầu nhân viên thử việc không?",45/2019/qh14#25|45/2019/qh14#24|45/2019/qh14#27|59/2020/qh14#133|91/2015/qh13#452,45/2019/qh14#24,1.0,0.5,clean_factoid
q-266,Mỗi công việc cụ thể chỉ được phép thử việc tối đa bao nhiêu lần?,45/2019/qh14#25|45/2019/qh14#155|45/2019/qh14#27|73/vbhn-vpqh#23|59/2020/qh14#106,45/2019/qh14#25,1.0,1.0,multi_hop
q-267,Người giữ vai trò quản lý doanh nghiệp có thể phải thử việc trong thời gian dài nhất là bao nhiêu ngày?,45/2019/qh14#25|45/2019/qh14#27|45/2019/qh14#24|59/2020/qh14#143|01/vbhn-vpqh#54,45/2019/qh14#25,1.0,1.0,negative
q-268,"Với vị trí yêu cầu bằng cấp từ cao đẳng trở lên, thời hạn thử việc giới hạn trong bao nhiêu ngày?",45/2019/qh14#25|45/2019/qh14#27|91/2015/qh13#452|45/2019/qh14#24|01/vbhn-vpqh#126,45/2019/qh14#25,1.0,1.0,negative
q-269,Thời gian thử việc tối đa dành cho nhân viên kỹ thuật hoặc nghiệp vụ trung cấp là bao nhiêu ngày?,45/2019/qh14#25|45/2019/qh14#27|45/2019/qh14#24|73/vbhn-vpqh#64|91/2015/qh13#452,45/2019/qh14#25,1.0,1.0,negative
q-270,Mức lương dành cho nhân viên đang trong thời gian thử việc thấp nhất là bao nhiêu phần trăm so với lương chính thức?,45/2019/qh14#93|45/2019/qh14#26|45/2019/qh14#140|45/2019/qh14#91|45/2019/qh14#29,45/2019/qh14#26,1.0,0.5,clean_factoid
q-271,"Khi bị điều chuyển sang việc khác, mức lương mới thấp nhất phải đạt bao nhiêu phần trăm lương cũ?",45/2019/qh14#29|45/2019/qh14#140|45/2019/qh14#91|45/2019/qh14#99|45/2019/qh14#90,45/2019/qh14#29,1.0,1.0,clean_factoid
q-272,"Muốn thay đổi hoặc bổ sung điều khoản hợp đồng đang thực hiện, phải báo trước cho phía bên kia bao nhiêu ngày?",45/2019/qh14#33|91/2015/qh13#404|45/2019/qh14#41|91/2015/qh13#405|91/2015/qh13#551,45/2019/qh14#33,1.0,1.0,conditional
q-273,Phụ nữ đang nuôi con nhỏ dưới mấy tháng tuổi thì không được tự ý nghỉ việc đơn phương?,45/2019/qh14#37|01/vbhn-vpqh#40|45/2019/qh14#137|73/vbhn-vpqh#96|73/vbhn-vpqh#94,45/2019/qh14#37,1.0,1.0,multi_hop
q-274,"Khi muốn rút lại thông báo nghỉ việc trước thời hạn, người lao động cần làm gì để hợp lệ?",45/2019/qh14#41|59/2020/qh14#185|91/2015/qh13#397|45/2019/qh14#35|45/2019/qh14#115,45/2019/qh14#38,0.0,0,clean_factoid
q-275,"Nếu nhân viên tự ý nghỉ việc trái luật, họ có còn được hưởng trợ cấp thôi việc không?",45/2019/qh14#46|45/2019/qh14#41|45/2019/qh14#141|45/2019/qh14#139|91/2015/qh13#94,45/2019/qh14#40,0.0,0,clean_factoid
q-276,Một người lao động được thuê lại làm việc tối đa trong bao nhiêu tháng?,45/2019/qh14#53|45/2019/qh14#57|45/2019/qh14#55|45/2019/qh14#113|45/2019/qh14#52,45/2019/qh14#53,1.0,1.0,clean_factoid
q-277,Hợp đồng cho thuê nhân sự giữa các doanh nghiệp phải được lập thành mấy bản?,45/2019/qh14#55|45/2019/qh14#188|45/2019/qh14#62|45/2019/qh14#14|91/2015/qh13#472,45/2019/qh14#55,1.0,1.0,multi_hop
q-278,Độ tuổi tối thiểu để một cá nhân bắt đầu học nghề hoặc thực tập là bao nhiêu?,45/2019/qh14#61|91/2015/qh13#600|45/2019/qh14#3|45/2019/qh14#8|45/2019/qh14#62,45/2019/qh14#61,1.0,1.0,clean_factoid
q-279,"Sau khi ký kết thỏa ước tập thể, doanh nghiệp có bao nhiêu ngày để nộp văn bản này cho cơ quan quản lý nhà nước tại tỉnh sở tại?",45/2019/qh14#76|45/2019/qh14#75|45/2019/qh14#77|45/2019/qh14#83|45/2019/qh14#78,45/2019/qh14#77,1.0,0.3333333333333333,clean_factoid
q-280,Cơ quan nào có thẩm quyền ra quyết định hủy bỏ thỏa ước lao động tập thể?,45/2019/qh14#84|45/2019/qh14#76|45/2019/qh14#81|45/2019/qh14#78|45/2019/qh14#87,45/2019/qh14#87,1.0,0.2,clean_factoid
q-281,"Nếu thỏa ước tập thể bị coi là không hợp lệ, thì các quyền lợi của nhân viên sẽ được xử lý dựa trên căn cứ nào?",45/2019/qh14#82|45/2019/qh14#76|45/2019/qh14#79|45/2019/qh14#80|45/2019/qh14#88,45/2019/qh14#88,1.0,0.2,multi_hop
q-282,Phía nào chịu trách nhiệm chi trả toàn bộ kinh phí phát sinh từ quá trình thương lượng và công bố thỏa ước lao động?,45/2019/qh14#89|45/2019/qh14#76|45/2019/qh14#179|45/2019/qh14#70|45/2019/qh14#86,45/2019/qh14#89,1.0,1.0,multi_hop
q-283,"Nếu phải tạm ngừng việc dưới 14 ngày do sự cố khách quan, lương của người lao động được tính như thế nào so với lương tối thiểu?",45/2019/qh14#99|45/2019/qh14#29|45/2019/qh14#97|45/2019/qh14#91|45/2019/qh14#98,45/2019/qh14#99,1.0,1.0,conditional
q-284,Hành vi xây dựng trái phép trên đất chiếm dụng có thể bị phạt tiền tối đa là bao nhiêu?,01/vbhn-vpqh#343|73/vbhn-vpqh#23|31/2024/qh15#210|01/vbhn-vpqh#347|01/vbhn-vpqh#177,01/vbhn-vpqh#343,1.0,1.0,clean_factoid
q-285,Mức phạt tiền cho hành vi tổ chức kết hôn sớm cho người chưa đủ tuổi là bao nhiêu?,73/vbhn-vpqh#134|01/vbhn-vpqh#183|01/vbhn-vpqh#99|01/vbhn-vpqh#102|01/vbhn-vpqh#103,01/vbhn-vpqh#183,1.0,0.5,clean_factoid
q-286,Vô ý làm hỏng tài sản của người khác trị giá từ 100 đến dưới 500 triệu đồng có thể nhận hình phạt nào?,01/vbhn-vpqh#180|01/vbhn-vpqh#358|01/vbhn-vpqh#366|01/vbhn-vpqh#354|01/vbhn-vpqh#175,01/vbhn-vpqh#180,1.0,1.0,multi_hop
q-287,Mức thiệt hại tài sản do vô ý gây ra từ bao nhiêu trở lên thì khung hình phạt sẽ tăng lên mức cải tạo hoặc tù giam?,73/vbhn-vpqh#23|01/vbhn-vpqh#180|01/vbhn-vpqh#9|01/vbhn-vpqh#54|91/2015/qh13#585,01/vbhn-vpqh#180,1.0,0.5,multi_hop
q-288,"Nếu hành hạ người khác gây tổn thương tâm lý từ 31% trở lên, mức án tù cao nhất là mấy năm?",01/vbhn-vpqh#136|01/vbhn-vpqh#138|01/vbhn-vpqh#139|01/vbhn-vpqh#271|01/vbhn-vpqh#270,01/vbhn-vpqh#140,0.0,0,clean_factoid
q-289,Mức án tù thấp nhất dành cho người có hành vi phá hoại chính sách kinh tế - xã hội nhằm chống phá nhà nước là bao nhiêu?,01/vbhn-vpqh#115|01/vbhn-vpqh#116|45/2019/qh14#91|01/vbhn-vpqh#114|01/vbhn-vpqh#54,01/vbhn-vpqh#115,1.0,1.0,clean_factoid
q-290,Giữ tài sản của người khác trị giá từ 10 đến dưới 200 triệu đồng mà không chịu trả lại có thể bị phạt cải tạo không giam giữ trong thời gian bao lâu?,01/vbhn-vpqh#364|01/vbhn-vpqh#175|01/vbhn-vpqh#366|01/vbhn-vpqh#176|01/vbhn-vpqh#180,01/vbhn-vpqh#176,1.0,0.25,clean_factoid
q-291,Những trường hợp phạm tội nào được coi là không có án tích?,01/vbhn-vpqh#69|01/vbhn-vpqh#70|01/vbhn-vpqh#107|01/vbhn-vpqh#379|01/vbhn-vpqh#53,01/vbhn-vpqh#69,1.0,1.0,clean_factoid
q-292,Số tiền phạt thấp nhất mà một doanh nghiệp phải chịu khi bị kết tội là bao nhiêu?,01/vbhn-vpqh#54|01/vbhn-vpqh#200|59/2020/qh14#210|01/vbhn-vpqh#55|73/vbhn-vpqh#79,01/vbhn-vpqh#77,0.0,0,negative
q-293,Trong trường hợp nào thì tòa án sẽ quyết định áp dụng hình phạt cấm huy động vốn đối với doanh nghiệp?,01/vbhn-vpqh#81|01/vbhn-vpqh#87|01/vbhn-vpqh#33|01/vbhn-vpqh#71|01/vbhn-vpqh#54,01/vbhn-vpqh#81,1.0,1.0,conditional
q-294,Thời hạn tối đa và tối thiểu cho việc cấm doanh nghiệp huy động vốn là bao lâu?,01/vbhn-vpqh#81|59/2020/qh14#111|59/2020/qh14#202|59/2020/qh14#87|01/vbhn-vpqh#38,01/vbhn-vpqh#81,1.0,1.0,clean_factoid
q-295,"Đối với người phạm tội dưới 18 tuổi, thời gian giáo dục tại trường giáo dưỡng kéo dài trong khoảng bao nhiêu năm?",01/vbhn-vpqh#96|73/vbhn-vpqh#132|73/vbhn-vpqh#92|01/vbhn-vpqh#91|73/vbhn-vpqh#112,01/vbhn-vpqh#96,1.0,1.0,clean_factoid
q-296,Người từ 16 đến dưới 18 tuổi phạm tội sẽ bị phạt tiền tối đa bằng bao nhiêu so với mức quy định chung?,01/vbhn-vpqh#103|01/vbhn-vpqh#99|01/vbhn-vpqh#101|01/vbhn-vpqh#102|01/vbhn-vpqh#329,01/vbhn-vpqh#99,1.0,0.5,clean_factoid
q-297,Điều kiện về độ tuổi và tính chất tội phạm nào cho phép áp dụng hình phạt cải tạo không giam giữ với người dưới 18 tuổi?,01/vbhn-vpqh#98|01/vbhn-vpqh#100|01/vbhn-vpqh#91|01/vbhn-vpqh#103|01/vbhn-vpqh#102,01/vbhn-vpqh#100,1.0,0.5,clean_factoid
q-298,"Nếu một người ra tay tước đoạt mạng sống của kẻ khác do bị kích động vì hành vi sai trái quá mức, mức án tù sẽ là bao nhiêu?",01/vbhn-vpqh#131|01/vbhn-vpqh#22|01/vbhn-vpqh#51|73/vbhn-vpqh#9|91/2015/qh13#525,01/vbhn-vpqh#125,0.0,0,clean_factoid
q-299,Hình phạt cải tạo không giam giữ cao nhất áp dụng cho hành vi gây chết người ngoài ý muốn là bao lâu?,01/vbhn-vpqh#102|01/vbhn-vpqh#103|01/vbhn-vpqh#9|01/vbhn-vpqh#101|01/vbhn-vpqh#57,01/vbhn-vpqh#128,0.0,0,clean_factoid
q-300,Mức án tù cụ thể dành cho trường hợp vô tình làm thiệt mạng từ hai người trở lên là bao nhiêu năm?,01/vbhn-vpqh#66|01/vbhn-vpqh#381|01/vbhn-vpqh#63|01/vbhn-vpqh#379|01/vbhn-vpqh#375,01/vbhn-vpqh#128,0.0,0,clean_factoid
q-301,Phải đẩy bao nhiêu nạn nhân dẫn đến tự tử thì khung hình phạt tù sẽ tăng lên từ 5 đến 12 năm?,01/vbhn-vpqh#141|01/vbhn-vpqh#143|01/vbhn-vpqh#144|01/vbhn-vpqh#9|01/vbhn-vpqh#149,01/vbhn-vpqh#130,0.0,0,clean_factoid
q-302,Trường hợp tráo đổi trẻ nhỏ dưới 1 tuổi mà bản thân có nghĩa vụ chăm sóc thì phải chịu mức án thấp nhất là mấy năm?,01/vbhn-vpqh#54|01/vbhn-vpqh#101|01/vbhn-vpqh#103|52/2014/qh13#97|01/vbhn-vpqh#91,01/vbhn-vpqh#152,0.0,0,clean_factoid
q-303,Hành vi giữ lại bảo vật quốc gia trái phép có thể bị phạt tù ít nhất bao nhiêu năm?,01/vbhn-vpqh#176|01/vbhn-vpqh#177|01/vbhn-vpqh#347|01/vbhn-vpqh#66|01/vbhn-vpqh#289,01/vbhn-vpqh#176,1.0,1.0,clean_factoid
q-304,Nếu vô tình phá hỏng tài sản người khác có giá trị dưới ngưỡng nào thì chỉ bị xử lý bằng hình thức cảnh cáo?,01/vbhn-vpqh#159|73/vbhn-vpqh#22|01/vbhn-vpqh#175|73/vbhn-vpqh#134|31/2024/qh15#102,01/vbhn-vpqh#180,0.0,0,clean_factoid
q-305,Khung hình phạt tù dành cho tội loạn luân được quy định cụ thể là bao nhiêu năm?,01/vbhn-vpqh#9|01/vbhn-vpqh#57|01/vbhn-vpqh#54|01/vbhn-vpqh#55|01/vbhn-vpqh#27,01/vbhn-vpqh#184,0.0,0,clean_factoid
q-306,"Nếu tái phạm hành vi nguy hiểm trong việc tổ chức đẻ thuê vì lợi nhuận, mức án tù là bao nhiêu?",01/vbhn-vpqh#57|01/vbhn-vpqh#91|01/vbhn-vpqh#187|01/vbhn-vpqh#256|91/2015/qh13#156,01/vbhn-vpqh#187,1.0,0.3333333333333333,clean_factoid
q-307,Người từng bị xử lý vì quảng cáo sai sự thật mà tiếp tục vi phạm sẽ đối mặt với thời hạn cải tạo không giam giữ tối đa là bao nhiêu?,01/vbhn-vpqh#382|73/vbhn-vpqh#34|01/vbhn-vpqh#197|01/vbhn-vpqh#221|01/vbhn-vpqh#384,01/vbhn-vpqh#197,1.0,0.3333333333333333,clean_factoid
q-308,Thu lợi bất chính đạt mức nào trở lên từ việc cho vay nặng lãi thì sẽ bị phạt tù từ nửa năm đến 3 năm?,01/vbhn-vpqh#328|01/vbhn-vpqh#327|01/vbhn-vpqh#323|01/vbhn-vpqh#201|01/vbhn-vpqh#348,01/vbhn-vpqh#201,1.0,0.25,clean_factoid
q-309,Gây thất thoát hàng cứu trợ từ bao nhiêu tiền trở lên sẽ khiến người phạm tội bị phạt tù đến 5 năm?,01/vbhn-vpqh#231|01/vbhn-vpqh#194|01/vbhn-vpqh#193|01/vbhn-vpqh#223|01/vbhn-vpqh#192,01/vbhn-vpqh#231,1.0,1.0,multi_hop
q-310,Việc lơ là nhiệm vụ trực chiến gây hậu quả nặng nề có thể bị phạt tù cao nhất là bao nhiêu năm?,01/vbhn-vpqh#409|01/vbhn-vpqh#395|01/vbhn-vpqh#124|01/vbhn-vpqh#403|01/vbhn-vpqh#396,01/vbhn-vpqh#409,1.0,1.0,clean_factoid
q-311,Mức án tù thấp nhất cho tội làm lính đánh thuê chống lại quốc gia có chủ quyền là bao nhiêu năm?,01/vbhn-vpqh#425|01/vbhn-vpqh#424|01/vbhn-vpqh#421|01/vbhn-vpqh#54|01/vbhn-vpqh#422,01/vbhn-vpqh#425,1.0,1.0,multi_hop
q-312,Sĩ quan hoặc người chỉ huy làm mất tài liệu mật về quân sự sẽ chịu hậu quả pháp lý như thế nào?,01/vbhn-vpqh#401|01/vbhn-vpqh#407|01/vbhn-vpqh#399|01/vbhn-vpqh#400|01/vbhn-vpqh#402,01/vbhn-vpqh#407,1.0,0.5,clean_factoid
q-313,Làm lộ tài liệu quân sự mật khi đang trong vùng chiến sự sẽ bị xử lý theo hình thức nào?,01/vbhn-vpqh#404|01/vbhn-vpqh#406|01/vbhn-vpqh#407|01/vbhn-vpqh#402|01/vbhn-vpqh#405,01/vbhn-vpqh#407,1.0,0.3333333333333333,clean_factoid
q-314,"Khi đang ở chiến trường mà làm mất tài liệu mật, người vi phạm chịu án tù tối đa bao nhiêu năm?",01/vbhn-vpqh#375|01/vbhn-vpqh#338|01/vbhn-vpqh#384|01/vbhn-vpqh#386|01/vbhn-vpqh#382,01/vbhn-vpqh#407,0.0,0,clean_factoid
q-315,Báo cáo sai sự thật gây hậu quả nghiêm trọng trong tình huống khẩn cấp quân sự bị xử lý ra sao?,01/vbhn-vpqh#408|01/vbhn-vpqh#402|01/vbhn-vpqh#393|01/vbhn-vpqh#415|73/vbhn-vpqh#34,01/vbhn-vpqh#408,1.0,1.0,clean_factoid
q-316,Nếu đang ở nơi có chiến sự mà cố ý báo cáo sai gây hậu quả lớn thì hình phạt cụ thể là gì?,01/vbhn-vpqh#408|01/vbhn-vpqh#413|01/vbhn-vpqh#404|01/vbhn-vpqh#394|01/vbhn-vpqh#398,01/vbhn-vpqh#408,1.0,1.0,conditional
q-317,Mức án tù thấp nhất cho hành vi báo cáo sai lệch trong chiến đấu gây hậu quả nghiêm trọng là mấy năm?,01/vbhn-vpqh#408|01/vbhn-vpqh#401|01/vbhn-vpqh#411|01/vbhn-vpqh#402|01/vbhn-vpqh#393,01/vbhn-vpqh#408,1.0,1.0,conditional
q-318,Nếu đang tham chiến mà cố ý đưa tin sai lệch về quân sự dẫn đến hậu quả nặng nề thì mức án cao nhất là bao nhiêu?,01/vbhn-vpqh#101|01/vbhn-vpqh#124|01/vbhn-vpqh#103|01/vbhn-vpqh#375|01/vbhn-vpqh#404,01/vbhn-vpqh#408,0.0,0,conditional
q-319,Trồng từ bao nhiêu cây có chứa ma túy trở lên sẽ đối mặt với khung hình phạt cao nhất là bảy năm tù?,01/vbhn-vpqh#247|01/vbhn-vpqh#249|01/vbhn-vpqh#250|01/vbhn-vpqh#251|01/vbhn-vpqh#252,01/vbhn-vpqh#247,1.0,1.0,multi_hop
q-320,Số lượng cây chứa chất gây nghiện tối thiểu là bao nhiêu để người vi phạm có thể bị phạt tù đến ba năm?,01/vbhn-vpqh#247|01/vbhn-vpqh#259|01/vbhn-vpqh#236|01/vbhn-vpqh#388|01/vbhn-vpqh#249,01/vbhn-vpqh#247,1.0,1.0,multi_hop
q-321,"Đối với người tái phạm nguy hiểm hành vi làm giả hồ sơ chứng khoán, pháp luật quy định hình phạt thế nào?",01/vbhn-vpqh#212|01/vbhn-vpqh#214|01/vbhn-vpqh#202|01/vbhn-vpqh#211|01/vbhn-vpqh#290,01/vbhn-vpqh#212,1.0,1.0,conditional
q-322,Mức lợi bất chính bao nhiêu thì hành vi làm giả hồ sơ niêm yết chứng khoán sẽ bị phạt tù từ hai đến bảy năm?,01/vbhn-vpqh#212|01/vbhn-vpqh#218|01/vbhn-vpqh#195|01/vbhn-vpqh#211|01/vbhn-vpqh#209,01/vbhn-vpqh#212,1.0,1.0,clean_factoid
q-323,Người thực hiện các việc liên quan đến tiền giả sẽ phải chịu mức án tù thấp nhất là mấy năm?,01/vbhn-vpqh#54|01/vbhn-vpqh#359|01/vbhn-vpqh#208|01/vbhn-vpqh#202|01/vbhn-vpqh#101,01/vbhn-vpqh#207,0.0,0,clean_factoid
q-324,Mức hình phạt nặng nhất dành cho tội danh gián điệp chống phá đất nước là gì?,01/vbhn-vpqh#103|01/vbhn-vpqh#54|01/vbhn-vpqh#101|01/vbhn-vpqh#102|01/vbhn-vpqh#55,01/vbhn-vpqh#110,0.0,0,multi_hop
q-325,Hình phạt tù thấp nhất áp dụng cho hành vi gián điệp hoặc phá hoại nước ta là bao nhiêu năm?,01/vbhn-vpqh#110|01/vbhn-vpqh#54|01/vbhn-vpqh#101|01/vbhn-vpqh#57|01/vbhn-vpqh#9,01/vbhn-vpqh#110,1.0,1.0,multi_hop
q-326,"Mức án cao nhất cho hành vi thu thập, cung cấp tài liệu cho nước ngoài nhằm chống phá Việt Nam là bao nhiêu?",01/vbhn-vpqh#110|01/vbhn-vpqh#14|01/vbhn-vpqh#9|01/vbhn-vpqh#101|01/vbhn-vpqh#102,01/vbhn-vpqh#110,1.0,1.0,clean_factoid
q-327,Nếu làm cơ sở hoạt động tình báo theo chỉ đạo của nước ngoài thì sẽ bị xử lý như thế nào?,01/vbhn-vpqh#110|45/2019/qh14#153|73/vbhn-vpqh#15|45/2019/qh14#211|73/vbhn-vpqh#5,01/vbhn-vpqh#110,1.0,1.0,clean_factoid
q-328,Việc thu thập rồi bàn giao bí mật quốc gia cho thế lực bên ngoài bị xử phạt ra sao?,31/2024/qh15#169|91/2015/qh13#38|73/vbhn-vpqh#66|73/vbhn-vpqh#64|91/2015/qh13#251,01/vbhn-vpqh#110,0.0,0,clean_factoid
q-329,Cần làm gì để được miễn tội khi đã lỡ nhận nhiệm vụ gián điệp?,01/vbhn-vpqh#110|91/2015/qh13#131|01/vbhn-vpqh#16|73/vbhn-vpqh#77|91/2015/qh13#416,01/vbhn-vpqh#110,1.0,1.0,conditional
q-330,Hành vi cho mượn địa điểm để dùng chất cấm có mức án tù tối đa là mấy năm?,01/vbhn-vpqh#256|01/vbhn-vpqh#253|01/vbhn-vpqh#175|01/vbhn-vpqh#254|01/vbhn-vpqh#91,01/vbhn-vpqh#256,1.0,1.0,multi_hop
q-331,"Nếu bị kết tội chứa chấp sử dụng trái phép ma túy, khung hình phạt tù thấp nhất là bao nhiêu?",01/vbhn-vpqh#54|01/vbhn-vpqh#256|01/vbhn-vpqh#9|01/vbhn-vpqh#91|01/vbhn-vpqh#57,01/vbhn-vpqh#256,1.0,0.5,multi_hop
q-332,Nếu lợi dụng chức vụ để làm nơi cho người khác sử dụng ma túy thì bị phạt tù tối đa bao nhiêu năm?,01/vbhn-vpqh#256|01/vbhn-vpqh#254|01/vbhn-vpqh#248|01/vbhn-vpqh#251|01/vbhn-vpqh#133,01/vbhn-vpqh#256,1.0,1.0,multi_hop
q-333,Mức tù thấp nhất đối với hành vi lợi dụng quyền hạn để chứa chấp việc dùng ma túy là bao nhiêu?,01/vbhn-vpqh#256|01/vbhn-vpqh#254|01/vbhn-vpqh#54|01/vbhn-vpqh#253|01/vbhn-vpqh#166,01/vbhn-vpqh#256,1.0,1.0,multi_hop
q-334,Mức phạt tiền cao nhất đối với người phạm tội chứa chấp sử dụng ma túy là bao nhiêu?,01/vbhn-vpqh#101|01/vbhn-vpqh#256|01/vbhn-vpqh#102|01/vbhn-vpqh#9|01/vbhn-vpqh#103,01/vbhn-vpqh#256,1.0,0.5,multi_hop
q-335,Khoản tiền phạt thấp nhất cho tội chứa chấp sử dụng trái phép chất ma túy là bao nhiêu?,01/vbhn-vpqh#256|01/vbhn-vpqh#389|01/vbhn-vpqh#91|01/vbhn-vpqh#248|01/vbhn-vpqh#12,01/vbhn-vpqh#256,1.0,1.0,multi_hop
q-336,Người tái phạm nguy hiểm tội chứa chấp dùng ma túy sẽ bị trừng phạt thế nào?,01/vbhn-vpqh#256|01/vbhn-vpqh#325|01/vbhn-vpqh#257|01/vbhn-vpqh#254|01/vbhn-vpqh#91,01/vbhn-vpqh#256,1.0,1.0,conditional
q-337,Việc điều khiển máy bay trái quy định hàng không nước ta bị phạt tiền trong khoảng nào?,01/vbhn-vpqh#231|01/vbhn-vpqh#283|01/vbhn-vpqh#195|01/vbhn-vpqh#192|01/vbhn-vpqh#190,01/vbhn-vpqh#283,1.0,0.5,multi_hop
q-338,Mức tiền phạt cao nhất cho hành vi bay vào hoặc rời lãnh thổ nước ta trái quy định hàng không là bao nhiêu?,01/vbhn-vpqh#9|73/vbhn-vpqh#23|01/vbhn-vpqh#101|01/vbhn-vpqh#102|01/vbhn-vpqh#278,01/vbhn-vpqh#283,0.0,0,multi_hop
q-339,Mức phạt tiền thấp nhất áp dụng cho trường hợp lái tàu bay xâm nhập hoặc xuất cảnh trái phép là bao nhiêu?,01/vbhn-vpqh#54|01/vbhn-vpqh#347|01/vbhn-vpqh#348|01/vbhn-vpqh#289|01/vbhn-vpqh#101,01/vbhn-vpqh#283,0.0,0,multi_hop
q-340,Khung hình phạt tù cho hành vi điều khiển phương tiện bay không đúng pháp luật hàng không Việt Nam được quy định ra sao?,01/vbhn-vpqh#57|01/vbhn-vpqh#9|01/vbhn-vpqh#54|01/vbhn-vpqh#102|73/vbhn-vpqh#32,01/vbhn-vpqh#283,0.0,0,multi_hop
q-341,"Nếu việc lái tàu bay trái quy định không gây hậu quả nghiêm trọng, người vi phạm có thể bị phạt tù tối đa mấy năm?",01/vbhn-vpqh#411|01/vbhn-vpqh#393|01/vbhn-vpqh#280|01/vbhn-vpqh#413|01/vbhn-vpqh#277,01/vbhn-vpqh#283,0.0,0,multi_hop
q-342,"Sử dụng sai mục đích tần số vô tuyến quốc gia cho an ninh, cứu hộ gây thiệt hại từ bao nhiêu thì bị truy cứu trách nhiệm?",01/vbhn-vpqh#293|01/vbhn-vpqh#369|01/vbhn-vpqh#368|01/vbhn-vpqh#278|45/2019/qh14#217,01/vbhn-vpqh#293,1.0,1.0,clean_factoid
q-343,"Hành vi dùng lậu tần số chuyên dụng cho cứu nạn, quốc phòng phải gây thiệt hại bao nhiêu để có thể bị phạt tù đến 5 năm?",01/vbhn-vpqh#293|01/vbhn-vpqh#403|01/vbhn-vpqh#394|01/vbhn-vpqh#396|01/vbhn-vpqh#393,01/vbhn-vpqh#293,1.0,1.0,clean_factoid
q-344,"Nếu làm thiệt hại từ 200 đến dưới 500 triệu đồng khi dùng trái phép tần số vô tuyến dành cho cấp cứu, hình phạt sẽ thế nào?",01/vbhn-vpqh#293|01/vbhn-vpqh#286|01/vbhn-vpqh#253|01/vbhn-vpqh#290|01/vbhn-vpqh#291,01/vbhn-vpqh#293,1.0,1.0,clean_factoid
q-345,Người đã bị xử phạt hành chính vì dùng lậu tần số chuyên dụng mà tiếp tục vi phạm sẽ đối mặt với mức phạt tiền ra sao?,73/vbhn-vpqh#52|73/vbhn-vpqh#56|01/vbhn-vpqh#293|73/vbhn-vpqh#134|73/vbhn-vpqh#3,01/vbhn-vpqh#293,1.0,0.3333333333333333,multi_hop
q-346,"Nếu tái phạm nguy hiểm khi sử dụng trái phép tần số vô tuyến dành cho mục đích an ninh, mức phạt tù thấp nhất là mấy năm?",01/vbhn-vpqh#293|01/vbhn-vpqh#9|01/vbhn-vpqh#101|91/2015/qh13#252|01/vbhn-vpqh#256,01/vbhn-vpqh#293,1.0,1.0,conditional
q-347,"Hành vi quyên góp, tiếp tế tiền bạc cho các cá nhân hoặc tổ chức khủng bố bị xử lý bằng hình thức gì?",01/vbhn-vpqh#299|01/vbhn-vpqh#113|01/vbhn-vpqh#300|01/vbhn-vpqh#159|73/vbhn-vpqh#2,01/vbhn-vpqh#300,1.0,0.3333333333333333,clean_factoid
q-348,Hình phạt tù cao nhất dành cho tội hỗ trợ tài chính hoặc tài sản cho khủng bố là bao nhiêu năm?,01/vbhn-vpqh#9|01/vbhn-vpqh#101|01/vbhn-vpqh#103|01/vbhn-vpqh#300|01/vbhn-vpqh#57,01/vbhn-vpqh#300,1.0,0.25,clean_factoid
q-349,"Mức tù tối thiểu cho người bị kết tội cung cấp nguồn lực cho tổ chức, cá nhân khủng bố là mấy năm?",01/vbhn-vpqh#113|01/vbhn-vpqh#299|01/vbhn-vpqh#300|01/vbhn-vpqh#38|45/2019/qh14#91,01/vbhn-vpqh#300,1.0,0.3333333333333333,clean_factoid
q-350,Người mới chỉ dừng lại ở bước chuẩn bị tài trợ cho các đối tượng khủng bố có thể bị phạt tù ít nhất mấy năm?,01/vbhn-vpqh#300|01/vbhn-vpqh#299|01/vbhn-vpqh#113|01/vbhn-vpqh#66|01/vbhn-vpqh#14,01/vbhn-vpqh#300,1.0,1.0,clean_factoid
q-351,Mức án tù cao nhất cho hành vi chuẩn bị hỗ trợ tài chính cho khủng bố là bao nhiêu năm?,01/vbhn-vpqh#102|01/vbhn-vpqh#57|01/vbhn-vpqh#9|01/vbhn-vpqh#300|01/vbhn-vpqh#101,01/vbhn-vpqh#300,1.0,0.25,clean_factoid
q-352,Người đã bị xử phạt hành chính về mê tín dị đoan mà vẫn tiếp tục vi phạm thì chịu chế tài như thế nào?,01/vbhn-vpqh#320|73/vbhn-vpqh#73|73/vbhn-vpqh#75|01/vbhn-vpqh#182|73/vbhn-vpqh#5,01/vbhn-vpqh#320,1.0,1.0,multi_hop
q-353,"Mức phạt tiền tối đa cho người tái phạm hành vi bói toán, đồng bóng là bao nhiêu?",01/vbhn-vpqh#320|73/vbhn-vpqh#23|73/vbhn-vpqh#40|73/vbhn-vpqh#52|73/vbhn-vpqh#41,01/vbhn-vpqh#320,1.0,1.0,multi_hop
q-354,Hình phạt nào dành cho đối tượng hành nghề mê tín dị đoan dẫn đến hậu quả làm chết người?,01/vbhn-vpqh#320|01/vbhn-vpqh#132|01/vbhn-vpqh#240|01/vbhn-vpqh#124|01/vbhn-vpqh#129,01/vbhn-vpqh#320,1.0,1.0,multi_hop
q-355,Thu lợi bất chính bao nhiêu từ hoạt động mê tín dị đoan thì người vi phạm bị phạt tù từ 3 đến 10 năm?,01/vbhn-vpqh#320|01/vbhn-vpqh#323|01/vbhn-vpqh#327|01/vbhn-vpqh#348|01/vbhn-vpqh#349,01/vbhn-vpqh#320,1.0,1.0,multi_hop
q-356,Người đánh bạc trái phép bằng tiền hoặc hiện vật giá trị thấp nhưng đã từng bị xử lý về hành vi này thì bị phạt ra sao?,01/vbhn-vpqh#321|01/vbhn-vpqh#322|01/vbhn-vpqh#177|01/vbhn-vpqh#347|01/vbhn-vpqh#343,01/vbhn-vpqh#321,1.0,1.0,multi_hop
q-357,Cán bộ hoặc công chức tự ý bỏ việc gây hậu quả nghiêm trọng sẽ bị xử lý thế nào theo pháp luật?,01/vbhn-vpqh#401|45/2019/qh14#125|01/vbhn-vpqh#402|31/2024/qh15#241|73/vbhn-vpqh#15,01/vbhn-vpqh#363,0.0,0,clean_factoid
q-358,Viên chức hoặc công chức cố ý bỏ vị trí công tác dẫn tới hậu quả nghiêm trọng sẽ chịu chế tài hình sự ra sao?,01/vbhn-vpqh#401|31/2024/qh15#242|01/vbhn-vpqh#162|01/vbhn-vpqh#404|01/vbhn-vpqh#369,01/vbhn-vpqh#363,0.0,0,multi_hop
q-359,Mức phạt nào dành cho người làm việc trong cơ quan nhà nước tự ý nghỉ việc và còn rủ rê người khác cùng làm?,01/vbhn-vpqh#325|45/2019/qh14#168|45/2019/qh14#60|45/2019/qh14#99|01/vbhn-vpqh#258,01/vbhn-vpqh#363,0.0,0,clean_factoid
q-360,"Nếu bỏ nhiệm vụ khi đất nước đang gặp thảm họa hoặc dịch bệnh, mức án tù cao nhất là mấy năm?",01/vbhn-vpqh#101|01/vbhn-vpqh#9|01/vbhn-vpqh#103|01/vbhn-vpqh#386|01/vbhn-vpqh#376,01/vbhn-vpqh#363,0.0,0,conditional
q-361,Những nhóm đối tượng nào thường bị áp dụng biện pháp quản chế?,01/vbhn-vpqh#43|73/vbhn-vpqh#116|73/vbhn-vpqh#118|73/vbhn-vpqh#96|73/vbhn-vpqh#12,01/vbhn-vpqh#43,1.0,1.0,clean_factoid
q-362,Thời gian quản chế kéo dài trong khoảng bao lâu sau khi mãn hạn tù?,45/2019/qh14#83|01/vbhn-vpqh#43|01/vbhn-vpqh#62|91/2015/qh13#182|01/vbhn-vpqh#70,01/vbhn-vpqh#43,1.0,0.5,clean_factoid
q-363,Hình phạt tù chung thân được hiểu như thế nào?,01/vbhn-vpqh#101|01/vbhn-vpqh#39|01/vbhn-vpqh#63|01/vbhn-vpqh#55|01/vbhn-vpqh#57,01/vbhn-vpqh#39,1.0,0.5,clean_factoid
q-443,"Tại Việt Nam, các quyền lợi dân sự được bảo vệ dựa trên cơ sở pháp lý nào?",45/2019/qh14#3|91/2015/qh13#1|91/2015/qh13#2|91/2015/qh13#3|31/2024/qh15#190,91/2015/qh13#2,1.0,0.3333333333333333,multi_hop
q-444,Trong tình huống nào các quyền lợi dân sự có thể bị giới hạn theo luật định?,45/2019/qh14#207|52/2014/qh13#28|45/2019/qh14#108|01/vbhn-vpqh#206|45/2019/qh14#100,91/2015/qh13#2,0.0,0,conditional
q-445,Định nghĩa về tập quán trong quan hệ dân sự theo quy định hiện hành là gì?,91/2015/qh13#5|91/2015/qh13#6|91/2015/qh13#7|91/2015/qh13#98|52/2014/qh13#11,91/2015/qh13#5,1.0,1.0,clean_factoid
q-446,"Khi thiếu thỏa thuận và luật không quy định, việc dùng tập quán để giải quyết tranh chấp cần lưu ý điều gì?",91/2015/qh13#427|45/2019/qh14#197|45/2019/qh14#193|45/2019/qh14#196|45/2019/qh14#188,91/2015/qh13#5,0.0,0,conditional
q-447,"Nếu không có luật, không có hợp đồng và không có tập quán, cơ quan chức năng sẽ xử lý vụ việc dân sự thế nào?",91/2015/qh13#5|91/2015/qh13#419|73/vbhn-vpqh#66|91/2015/qh13#103|91/2015/qh13#420,91/2015/qh13#6,0.0,0,conditional
q-448,"Khi không thể áp dụng luật tương tự, các căn cứ nào khác được dùng để giải quyết tranh chấp dân sự?",91/2015/qh13#6|91/2015/qh13#688|91/2015/qh13#14|45/2019/qh14#197|91/2015/qh13#153,91/2015/qh13#6,1.0,1.0,conditional
q-449,Nhà nước yêu cầu giữ gìn những giá trị nào khi thực hiện các nghĩa vụ dân sự?,91/2015/qh13#7|91/2015/qh13#348|52/2014/qh13#103|91/2015/qh13#324|91/2015/qh13#320,91/2015/qh13#7,1.0,1.0,clean_factoid
q-450,Pháp luật có khuyến khích các bên hòa giải trong tranh chấp dân sự hay không?,31/2024/qh15#235|45/2019/qh14#188|45/2019/qh14#196|45/2019/qh14#193|45/2019/qh14#197,91/2015/qh13#7,0.0,0,clean_factoid
q-451,Hãy liệt kê chín nguồn gốc làm phát sinh quyền lợi dân sự.,91/2015/qh13#28|91/2015/qh13#27|91/2015/qh13#120|91/2015/qh13#116|91/2015/qh13#508,91/2015/qh13#8,0.0,0,clean_factoid
q-452,Việc thực hiện quyền dân sự phải tuân thủ những nguyên tắc nào để không vi phạm pháp luật?,91/2015/qh13#3|45/2019/qh14#86|91/2015/qh13#10|45/2019/qh14#49|91/2015/qh13#12,91/2015/qh13#9,0.0,0,negative
q-453,Việc một cá nhân từ chối thực hiện quyền dân sự của mình có làm quyền đó mất đi không?,59/2020/qh14#53|59/2020/qh14#193|52/2014/qh13#73|91/2015/qh13#156|52/2014/qh13#68,91/2015/qh13#9,0.0,0,conditional
q-454,Hành vi lạm dụng quyền dân sự bị cấm trong những trường hợp nào?,59/2020/qh14#193|01/vbhn-vpqh#355|91/2015/qh13#123|91/2015/qh13#156|01/vbhn-vpqh#217,91/2015/qh13#10,0.0,0,negative
q-455,"Nếu lạm dụng quyền dân sự gây hậu quả, tòa án có thể áp dụng các hình thức xử lý nào?",91/2015/qh13#10|73/vbhn-vpqh#12|73/vbhn-vpqh#20|73/vbhn-vpqh#4|91/2015/qh13#688,91/2015/qh13#10,1.0,1.0,conditional
q-456,"Khi quyền dân sự bị xâm phạm, chủ thể có thể yêu cầu cơ quan thẩm quyền thực hiện các biện pháp bảo vệ nào?",91/2015/qh13#164|91/2015/qh13#11|91/2015/qh13#150|91/2015/qh13#15|91/2015/qh13#133,91/2015/qh13#11,1.0,0.5,clean_factoid
q-457,"Khi tự bảo vệ quyền lợi cá nhân, người dân cần căn cứ vào điều nào của bộ luật để đảm bảo hành động đó hợp pháp và không đi ngược lại các nguyên tắc chung?",52/2014/qh13#59|73/vbhn-vpqh#3|91/2015/qh13#12|52/2014/qh13#68|91/2015/qh13#3,91/2015/qh13#12,1.0,0.3333333333333333,multi_hop
q-458,"Nếu quyền dân sự bị xâm phạm, cá nhân hoặc tổ chức được nhận bồi thường toàn bộ thiệt hại trong những trường hợp nào ngoài thỏa thuận giữa các bên?",91/2015/qh13#13|91/2015/qh13#687|91/2015/qh13#585|91/2015/qh13#438|91/2015/qh13#607,91/2015/qh13#13,1.0,1.0,conditional
q-459,"Theo quy định pháp luật, tòa án và các cơ quan chức năng có trách nhiệm gì trong việc bảo đảm quyền dân sự cho người dân và doanh nghiệp?",59/2020/qh14#12|52/2014/qh13#24|59/2020/qh14#18|59/2020/qh14#8|91/2015/qh13#200,91/2015/qh13#14,0.0,0,clean_factoid
q-460,"Nếu phát sinh tranh chấp hoặc bị xâm phạm quyền dân sự, người dân nên thực hiện các thủ tục bảo vệ quyền lợi thông qua những cơ quan nào?",91/2015/qh13#14|45/2019/qh14#100|91/2015/qh13#15|91/2015/qh13#11|91/2015/qh13#133,91/2015/qh13#14,1.0,1.0,conditional
q-461,"Nếu chưa có điều luật cụ thể để áp dụng, tòa án cần dựa vào điều khoản nào trong bộ luật để giải quyết vụ việc thay vì từ chối thụ lý?",91/2015/qh13#14|52/2014/qh13#131|01/vbhn-vpqh#57|91/2015/qh13#688|73/vbhn-vpqh#60,91/2015/qh13#14,1.0,1.0,conditional
q-462,"Trong quá trình xử lý yêu cầu bảo vệ quyền lợi, tòa án hoặc cơ quan chức năng có quyền hủy bỏ những loại quyết định nào của tổ chức hay cá nhân có thẩm quyền?",91/2015/qh13#15|59/2020/qh14#153|91/2015/qh13#34|91/2015/qh13#33|45/2019/qh14#179,91/2015/qh13#15,1.0,1.0,multi_hop
q-463,"Khi một quyết định cá biệt bị hủy bỏ, quyền lợi dân sự của người bị ảnh hưởng sẽ được khôi phục và bảo vệ theo hình thức nào?",91/2015/qh13#15|91/2015/qh13#11|91/2015/qh13#133|91/2015/qh13#34|52/2014/qh13#67,91/2015/qh13#15,1.0,1.0,conditional
q-464,"Theo Điều 16, Bộ luật dân sự 2015, năng lực pháp luật dân sự của cá nhân là gì?",91/2015/qh13#674|91/2015/qh13#18|52/2014/qh13#24|91/2015/qh13#25|91/2015/qh13#24,91/2015/qh13#16,0.0,0,clean_factoid
q-465,"Theo Điều 16, Bộ luật dân sự 2015, năng lực pháp luật dân sự của cá nhân tồn tại khi nào?",91/2015/qh13#674|91/2015/qh13#60|91/2015/qh13#140|52/2014/qh13#24|91/2015/qh13#18,91/2015/qh13#16,0.0,0,conditional
q-466,Năng lực pháp luật dân sự của mỗi cá nhân bao gồm những nội dung cơ bản nào theo quy định pháp luật hiện hành?,52/2014/qh13#48|91/2015/qh13#674|91/2015/qh13#673|91/2015/qh13#25|91/2015/qh13#5,91/2015/qh13#17,0.0,0,clean_factoid
q-467,Pháp luật có cho phép hạn chế năng lực pháp luật dân sự của một cá nhân hay không?,91/2015/qh13#86|91/2015/qh13#18|91/2015/qh13#24|91/2015/qh13#156|91/2015/qh13#674,91/2015/qh13#18,1.0,0.5,clean_factoid
q-468,"Theo luật, thế nào được hiểu là năng lực hành vi dân sự của một cá nhân?",91/2015/qh13#674|91/2015/qh13#22|52/2014/qh13#24|52/2014/qh13#102|91/2015/qh13#25,91/2015/qh13#19,0.0,0,clean_factoid
q-469,Độ tuổi nào được coi là người thành niên theo quy định của pháp luật dân sự?,91/2015/qh13#21|52/2014/qh13#76|91/2015/qh13#125|45/2019/qh14#143|45/2019/qh14#3,91/2015/qh13#20,0.0,0,clean_factoid
q-470,Người đã thành niên có quyền và trách nhiệm thực hiện các hành vi dân sự như thế nào?,52/2014/qh13#73|52/2014/qh13#68|91/2015/qh13#59|91/2015/qh13#156|91/2015/qh13#20,91/2015/qh13#20,1.0,0.2,clean_factoid
q-471,Định nghĩa thế nào là người chưa thành niên và quy định về việc thực hiện giao dịch dân sự đối với nhóm người này ra sao?,52/2014/qh13#73|91/2015/qh13#125|91/2015/qh13#132|91/2015/qh13#21|91/2015/qh13#59,91/2015/qh13#21,1.0,0.25,clean_factoid
q-472,"Đối với trẻ em dưới 6 tuổi, việc thực hiện các giao dịch dân sự sẽ do ai đảm nhận?",91/2015/qh13#138|91/2015/qh13#21|73/vbhn-vpqh#90|91/2015/qh13#56|91/2015/qh13#55,91/2015/qh13#21,1.0,0.5,clean_factoid
q-473,Một người sẽ bị tuyên bố mất năng lực hành vi dân sự trong tình huống cụ thể nào?,91/2015/qh13#22|91/2015/qh13#125|91/2015/qh13#47|91/2015/qh13#132|91/2015/qh13#24,91/2015/qh13#22,1.0,1.0,conditional
q-474,Pháp luật quy định như thế nào về những người gặp khó khăn trong việc nhận thức và điều khiển hành vi của chính mình?,91/2015/qh13#23|91/2015/qh13#59|73/vbhn-vpqh#9|91/2015/qh13#46|91/2015/qh13#58,91/2015/qh13#23,1.0,1.0,clean_factoid
q-475,Ai là người đứng ra thay mặt thực hiện các giao dịch cho người bị mất năng lực hành vi dân sự?,91/2015/qh13#22|91/2015/qh13#125|91/2015/qh13#24|52/2014/qh13#24|91/2015/qh13#674,91/2015/qh13#22,1.0,1.0,clean_factoid
q-476,Trường hợp nào dẫn đến việc một người bị hạn chế năng lực hành vi dân sự theo quy định?,91/2015/qh13#24|91/2015/qh13#125|91/2015/qh13#674|52/2014/qh13#24|91/2015/qh13#60,91/2015/qh13#24,1.0,1.0,conditional
q-477,Quyền nhân thân được hiểu là gì và có đặc điểm pháp lý nào cần lưu ý?,91/2015/qh13#131|91/2015/qh13#427|91/2015/qh13#1|91/2015/qh13#36|73/vbhn-vpqh#2,91/2015/qh13#25,0.0,0,clean_factoid
q-478,"Khi muốn thực hiện các giao dịch liên quan đến quyền nhân thân của người đã mất hoặc bị mất tích, cần phải có sự đồng ý của ai?",91/2015/qh13#25|52/2014/qh13#24|91/2015/qh13#59|91/2015/qh13#33|91/2015/qh13#24,91/2015/qh13#25,1.0,1.0,clean_factoid
q-479,Luật dân sự năm 2015 quy định cách thức xác định họ và tên của một cá nhân như thế nào?,91/2015/qh13#26|31/2024/qh15#245|59/2020/qh14#149|59/2020/qh14#158|59/2020/qh14#176,91/2015/qh13#26,1.0,1.0,clean_factoid
q-480,Trong những tình huống nào thì một người có thể đề nghị cơ quan chức năng cho phép đổi họ?,01/vbhn-vpqh#127|91/2015/qh13#288|73/vbhn-vpqh#101|73/vbhn-vpqh#99|01/vbhn-vpqh#247,91/2015/qh13#27,0.0,0,conditional
q-481,Việc đổi họ có làm mất đi các quyền lợi hay trách nhiệm pháp lý gắn với họ cũ hay không?,45/2019/qh14#179|45/2019/qh14#100|91/2015/qh13#445|91/2015/qh13#27|45/2019/qh14#140,91/2015/qh13#27,1.0,0.25,clean_factoid
q-482,Pháp luật cho phép thay đổi tên cá nhân trong những trường hợp cụ thể nào?,91/2015/qh13#28|59/2020/qh14#31|59/2020/qh14#122|91/2015/qh13#60|73/vbhn-vpqh#53,91/2015/qh13#28,1.0,1.0,conditional
q-483,Các quy định về thủ tục đăng ký khai sinh và khai tử được nêu ra sao trong bộ luật dân sự?,91/2015/qh13#30|59/2020/qh14#127|91/2015/qh13#26|59/2020/qh14#119|59/2020/qh14#30,91/2015/qh13#30,1.0,1.0,clean_factoid
q-484,Quyền liên quan đến quốc tịch của mỗi cá nhân được hiểu như thế nào?,91/2015/qh13#672|91/2015/qh13#673|59/2020/qh14#23|91/2015/qh13#31|73/vbhn-vpqh#5,91/2015/qh13#31,1.0,0.25,clean_factoid
q-485,Cá nhân có những quyền gì đối với hình ảnh cá nhân của chính mình?,91/2015/qh13#32|91/2015/qh13#416|91/2015/qh13#34|91/2015/qh13#141|01/vbhn-vpqh#16,91/2015/qh13#32,1.0,1.0,clean_factoid
q-486,Khi nào việc sử dụng ảnh của người khác không cần phải xin phép chủ thể?,91/2015/qh13#171|91/2015/qh13#101|31/2024/qh15#121|01/vbhn-vpqh#326|91/2015/qh13#164,91/2015/qh13#32,0.0,0,conditional
q-487,"Nếu hình ảnh bị sử dụng trái phép, người có ảnh có quyền yêu cầu tòa án xử lý ra sao?",91/2015/qh13#32|01/vbhn-vpqh#326|01/vbhn-vpqh#91|73/vbhn-vpqh#116|91/2015/qh13#647,91/2015/qh13#32,1.0,1.0,clean_factoid
q-488,Pháp luật cho phép khám nghiệm tử thi trong những trường hợp nào?,91/2015/qh13#33|01/vbhn-vpqh#127|01/vbhn-vpqh#137|01/vbhn-vpqh#241|91/2015/qh13#657,91/2015/qh13#33,1.0,1.0,conditional
q-489,"Danh dự, nhân phẩm và uy tín cá nhân được pháp luật bảo vệ như thế nào?",91/2015/qh13#34|52/2014/qh13#21|91/2015/qh13#592|52/2014/qh13#5|91/2015/qh13#379,91/2015/qh13#34,1.0,1.0,clean_factoid
q-490,"Ngoài việc yêu cầu bác bỏ thông tin sai lệch, nạn nhân còn có quyền gì khác?",91/2015/qh13#34|59/2020/qh14#197|59/2020/qh14#141|91/2015/qh13#662|01/vbhn-vpqh#209,91/2015/qh13#34,1.0,1.0,clean_factoid
q-491,Điều kiện cần thiết để một người được phép xác định lại giới tính là gì?,91/2015/qh13#36|91/2015/qh13#28|31/2024/qh15#3|91/2015/qh13#49|31/2024/qh15#182,91/2015/qh13#36,1.0,1.0,conditional
q-492,"Sau khi chuyển đổi giới tính, người đó có những quyền và nghĩa vụ gì?",91/2015/qh13#37|91/2015/qh13#28|91/2015/qh13#416|91/2015/qh13#36|91/2015/qh13#427,91/2015/qh13#36,1.0,0.25,multi_hop
q-493,Việc đại diện cho các cơ quan nhà nước trong các giao dịch dân sự được quy định thế nào?,91/2015/qh13#98|52/2014/qh13#24|91/2015/qh13#143|91/2015/qh13#142|91/2015/qh13#126,91/2015/qh13#98,1.0,1.0,clean_factoid
q-494,Tài sản chung của các tổ chức không có tư cách pháp nhân được quản lý ra sao?,91/2015/qh13#102|91/2015/qh13#103|91/2015/qh13#101|91/2015/qh13#138|59/2020/qh14#177,91/2015/qh13#102,1.0,1.0,clean_factoid
q-495,Theo Bộ luật Dân sự năm 2015 tài sản hình thành trong tương lai bao gồm những loại tài sản nào?,91/2015/qh13#108|91/2015/qh13#105|91/2015/qh13#294|91/2015/qh13#293|91/2015/qh13#295,91/2015/qh13#108,1.0,1.0,clean_factoid
q-496,Bộ luật Dân sự năm 2015 quy định như thế nào về tài sản hiện có?,91/2015/qh13#689|91/2015/qh13#688|52/2014/qh13#68|59/2020/qh14#217|52/2014/qh13#16,91/2015/qh13#108,0.0,0,clean_factoid
q-497,"Đối với động sản, việc đăng ký sở hữu có bắt buộc hay không?",91/2015/qh13#167|91/2015/qh13#106|52/2014/qh13#32|91/2015/qh13#458|91/2015/qh13#228,91/2015/qh13#106,1.0,0.5,clean_factoid
q-498,Bộ luật Dân sự năm 2015 quy định như thế nào về huỷ bỏ quyết định tuyên bố mất tích?,91/2015/qh13#70|91/2015/qh13#68|91/2015/qh13#25|91/2015/qh13#69|91/2015/qh13#24,91/2015/qh13#70,1.0,1.0,clean_factoid
q-499,Hậu quả pháp lý khi tòa án hủy bỏ phán quyết tuyên bố một người đã chết là gì?,52/2014/qh13#67|91/2015/qh13#73|91/2015/qh13#70|91/2015/qh13#427|91/2015/qh13#72,91/2015/qh13#73,1.0,0.5,clean_factoid
q-500,Những tiêu chuẩn nào để một tổ chức được công nhận là pháp nhân?,91/2015/qh13#74|91/2015/qh13#78|45/2019/qh14#59|31/2024/qh15#28|31/2024/qh15#178,91/2015/qh13#74,1.0,1.0,conditional
q-501,Bất động sản có bắt buộc phải làm thủ tục đăng ký quyền sở hữu tại cơ quan nhà nước không?,91/2015/qh13#459|91/2015/qh13#177|91/2015/qh13#254|91/2015/qh13#106|59/2020/qh14#216,91/2015/qh13#106,1.0,0.25,clean_factoid
q-502,"Theo Bộ luật Dân sự năm 2015, Bất động sản bao gồm những loại nào?",91/2015/qh13#107|91/2015/qh13#689|91/2015/qh13#212|59/2020/qh14#217|52/2014/qh13#73,91/2015/qh13#107,1.0,1.0,clean_factoid
q-503,"Theo Bộ luật Dân sự 2015, lợi tức được hiểu như thế nào?",91/2015/qh13#121|91/2015/qh13#131|91/2015/qh13#689|91/2015/qh13#688|59/2020/qh14#217,91/2015/qh13#109,0.0,0,clean_factoid
q-504,Bộ luật Dân sự 2015 quy định thế nào về nơi lưu trú cá nhân?,91/2015/qh13#689|91/2015/qh13#40|59/2020/qh14#217|91/2015/qh13#64|91/2015/qh13#121,91/2015/qh13#40,1.0,0.5,clean_factoid
q-505,Khi nào tòa án có thể ra phán quyết một người vắng mặt lâu ngày là đã mất tích?,91/2015/qh13#69|91/2015/qh13#68|91/2015/qh13#70|91/2015/qh13#71|91/2015/qh13#64,91/2015/qh13#68,1.0,0.5,clean_factoid
q-506,Pháp nhân thương mại được hiểu là tổ chức như thế nào?,91/2015/qh13#75|91/2015/qh13#76|01/vbhn-vpqh#75|01/vbhn-vpqh#77|01/vbhn-vpqh#30,91/2015/qh13#75,1.0,1.0,clean_factoid
q-507,Định nghĩa về pháp nhân phi thương mại theo quy định hiện hành là gì?,91/2015/qh13#76|91/2015/qh13#75|01/vbhn-vpqh#74|31/2024/qh15#121|31/2024/qh15#206,91/2015/qh13#76,1.0,1.0,clean_factoid
q-508,Bộ luật Dân sự 2015 quy định thế nào về tên gọi của pháp nhân?,91/2015/qh13#78|91/2015/qh13#676|91/2015/qh13#1|91/2015/qh13#134|91/2015/qh13#46,91/2015/qh13#78,1.0,1.0,clean_factoid
q-509,Bộ luật Dân sự 2015 quy định thế nào về tài sản của pháp nhân?,91/2015/qh13#86|91/2015/qh13#87|91/2015/qh13#9|91/2015/qh13#663|91/2015/qh13#103,91/2015/qh13#81,0.0,0,clean_factoid
q-510,Quy chế pháp lý đối với chi nhánh và văn phòng đại diện của một pháp nhân được xác định ra sao?,91/2015/qh13#84|59/2020/qh14#45|59/2020/qh14#43|59/2020/qh14#40|59/2020/qh14#213,91/2015/qh13#84,1.0,1.0,clean_factoid
q-511,Pháp nhân có bị giới hạn quyền và nghĩa vụ dân sự hay không?,91/2015/qh13#10|91/2015/qh13#3|91/2015/qh13#87|91/2015/qh13#103|91/2015/qh13#86,91/2015/qh13#86,1.0,0.2,clean_factoid
q-512,Trong những tình huống nào thì một pháp nhân sẽ bị giải thể?,91/2015/qh13#93|91/2015/qh13#94|91/2015/qh13#96|01/vbhn-vpqh#364|91/2015/qh13#77,91/2015/qh13#93,1.0,1.0,conditional
q-513,Thời điểm nào được xem là chính thức chấm dứt sự tồn tại của một pháp nhân?,91/2015/qh13#96|91/2015/qh13#88|91/2015/qh13#92|91/2015/qh13#140|91/2015/qh13#89,91/2015/qh13#96,1.0,1.0,conditional
q-514,Nhà nước và các cơ quan công quyền phải chịu trách nhiệm dân sự với đối tác nước ngoài trong hoàn cảnh nào?,91/2015/qh13#100|91/2015/qh13#97|45/2019/qh14#213|45/2019/qh14#62|31/2024/qh15#207,91/2015/qh13#100,1.0,1.0,conditional
q-515,"Theo Bộ luật Dân sự 2015 “tài sản” được hiểu như thế nào và
bao gồm những gì?",59/2020/qh14#37|59/2020/qh14#217|31/2024/qh15#245|59/2020/qh14#41|59/2020/qh14#40,91/2015/qh13#105,0.0,0,clean_factoid
q-516,Tài sản là bất động sản có bắt buộc phải đăng ký quyền sở hữu tại cơ quan nhà nước không?,91/2015/qh13#459|91/2015/qh13#106|91/2015/qh13#177|91/2015/qh13#254|91/2015/qh13#133,91/2015/qh13#106,1.0,0.5,clean_factoid
q-517,"Theo Bộ luật Dân sự 2015, hoa lợi được hiểu như thế nào?",91/2015/qh13#121|91/2015/qh13#131|91/2015/qh13#689|91/2015/qh13#688|59/2020/qh14#217,91/2015/qh13#109,0.0,0,clean_factoid
q-518,"Theo Bộ luật Dân sự 2015, vật chính được hiểu như thế nào?",91/2015/qh13#121|91/2015/qh13#110|91/2015/qh13#225|91/2015/qh13#689|91/2015/qh13#688,91/2015/qh13#110,1.0,0.5,clean_factoid
q-519,"Theo Bộ luật Dân sự 2015, vật phụ được hiểu như thế nào?",91/2015/qh13#110|91/2015/qh13#318|91/2015/qh13#225|91/2015/qh13#121|91/2015/qh13#407,91/2015/qh13#110,1.0,1.0,clean_factoid
q-520,"Theo Bộ luật Dân sự 2015, vật chia được được hiểu như thế nào?",91/2015/qh13#121|91/2015/qh13#111|31/2024/qh15#245|91/2015/qh13#688|52/2014/qh13#66,91/2015/qh13#111,1.0,0.5,clean_factoid
VILEGAL_1791,Chiến sĩ Bộ đội biên phòng đang thi hành công vụ có thẩm quyền xử phạt như thế nào trong lĩnh vực hóa chất?,73/vbhn-vpqh#40|73/vbhn-vpqh#128|73/vbhn-vpqh#127|73/vbhn-vpqh#87|73/vbhn-vpqh#125,73/vbhn-vpqh#41,0.0,0,clean_factoid
VILEGAL_2328,Thế nào là sở hữu chéo giữa các doanh nghiệp theo quy định pháp luật?,59/2020/qh14#195|59/2020/qh14#5|91/2015/qh13#200|59/2020/qh14#89|59/2020/qh14#4,59/2020/qh14#195,1.0,1.0,clean_factoid
VILEGAL_0036,Doanh nghiệp muốn ngừng hoạt động thì cần báo trước cho cơ quan quản lý bao lâu?,59/2020/qh14#206|45/2019/qh14#41|45/2019/qh14#99|59/2020/qh14#110|01/vbhn-vpqh#23,59/2020/qh14#206,1.0,1.0,clean_factoid
VILEGAL_1044,Công ty đầu tư chứng khoán được hiểu thế nào?,59/2020/qh14#128|59/2020/qh14#125|59/2020/qh14#129|01/vbhn-vpqh#210|59/2020/qh14#127,59/2020/qh14#216,0.0,0,clean_factoid
VILEGAL_0111,Di chúc của người không biết chữ có bắt buộc phải công chứng hay chứng thực không?,91/2015/qh13#630|91/2015/qh13#636|91/2015/qh13#637|91/2015/qh13#628|91/2015/qh13#647,91/2015/qh13#634,0.0,0,clean_factoid
VILEGAL_2098,"Pháp nhân mới hình thành do chia, tách có phải thi hành án hình sự do pháp nhân thương mại cũ bị áp dụng không?",01/vbhn-vpqh#60|31/2024/qh15#28|01/vbhn-vpqh#75|91/2015/qh13#88|01/vbhn-vpqh#89,01/vbhn-vpqh#87,0.0,0,clean_factoid
VILEGAL_0308,Các thành viên quản lý cấp cao tại doanh nghiệp nhà nước có trách nhiệm và quyền lợi gì?,59/2020/qh14#215|59/2020/qh14#89|59/2020/qh14#210|59/2020/qh14#46|59/2020/qh14#4,59/2020/qh14#165,0.0,0,clean_factoid
VILEGAL_1589,"Việc cải thiện điều kiện lao động, xây dựng văn hóa an toàn lao động được quy định như thế nào?",45/2019/qh14#6|45/2019/qh14#135|31/2024/qh15#201|45/2019/qh14#214|45/2019/qh14#178,45/2019/qh14#137,0.0,0,clean_factoid
VILEGAL_1101,Người từng bị tòa tuyên bố đã chết nếu quay về thì có quyền đòi lại tài sản đã chia không?,52/2014/qh13#67|52/2014/qh13#66|91/2015/qh13#73|91/2015/qh13#615|91/2015/qh13#167,91/2015/qh13#72,0.0,0,clean_factoid
VILEGAL_0095,Chủ tịch xã được quyền xử phạt vi phạm hành chính cao nhất bao nhiêu tiền đối với các vấn đề trật tự xã hội?,73/vbhn-vpqh#23|73/vbhn-vpqh#52|73/vbhn-vpqh#134|59/2020/qh14#157|73/vbhn-vpqh#38,73/vbhn-vpqh#38,1.0,0.2,clean_factoid
VILEGAL_2154,Có được ủy quyền cho người khác đi gửi tiết kiệm ngân hàng không?,91/2015/qh13#575|91/2015/qh13#254|52/2014/qh13#32|91/2015/qh13#564|59/2020/qh14#14,91/2015/qh13#469,0.0,0,clean_factoid
VILEGAL_0404,Như thế nào được gọi là cổ phiếu đã phát hành?,59/2020/qh14#121|59/2020/qh14#124|59/2020/qh14#74|59/2020/qh14#111|59/2020/qh14#177,59/2020/qh14#112,0.0,0,clean_factoid
VILEGAL_1053,Giữa anh chị em ruột trong gia đình có những quyền và nghĩa vụ gì với nhau?,52/2014/qh13#106|52/2014/qh13#107|52/2014/qh13#3|52/2014/qh13#114|52/2014/qh13#17,52/2014/qh13#106,1.0,1.0,clean_factoid
VILEGAL_0367,Tên địa điểm kinh doanh bắt buộc phải có cụm từ “Địa điểm kinh doanh” không?,59/2020/qh14#40|59/2020/qh14#37|59/2020/qh14#41|59/2020/qh14#217|31/2024/qh15#248,59/2020/qh14#41,1.0,0.3333333333333333,clean_factoid
VILEGAL_2277,Việc lắp đặt máng xối hoặc đường thoát nước mưa sang đất của hàng xóm có được phép không?,91/2015/qh13#250|91/2015/qh13#252|91/2015/qh13#251|31/2024/qh15#38|31/2024/qh15#121,91/2015/qh13#250,1.0,1.0,clean_factoid
VILEGAL_1998,Quy chế nội bộ về quản trị công ty được ai xây dựng?,59/2020/qh14#161|59/2020/qh14#138|59/2020/qh14#104|59/2020/qh14#119|59/2020/qh14#162,59/2020/qh14#137,0.0,0,clean_factoid
VILEGAL_0358,Hội đồng thành viên có phải là cơ quan ra quyết định cao nhất tại công ty TNHH hai thành viên trở lên?,59/2020/qh14#157|59/2020/qh14#54|59/2020/qh14#58|59/2020/qh14#182|59/2020/qh14#55,59/2020/qh14#54,1.0,0.5,clean_factoid
VILEGAL_2515,"Khi luật không có quy định cụ thể, việc áp dụng tương tự pháp luật trong dân sự thực hiện thế nào?",91/2015/qh13#6|91/2015/qh13#5|91/2015/qh13#4|91/2015/qh13#663|45/2019/qh14#100,91/2015/qh13#6,1.0,1.0,conditional
VILEGAL_1336,"Trường hợp đất bị thu hồi làm dự án giao thông, người dân có quyền được thuê nhà tái định cư không?",31/2024/qh15#111|31/2024/qh15#92|31/2024/qh15#124|31/2024/qh15#91|31/2024/qh15#94,31/2024/qh15#125,0.0,0,conditional
VILEGAL_0290,Thực hiện về quyền cầm giữ tài sản được quy định như thế nào?,91/2015/qh13#349|91/2015/qh13#348|91/2015/qh13#350|91/2015/qh13#346|91/2015/qh13#412,91/2015/qh13#348,1.0,0.5,conditional
VILEGAL_2556,Mức thời gian được giảm thi hành án đối với người bị phạt cải tạo không giam giữ?,01/vbhn-vpqh#63|01/vbhn-vpqh#36|01/vbhn-vpqh#105|01/vbhn-vpqh#70|01/vbhn-vpqh#379,01/vbhn-vpqh#102,0.0,0,conditional
VILEGAL_2253,Các tiêu chuẩn để trở thành thành viên Hội đồng quản trị công ty đại chúng là gì?,59/2020/qh14#155|59/2020/qh14#169|59/2020/qh14#156|59/2020/qh14#162|59/2020/qh14#160,59/2020/qh14#155,1.0,1.0,conditional
VILEGAL_0167,Người đang bị hoãn thi hành án có cơ hội được xét tha tù trước thời hạn không?,01/vbhn-vpqh#66|01/vbhn-vpqh#106|01/vbhn-vpqh#378|01/vbhn-vpqh#63|01/vbhn-vpqh#7,01/vbhn-vpqh#66,1.0,1.0,conditional
VILEGAL_0366,Quy định về bồi thường bệnh nghề nghiệp khi bị suy giảm khả năng lao động 4%?,45/2019/qh14#219|45/2019/qh14#160|45/2019/qh14#37|45/2019/qh14#53|45/2019/qh14#59,45/2019/qh14#38,0.0,0,conditional
VILEGAL_2427,Nghĩa vụ cấp dưỡng của con đối với cha mẹ,52/2014/qh13#112|52/2014/qh13#68|52/2014/qh13#110|52/2014/qh13#80|52/2014/qh13#111,52/2014/qh13#115,0.0,0,conditional
VILEGAL_1817,Chủ doanh nghiệp tư nhân có phải chịu những khoản nợ sau khi bán doanh nghiệp?,59/2020/qh14#192|59/2020/qh14#205|59/2020/qh14#210|59/2020/qh14#190|59/2020/qh14#207,59/2020/qh14#191,0.0,0,conditional
VILEGAL_2377,Thỏa thuận về bảo lãnh được quy định như thế nào?,91/2015/qh13#339|91/2015/qh13#343|91/2015/qh13#335|91/2015/qh13#336|91/2015/qh13#341,91/2015/qh13#336,1.0,0.25,conditional
VILEGAL_1941,Xử lý vi phạm đối với người chấp hành án phạt cải tạo không giam giữ,01/vbhn-vpqh#379|01/vbhn-vpqh#36|01/vbhn-vpqh#381|01/vbhn-vpqh#70|01/vbhn-vpqh#63,01/vbhn-vpqh#100,0.0,0,conditional
VILEGAL_2269,Trộm điện thì xử phạt bao nhiêu?,01/vbhn-vpqh#314|01/vbhn-vpqh#199|45/2019/qh14#107|45/2019/qh14#99|31/2024/qh15#110,01/vbhn-vpqh#173,0.0,0,conditional
VILEGAL_1639,Làm công trừ nợ được không?,91/2015/qh13#600|91/2015/qh13#466|91/2015/qh13#512|91/2015/qh13#469|91/2015/qh13#94,91/2015/qh13#358,0.0,0,conditional
VILEGAL_0361,Phạt cọc gấp đôi thì có đúng quy định pháp luật?,52/2014/qh13#66|73/vbhn-vpqh#52|01/vbhn-vpqh#201|91/2015/qh13#428|73/vbhn-vpqh#3,91/2015/qh13#328,0.0,0,conditional
VILEGAL_1745,Vợ chồng tôi là dân tộc Kinh và Hà Nhì thì con thuộc dân tộc nào?,91/2015/qh13#29|52/2014/qh13#2|52/2014/qh13#88|52/2014/qh13#7|91/2015/qh13#7,91/2015/qh13#29,1.0,1.0,conditional
VILEGAL_2023,"Mức phạt khi sử dụng động vật chết do bệnh, dịch để chế biến thực phẩm được quy định như thế nào?",01/vbhn-vpqh#240|01/vbhn-vpqh#317|01/vbhn-vpqh#241|73/vbhn-vpqh#46|01/vbhn-vpqh#234,01/vbhn-vpqh#317,1.0,0.5,conditional
VILEGAL_1826,"Bị thương tật 25%, cơ quan nhà nước có khởi tố không?",73/vbhn-vpqh#62|73/vbhn-vpqh#63|01/vbhn-vpqh#304|31/2024/qh15#176|91/2015/qh13#229,01/vbhn-vpqh#155,0.0,0,conditional
VILEGAL_0944,Ai cũng được phép từ chối nhận tài sản thừa kế hay sao?,91/2015/qh13#650|91/2015/qh13#620|91/2015/qh13#647|91/2015/qh13#622|91/2015/qh13#651,91/2015/qh13#620,1.0,0.5,conditional
VILEGAL_0648,Bên nhận thế chấp có quyền cho bên thứ ba thuê lại tài sản đó không?,91/2015/qh13#324|91/2015/qh13#320|91/2015/qh13#538|91/2015/qh13#321|91/2015/qh13#323,91/2015/qh13#326,0.0,0,conditional
VILEGAL_0892,Nếu hủy hợp đồng trước hạn thì có phải bồi thường thiệt hại không?,91/2015/qh13#569|91/2015/qh13#520|91/2015/qh13#428|45/2019/qh14#129|91/2015/qh13#551,91/2015/qh13#428,1.0,0.3333333333333333,conditional
VILEGAL_2113,"Xử lý tài chính khi doanh nghiệp chấm dứt cam kết thực hiện mục tiêu xã hội, môi trường được quy định như thế nào?",59/2020/qh14#10|91/2015/qh13#76|91/2015/qh13#75|91/2015/qh13#3|59/2020/qh14#47,59/2020/qh14#16,0.0,0,conditional
VILEGAL_2028,Việc văn phòng đại diện đóng cửa có khiến hợp đồng lao động đương nhiên chấm dứt?,59/2020/qh14#213|45/2019/qh14#205|91/2015/qh13#84|45/2019/qh14#45|45/2019/qh14#203,45/2019/qh14#34,0.0,0,conditional
VILEGAL_0205,Không thực hiện hợp đồng có bị mất tiền cọc không?,91/2015/qh13#167|91/2015/qh13#580|45/2019/qh14#34|91/2015/qh13#427|91/2015/qh13#426,91/2015/qh13#328,0.0,0,conditional
VILEGAL_0044,Người đang trong thời gian thử thách án treo có được xin rút ngắn thời gian này không?,01/vbhn-vpqh#65|01/vbhn-vpqh#71|01/vbhn-vpqh#66|01/vbhn-vpqh#70|01/vbhn-vpqh#73,01/vbhn-vpqh#65,1.0,1.0,conditional
VILEGAL_0776,Chồng muốn bán căn nhà duy nhất đứng tên riêng thì có cần vợ đồng ý không?,52/2014/qh13#44|52/2014/qh13#31|52/2014/qh13#91|52/2014/qh13#63|52/2014/qh13#56,52/2014/qh13#31,1.0,0.5,conditional
VILEGAL_1735,Con riêng được nhận di sản thừa kế từ cha dượng không?,91/2015/qh13#654|52/2014/qh13#79|91/2015/qh13#644|91/2015/qh13#650|91/2015/qh13#653,91/2015/qh13#654,1.0,1.0,conditional
VILEGAL_0239,Hiệu lực pháp lý của di chúc miệng khi người lập di chúc phục hồi sức khỏe?,91/2015/qh13#630|91/2015/qh13#629|91/2015/qh13#627|91/2015/qh13#640|91/2015/qh13#643,91/2015/qh13#638,0.0,0,conditional
VILEGAL_0098,"Nếu thành viên chưa góp đủ vốn, công ty cần làm thủ tục thay đổi vốn trong bao lâu?",59/2020/qh14#47|59/2020/qh14#75|59/2020/qh14#178|59/2020/qh14#87|59/2020/qh14#51,59/2020/qh14#47,1.0,1.0,conditional
VILEGAL_2319,Nếu gia súc lạc vào nhà mình thì mình có quyền sở hữu chúng không?,91/2015/qh13#231|91/2015/qh13#225|91/2015/qh13#219|91/2015/qh13#226|31/2024/qh15#138,91/2015/qh13#229,0.0,0,conditional
VILEGAL_0752,"Khi mua bán hàng hóa, bên nào chịu rủi ro nếu tài sản bị hỏng hóc?",91/2015/qh13#441|91/2015/qh13#548|91/2015/qh13#496|91/2015/qh13#162|91/2015/qh13#450,91/2015/qh13#441,1.0,1.0,conditional
VILEGAL_1763,Tòa án có thể ra lệnh tạm dừng chia di sản thừa kế trong bao lâu?,91/2015/qh13#661|52/2014/qh13#66|91/2015/qh13#657|91/2015/qh13#655|91/2015/qh13#642,91/2015/qh13#661,1.0,1.0,conditional
VILEGAL_2016,Thời gian được phép đi khỏi nơi cư trú đối với người phạt quản chế?,01/vbhn-vpqh#43|73/vbhn-vpqh#131|01/vbhn-vpqh#36|01/vbhn-vpqh#95|73/vbhn-vpqh#115,01/vbhn-vpqh#63,0.0,0,conditional
VILEGAL_0665,Thành lập công ty lâm nghiệp trách nhiệm hữu hạn hai thành viên trở lên được quy định như thế nào?,59/2020/qh14#87|59/2020/qh14#46|59/2020/qh14#54|59/2020/qh14#204|59/2020/qh14#88,59/2020/qh14#23,0.0,0,multi_hop
VILEGAL_0722,Những cách nào được dùng để xử lý hậu quả sau khi vi phạm luật giao thông?,73/vbhn-vpqh#8|01/vbhn-vpqh#3|91/2015/qh13#645|91/2015/qh13#648|73/vbhn-vpqh#12,73/vbhn-vpqh#28,0.0,0,multi_hop
VILEGAL_0474,Bằng lái xe bị tước quyền sử dụng có được cấp đổi khi sắp hết hạn không?,73/vbhn-vpqh#80|45/2019/qh14#83|45/2019/qh14#177|01/vbhn-vpqh#70|45/2019/qh14#20,73/vbhn-vpqh#81,0.0,0,negative
VILEGAL_1322,Ủy ban nhân dân cấp xã có thẩm quyền xem xét giảm thời gian chấp hành án treo không?,73/vbhn-vpqh#131|31/2024/qh15#87|73/vbhn-vpqh#112|73/vbhn-vpqh#77|01/vbhn-vpqh#70,01/vbhn-vpqh#65,0.0,0,negative
VILEGAL_2405,Xe phân khối chạy tốc độ thấp có bị tạm giữ GPLX hay không?,73/vbhn-vpqh#122|73/vbhn-vpqh#125|01/vbhn-vpqh#377|73/vbhn-vpqh#126|01/vbhn-vpqh#38,73/vbhn-vpqh#125,1.0,0.5,negative
VILEGAL_1313,Người lao động nước ngoài làm việc không đúng với nội dung trong giấy phép lao động thì có bị trục xuất không?,45/2019/qh14#156|45/2019/qh14#153|45/2019/qh14#151|45/2019/qh14#34|45/2019/qh14#105,45/2019/qh14#152,0.0,0,negative
