quyền sở hữu tài sản gắn liền với đất
điều kiện
thành quả lao động
kết quả đầu tư
lợi ích
cải tạo, phục hồi đất nông nghiệp
quyền, lợi ích hợp pháp về đất đai của mình
quyền chuyển mục đích sử dụng đất
hành vi vi phạm quyền sử dụng đất hợp pháp
hành vi khác vi phạm pháp luật về đất đai
quyền chuyển đổi, chuyển nhượng, cho thuê, cho thuê lại, thừa kế, tặng cho quyền sử dụng đất
người đại diện
Hợp đồng chuyển nhượng
hợp đồng chuyển đổi quyền sử dụng đất nông nghiệp
hợp đồng chuyển nhượng
Văn bản về thừa kế quyền sử dụng đất
quy định của pháp luật về công chứng, chứng thực
khu công nghiệp, cụm công nghiệp, khu công nghệ cao
quyết định của cơ quan nhà nước có thẩm quyền về giải quyết tranh chấp đất đai
quyết định thi hành án của cơ quan thi hành án
quyết định hoặc phán quyết của Trọng tài thương mại Việt Nam
khu vực hạn chế tiếp cận đất đai
trình tự, thủ tục
Quyền đối với thửa đất liền kề
quyền về lối đi
cấp nước
thoát nước
tưới nước
tiêu nước
cấp khí ga
lắp đường dây tải điện
thông tin liên lạc
các nhu cầu cần thiết khác
quyền đối với thửa đất liền kề
quyền về lối đi
cấp nước, thoát nước; tưới nước, tiêu nước trong canh tác
hình thức Nhà nước cho thuê đất thu tiền thuê đất hằng năm
phần diện tích đó
mục đích
ranh giới thửa đất
quy định về sử dụng độ sâu trong lòng đất
chiều cao trên không
các công trình công cộng trong lòng đất
thủ tục khi chuyển đổi, chuyển nhượng, cho thuê, cho thuê lại, thừa kế, tặng cho quyền sử dụng đất, thế chấp, góp vốn bằng quyền sử dụng đất
nghĩa vụ tài chính về đất đai
biện pháp bảo vệ đất
khu vực đất bị ô nhiễm, thoái hóa
xử lý, cải tạo và phục hồi đất
quy định về bảo vệ môi trường
tài sản
lợi ích hợp pháp
vật trong lòng đất
quyền và nghĩa vụ chung
quyền chuyển đổi, chuyển nhượng, tặng cho, cho thuê quyền sử dụng đất, thế chấp, góp vốn bằng quyền sử dụng đất
các công trình phục vụ lợi ích chung của cộng đồng
đường giao thông
nhà tình thương
quyền
nghĩa vụ
dự án đầu tư xây dựng nhà ở xã hội
lực lượng vũ trang nhân dân
quyền và nghĩa vụ
dự án đầu tư
quyền và nghĩa vụ
chuyển nhượng, góp vốn bằng quyền sử dụng đất
Quyền và nghĩa vụ chung quy định tại Điều 26 và Điều 31 của Luật này
người mua tài sản gắn liền với đất và quyền thuê trong hợp đồng thuê đất
quyền và nghĩa vụ của người sử dụng đất
người nhận góp vốn bằng tài sản
tài sản thuộc sở hữu của mình gắn liền với đất và quyền thuê trong hợp đồng thuê đất
nghĩa vụ tài chính
quyền và nghĩa vụ
phương án được cơ quan chủ quản phê duyệt
pháp luật về xây dựng
đất do đơn vị sự nghiệp công lập đang sử dụng
đề án sử dụng tài sản công vào mục đích cho thuê, liên doanh, liên kết
đất thuê
quyền và nghĩa vụ
Tổ chức kinh tế nhận chuyển nhượng quyền sử dụng đất, chuyển mục đích sử dụng đất
Tổ chức kinh tế nhận chuyển nhượng quyền sử dụng đất
quyền
nghĩa vụ
Tổ chức kinh tế nhận chuyển nhượng quyền sử dụng đất nông nghiệp
quyền và nghĩa vụ quy định tại khoản 1 và khoản 3 Điều 33 của Luật này
quyền và nghĩa vụ quy định tại khoản 1 và khoản 3 Điều 33 của Luật này
Trường hợp nhận chuyển nhượng và chuyển mục đích sử dụng đất
quyền và nghĩa vụ quy định tại khoản 1 Điều 34 của Luật này
Nhà nước giao đất có thu tiền sử dụng đất
cho thuê đất thu tiền thuê đất một lần cho cả thời gian thuê
quyền và nghĩa vụ quy định tại khoản 1 và khoản 3 Điều 33 của Luật này
quyền và nghĩa vụ
khoản 1 Điều 34
quyền và nghĩa vụ
Đất của tổ chức kinh tế góp vốn
Đất của cá nhân góp vốn mà không phải là đất được Nhà nước cho thuê thu tiền thuê đất hằng năm.
hợp tác xã
liên hiệp hợp tác xã
Quyền sử dụng đất của tổ chức kinh tế
giải thể
phá sản
quy định của pháp luật về doanh nghiệp
pháp luật về phá sản
quyền và nghĩa vụ chung
cá nhân khác
đối tượng quy định tại khoản 1 Điều 44 của Luật này
giá trị của phần thừa kế đó
quyền và nghĩa vụ chung
người mua tài sản gắn liền với đất và quyền thuê trong hợp đồng thuê đất
quyền và nghĩa vụ của người sử dụng đất
tài sản thuộc sở hữu của mình gắn liền với đất và quyền thuê trong hợp đồng thuê đất
người nhận thừa kế, người được tặng cho tài sản và quyền thuê trong hợp đồng thuê đất
hợp đồng thuê đất
tổ chức, cá nhân, người gốc Việt Nam định cư ở nước ngoài
người nhận góp vốn bằng tài sản
quyền và nghĩa vụ
quyền và nghĩa vụ
quyền
nghĩa vụ
quyền và nghĩa vụ chung
quyền và nghĩa vụ quy định tại khoản 1 Điều 37 của Luật này
quyền và nghĩa vụ quy định tại khoản 2 Điều 37 của Luật này
quyền chuyển đổi, chuyển nhượng, tặng cho, cho thuê quyền sử dụng đất, thế chấp, góp vốn bằng quyền sử dụng đất
Quyền và nghĩa vụ chung
giấy phép của cơ quan nhà nước Việt Nam có thẩm quyền
công trình do mình xây dựng trên đất thuê
đất thuê
điều ước quốc tế
thỏa thuận quốc tế
điều ước quốc tế
quyền và nghĩa vụ
quyền và nghĩa vụ chung
Điều 26 và Điều 31 của Luật này
đất khu công nghiệp, cụm công nghiệp, khu công nghệ cao
dự án
quyền và nghĩa vụ chung
các quyền và nghĩa vụ
khoản 2 và khoản 3
hình thức nộp tiền sử dụng đất, trả tiền thuê đất
quyền và nghĩa vụ quy định tại khoản 3 Điều 33 của Luật này
khoản 3 Điều 41 của Luật này
Quyền và nghĩa vụ quy định tại khoản 2 Điều 41 của Luật này
quyền sử dụng đất do nhận góp vốn trước đó không thuộc trường hợp được sử dụng để thực hiện các dự án đầu tư nhà ở để bán
được cho thuê đất thu tiền thuê đất hằng năm theo quy định của Luật này
Quyền và nghĩa vụ quy định tại khoản 3 Điều 41 của Luật này
quyền sử dụng đất do nhận góp vốn trước đó không thuộc trường hợp được sử dụng để thực hiện các dự án đầu tư nhà ở để bán
thu tiền thuê đất một lần cho cả thời gian thuê theo quy định của Luật này
Quyền và nghĩa vụ quy định tại khoản 3 Điều 41 của Luật này
quyền sử dụng đất do nhận góp vốn trước đó
các dự án đầu tư nhà ở để bán
quyền, nghĩa vụ
quyền sử dụng đất trong khu công nghiệp, cụm công nghiệp, khu công nghệ cao
khoản 1 và khoản 3 Điều 33 của Luật này
khu công nghiệp
cụm công nghiệp
khu công nghệ cao
trả tiền thuê đất một lần cho cả thời gian thuê
trả tiền thuê lại đất một lần cho cả thời gian thuê lại
quyền và nghĩa vụ quy định tại khoản 1 và khoản 3 Điều 33 của Luật này
khu công nghiệp
cụm công nghiệp
khu công nghệ cao
khoản 1 Điều 34
Việt Nam
chuyển quyền sử dụng đất ở
các dự án phát triển nhà ở
các quyền và nghĩa vụ
quyền và nghĩa vụ chung
chuyển nhượng hoặc được tặng cho quyền sử dụng đất thừa kế
người được tặng cho
đối tượng được quy định tại điểm e khoản 1 Điều 37 của Luật này
bên tặng cho
người đại diện theo ủy quyền
tổ chức đăng ký đất đai
Sổ địa chính
người khác
người đại diện theo ủy quyền
phần thừa kế
người khác
nghĩa vụ
các quyền chuyển đổi, chuyển nhượng, cho thuê, cho thuê lại, thừa kế, tặng cho quyền sử dụng đất; thế chấp, góp vốn bằng quyền sử dụng đất
các điều kiện
khoản 7 Điều 124
dự án bất động sản
điều kiện khác
các quyền chuyển đổi, chuyển nhượng, cho thuê, cho thuê lại, thừa kế, tặng cho quyền sử dụng đất
các điều kiện quy định tại khoản 1 Điều này
các điều kiện theo các trường hợp sau đây
trường hợp mua, bán tài sản gắn liền với đất
chuyển đổi quyền sử dụng đất nông nghiệp
nghĩa vụ tài chính
các quyền chuyển đổi, chuyển nhượng, cho thuê, cho thuê lại, tặng cho quyền sử dụng đất, thế chấp, góp vốn bằng quyền sử dụng đất
phương án sử dụng đất nông nghiệp
phương án sử dụng đất nông nghiệp
Kế hoạch sản xuất, kinh doanh nông nghiệp
phương án sử dụng đất trồng lúa
người nhận tặng cho
trường hợp được chuyển mục đích sử dụng đất theo quy hoạch, kế hoạch sử dụng đất đã được cơ quan có thẩm quyền phê duyệt
quyền sử dụng đất ở và đất khác trong khu vực rừng phòng hộ, trong phân khu bảo vệ nghiêm ngặt, phân khu phục hồi sinh thái thuộc rừng đặc dụng đó
việc xây dựng
quy hoạch xây dựng chi tiết
dự án đầu tư đã được phê duyệt
bản án, quyết định của Tòa án đã có hiệu lực thi hành
quyết định cưỡng chế của cơ quan thi hành án dân sự
kết luận của cơ quan nhà nước có thẩm quyền về thanh tra, kiểm tra
tài sản gắn liền với đất và quyền thuê trong hợp đồng thuê đất
tiền đã ứng trước mà chưa được khấu trừ
quyền sở hữu tài sản gắn liền với đất
dự án xây dựng kinh doanh kết cấu hạ tầng
khoản 1 Điều 45 của Luật này
đơn vị hành chính cấp tỉnh
người có đất thu hồi
khoản 3 Điều 16
quyền sở hữu tài sản gắn liền với đất
điều kiện
thành quả lao động
kết quả đầu tư
lợi ích
cải tạo, phục hồi đất nông nghiệp
quyền, lợi ích hợp pháp về đất đai của mình
quyền chuyển mục đích sử dụng đất
hành vi vi phạm quyền sử dụng đất hợp pháp
hành vi khác vi phạm pháp luật về đất đai
quyền chuyển đổi, chuyển nhượng, cho thuê, cho thuê lại, thừa kế, tặng cho quyền sử dụng đất
người đại diện
Hợp đồng chuyển nhượng
hợp đồng chuyển đổi quyền sử dụng đất nông nghiệp
hợp đồng chuyển nhượng
Văn bản về thừa kế quyền sử dụng đất
quy định của pháp luật về công chứng, chứng thực
khu công nghiệp, cụm công nghiệp, khu công nghệ cao
quyết định của cơ quan nhà nước có thẩm quyền về giải quyết tranh chấp đất đai
quyết định thi hành án của cơ quan thi hành án
quyết định hoặc phán quyết của Trọng tài thương mại Việt Nam
khu vực hạn chế tiếp cận đất đai
trình tự, thủ tục
Quyền đối với thửa đất liền kề
quyền về lối đi
cấp nước
thoát nước
tưới nước
tiêu nước
cấp khí ga
lắp đường dây tải điện
thông tin liên lạc
các nhu cầu cần thiết khác
quyền đối với thửa đất liền kề
quyền về lối đi
cấp nước, thoát nước; tưới nước, tiêu nước trong canh tác
hình thức Nhà nước cho thuê đất thu tiền thuê đất hằng năm
phần diện tích đó
mục đích
ranh giới thửa đất
quy định về sử dụng độ sâu trong lòng đất
chiều cao trên không
các công trình công cộng trong lòng đất
thủ tục khi chuyển đổi, chuyển nhượng, cho thuê, cho thuê lại, thừa kế, tặng cho quyền sử dụng đất, thế chấp, góp vốn bằng quyền sử dụng đất
nghĩa vụ tài chính về đất đai
biện pháp bảo vệ đất
khu vực đất bị ô nhiễm, thoái hóa
xử lý, cải tạo và phục hồi đất
quy định về bảo vệ môi trường
tài sản
lợi ích hợp pháp
vật trong lòng đất
quyền và nghĩa vụ chung
quyền chuyển đổi, chuyển nhượng, tặng cho, cho thuê quyền sử dụng đất, thế chấp, góp vốn bằng quyền sử dụng đất
các công trình phục vụ lợi ích chung của cộng đồng
đường giao thông
nhà tình thương
quyền
nghĩa vụ
dự án đầu tư xây dựng nhà ở xã hội
lực lượng vũ trang nhân dân
quyền và nghĩa vụ
dự án đầu tư
quyền và nghĩa vụ
chuyển nhượng, góp vốn bằng quyền sử dụng đất
Quyền và nghĩa vụ chung quy định tại Điều 26 và Điều 31 của Luật này
người mua tài sản gắn liền với đất và quyền thuê trong hợp đồng thuê đất
quyền và nghĩa vụ của người sử dụng đất
người nhận góp vốn bằng tài sản
tài sản thuộc sở hữu của mình gắn liền với đất và quyền thuê trong hợp đồng thuê đất
nghĩa vụ tài chính
quyền và nghĩa vụ
phương án được cơ quan chủ quản phê duyệt
pháp luật về xây dựng
đất do đơn vị sự nghiệp công lập đang sử dụng
đề án sử dụng tài sản công vào mục đích cho thuê, liên doanh, liên kết
đất thuê
quyền và nghĩa vụ
Tổ chức kinh tế nhận chuyển nhượng quyền sử dụng đất, chuyển mục đích sử dụng đất
Tổ chức kinh tế nhận chuyển nhượng quyền sử dụng đất
quyền
nghĩa vụ
Tổ chức kinh tế nhận chuyển nhượng quyền sử dụng đất nông nghiệp
quyền và nghĩa vụ quy định tại khoản 1 và khoản 3 Điều 33 của Luật này
quyền và nghĩa vụ quy định tại khoản 1 và khoản 3 Điều 33 của Luật này
Trường hợp nhận chuyển nhượng và chuyển mục đích sử dụng đất
quyền và nghĩa vụ quy định tại khoản 1 Điều 34 của Luật này
Nhà nước giao đất có thu tiền sử dụng đất
cho thuê đất thu tiền thuê đất một lần cho cả thời gian thuê
quyền và nghĩa vụ quy định tại khoản 1 và khoản 3 Điều 33 của Luật này
quyền và nghĩa vụ
khoản 1 Điều 34
quyền và nghĩa vụ
Đất của tổ chức kinh tế góp vốn
Đất của cá nhân góp vốn mà không phải là đất được Nhà nước cho thuê thu tiền thuê đất hằng năm.
hợp tác xã
liên hiệp hợp tác xã
Quyền sử dụng đất của tổ chức kinh tế
giải thể
phá sản
quy định của pháp luật về doanh nghiệp
pháp luật về phá sản
quyền và nghĩa vụ chung
cá nhân khác
đối tượng quy định tại khoản 1 Điều 44 của Luật này
giá trị của phần thừa kế đó
quyền và nghĩa vụ chung
người mua tài sản gắn liền với đất và quyền thuê trong hợp đồng thuê đất
quyền và nghĩa vụ của người sử dụng đất
tài sản thuộc sở hữu của mình gắn liền với đất và quyền thuê trong hợp đồng thuê đất
người nhận thừa kế, người được tặng cho tài sản và quyền thuê trong hợp đồng thuê đất
hợp đồng thuê đất
tổ chức, cá nhân, người gốc Việt Nam định cư ở nước ngoài
người nhận góp vốn bằng tài sản
quyền và nghĩa vụ
quyền và nghĩa vụ
quyền
nghĩa vụ
quyền và nghĩa vụ chung
quyền và nghĩa vụ quy định tại khoản 1 Điều 37 của Luật này
quyền và nghĩa vụ quy định tại khoản 2 Điều 37 của Luật này
quyền chuyển đổi, chuyển nhượng, tặng cho, cho thuê quyền sử dụng đất, thế chấp, góp vốn bằng quyền sử dụng đất
Quyền và nghĩa vụ chung
giấy phép của cơ quan nhà nước Việt Nam có thẩm quyền
công trình do mình xây dựng trên đất thuê
đất thuê
điều ước quốc tế
thỏa thuận quốc tế
điều ước quốc tế
quyền và nghĩa vụ
quyền và nghĩa vụ chung
Điều 26 và Điều 31 của Luật này
đất khu công nghiệp, cụm công nghiệp, khu công nghệ cao
dự án
quyền và nghĩa vụ chung
các quyền và nghĩa vụ
khoản 2 và khoản 3
hình thức nộp tiền sử dụng đất, trả tiền thuê đất
quyền và nghĩa vụ quy định tại khoản 3 Điều 33 của Luật này
khoản 3 Điều 41 của Luật này
Quyền và nghĩa vụ quy định tại khoản 2 Điều 41 của Luật này
quyền sử dụng đất do nhận góp vốn trước đó không thuộc trường hợp được sử dụng để thực hiện các dự án đầu tư nhà ở để bán
được cho thuê đất thu tiền thuê đất hằng năm theo quy định của Luật này
Quyền và nghĩa vụ quy định tại khoản 3 Điều 41 của Luật này
quyền sử dụng đất do nhận góp vốn trước đó không thuộc trường hợp được sử dụng để thực hiện các dự án đầu tư nhà ở để bán
thu tiền thuê đất một lần cho cả thời gian thuê theo quy định của Luật này
Quyền và nghĩa vụ quy định tại khoản 3 Điều 41 của Luật này
quyền sử dụng đất do nhận góp vốn trước đó
các dự án đầu tư nhà ở để bán
quyền, nghĩa vụ
quyền sử dụng đất trong khu công nghiệp, cụm công nghiệp, khu công nghệ cao
khoản 1 và khoản 3 Điều 33 của Luật này
khu công nghiệp
cụm công nghiệp
khu công nghệ cao
trả tiền thuê đất một lần cho cả thời gian thuê
trả tiền thuê lại đất một lần cho cả thời gian thuê lại
quyền và nghĩa vụ quy định tại khoản 1 và khoản 3 Điều 33 của Luật này
khu công nghiệp
cụm công nghiệp
khu công nghệ cao
khoản 1 Điều 34
Việt Nam
chuyển quyền sử dụng đất ở
các dự án phát triển nhà ở
các quyền và nghĩa vụ
quyền và nghĩa vụ chung
chuyển nhượng hoặc được tặng cho quyền sử dụng đất thừa kế
người được tặng cho
đối tượng được quy định tại điểm e khoản 1 Điều 37 của Luật này
bên tặng cho
người đại diện theo ủy quyền
tổ chức đăng ký đất đai
Sổ địa chính
người khác
người đại diện theo ủy quyền
phần thừa kế
người khác
nghĩa vụ
các quyền chuyển đổi, chuyển nhượng, cho thuê, cho thuê lại, thừa kế, tặng cho quyền sử dụng đất; thế chấp, góp vốn bằng quyền sử dụng đất
các điều kiện
khoản 7 Điều 124
dự án bất động sản
điều kiện khác
các quyền chuyển đổi, chuyển nhượng, cho thuê, cho thuê lại, thừa kế, tặng cho quyền sử dụng đất
các điều kiện quy định tại khoản 1 Điều này
các điều kiện theo các trường hợp sau đây
trường hợp mua, bán tài sản gắn liền với đất
chuyển đổi quyền sử dụng đất nông nghiệp
nghĩa vụ tài chính
các quyền chuyển đổi, chuyển nhượng, cho thuê, cho thuê lại, tặng cho quyền sử dụng đất, thế chấp, góp vốn bằng quyền sử dụng đất
phương án sử dụng đất nông nghiệp
phương án sử dụng đất nông nghiệp
Kế hoạch sản xuất, kinh doanh nông nghiệp
phương án sử dụng đất trồng lúa
người nhận tặng cho
trường hợp được chuyển mục đích sử dụng đất theo quy hoạch, kế hoạch sử dụng đất đã được cơ quan có thẩm quyền phê duyệt
quyền sử dụng đất ở và đất khác trong khu vực rừng phòng hộ, trong phân khu bảo vệ nghiêm ngặt, phân khu phục hồi sinh thái thuộc rừng đặc dụng đó
việc xây dựng
quy hoạch xây dựng chi tiết
dự án đầu tư đã được phê duyệt
bản án, quyết định của Tòa án đã có hiệu lực thi hành
quyết định cưỡng chế của cơ quan thi hành án dân sự
kết luận của cơ quan nhà nước có thẩm quyền về thanh tra, kiểm tra
tài sản gắn liền với đất và quyền thuê trong hợp đồng thuê đất
tiền đã ứng trước mà chưa được khấu trừ
quyền sở hữu tài sản gắn liền với đất
dự án xây dựng kinh doanh kết cấu hạ tầng
khoản 1 Điều 45 của Luật này
đơn vị hành chính cấp tỉnh
người có đất thu hồi
khoản 3 Điều 16
UNRESOLVED:node1:e1 | nhà nước
UNRESOLVED:node1:e1 | nhà nước
UNRESOLVED:node1:e1 | chuyển giao
UNRESOLVED:doc_chuong-iii_muc-1_dieu-26_khoan-1_p223:e1 | Giấy chứng nhận quyền sử dụng đất
UNRESOLVED:doc_chuong-iii_muc-1_dieu-26_khoan-1_p223:e2 | quyền sở hữu tài sản gắn liền với đất
UNRESOLVED:doc_chuong-iii_muc-1_dieu-26_khoan-1_p223:e3 | điều kiện
UNRESOLVED:doc_chuong-iii_muc-1_dieu-26_khoan-2_p365:e1 | thành quả lao động
UNRESOLVED:doc_chuong-iii_muc-1_dieu-26_khoan-2_p365:e2 | kết quả đầu tư
UNRESOLVED:doc_chuong-iii_muc-1_dieu-26_khoan-3_p433:e2 | lợi ích
UNRESOLVED:doc_chuong-iii_muc-1_dieu-26_khoan-4_p521:e2 | cải tạo, phục hồi đất nông nghiệp
UNRESOLVED:doc_chuong-iii_muc-1_dieu-26_khoan-5_p602:e2 | quyền, lợi ích hợp pháp về đất đai của mình
UNRESOLVED:doc_chuong-iii_muc-1_dieu-26_khoan-6_p692:e1 | quyền chuyển mục đích sử dụng đất
UNRESOLVED:doc_chuong-iii_muc-1_dieu-26_khoan-8_p893:e4 | hành vi vi phạm quyền sử dụng đất hợp pháp
UNRESOLVED:doc_chuong-iii_muc-1_dieu-26_khoan-8_p893:e5 | hành vi khác vi phạm pháp luật về đất đai
UNRESOLVED:doc_chuong-iii_muc-1_dieu-27_khoan-1_p1179:e2 | quyền chuyển đổi, chuyển nhượng, cho thuê, cho thuê lại, thừa kế, tặng cho quyền sử dụng đất
UNRESOLVED:doc_chuong-iii_muc-1_dieu-27_khoan-2_diem-b_p1814:e3 | Giấy chứng nhận quyền sử dụng đất
UNRESOLVED:doc_chuong-iii_muc-1_dieu-27_khoan-2_diem-b_p1814:e4 | người đại diện
UNRESOLVED:doc_chuong-iii_muc-1_dieu-27_khoan-3_diem-a_p2588:e1 | Hợp đồng chuyển nhượng
UNRESOLVED:doc_chuong-iii_muc-1_dieu-27_khoan-3_diem-a_p2588:e2 | tặng cho
UNRESOLVED:doc_chuong-iii_muc-1_dieu-27_khoan-3_diem-a_p2588:e3 | thế chấp
UNRESOLVED:doc_chuong-iii_muc-1_dieu-27_khoan-3_diem-a_p2588:e4 | góp vốn bằng quyền sử dụng đất
UNRESOLVED:doc_chuong-iii_muc-1_dieu-27_khoan-3_diem-b_p2794:e1 | Hợp đồng cho thuê
UNRESOLVED:doc_chuong-iii_muc-1_dieu-27_khoan-3_diem-b_p2794:e5 | hợp đồng chuyển đổi quyền sử dụng đất nông nghiệp
UNRESOLVED:doc_chuong-iii_muc-1_dieu-27_khoan-3_diem-b_p2794:e6 | hợp đồng chuyển nhượng
UNRESOLVED:doc_chuong-iii_muc-1_dieu-27_khoan-3_diem-b_p2794:e7 | góp vốn bằng quyền sử dụng đất
UNRESOLVED:doc_chuong-iii_muc-1_dieu-27_khoan-3_diem-c_p3217:e1 | Văn bản về thừa kế quyền sử dụng đất
UNRESOLVED:doc_chuong-iii_muc-1_dieu-27_khoan-3_diem-d_p3372:e2 | quy định của pháp luật về công chứng, chứng thực
UNRESOLVED:doc_chuong-iii_muc-1_dieu-28_khoan-1_diem-c_p3714:e3 | quyền sử dụng đất
UNRESOLVED:doc_chuong-iii_muc-1_dieu-28_khoan-1_diem-c_p3714:e4 | khu công nghiệp, cụm công nghiệp, khu công nghệ cao
UNRESOLVED:doc_chuong-iii_muc-1_dieu-28_khoan-1_diem-e_p4162:e4 | quyền sử dụng đất
UNRESOLVED:doc_chuong-iii_muc-1_dieu-28_khoan-1_diem-n_p6316:e4 | quyết định của cơ quan nhà nước có thẩm quyền về giải quyết tranh chấp đất đai
UNRESOLVED:doc_chuong-iii_muc-1_dieu-28_khoan-1_diem-n_p6316:e5 | quyết định thi hành án của cơ quan thi hành án
UNRESOLVED:doc_chuong-iii_muc-1_dieu-28_khoan-1_diem-n_p6316:e6 | quyết định hoặc phán quyết của Trọng tài thương mại Việt Nam
UNRESOLVED:doc_chuong-iii_muc-1_dieu-28_khoan-2_p7178:e3 | quyền sử dụng đất
UNRESOLVED:doc_chuong-iii_muc-1_dieu-28_khoan-3_p7394:e1 | khu vực hạn chế tiếp cận đất đai
UNRESOLVED:doc_chuong-iii_muc-1_dieu-28_khoan-3_p7394:e5 | trình tự, thủ tục
UNRESOLVED:doc_chuong-iii_muc-1_dieu-29_khoan-1_p7605:e1 | Quyền đối với thửa đất liền kề
UNRESOLVED:doc_chuong-iii_muc-1_dieu-29_khoan-1_p7605:e2 | quyền về lối đi
UNRESOLVED:doc_chuong-iii_muc-1_dieu-29_khoan-1_p7605:e3 | cấp nước
UNRESOLVED:doc_chuong-iii_muc-1_dieu-29_khoan-1_p7605:e4 | thoát nước
UNRESOLVED:doc_chuong-iii_muc-1_dieu-29_khoan-1_p7605:e5 | tưới nước
UNRESOLVED:doc_chuong-iii_muc-1_dieu-29_khoan-1_p7605:e6 | tiêu nước
UNRESOLVED:doc_chuong-iii_muc-1_dieu-29_khoan-1_p7605:e7 | cấp khí ga
UNRESOLVED:doc_chuong-iii_muc-1_dieu-29_khoan-1_p7605:e8 | lắp đường dây tải điện
UNRESOLVED:doc_chuong-iii_muc-1_dieu-29_khoan-1_p7605:e9 | thông tin liên lạc
UNRESOLVED:doc_chuong-iii_muc-1_dieu-29_khoan-1_p7605:e10 | các nhu cầu cần thiết khác
UNRESOLVED:doc_chuong-iii_muc-1_dieu-29_khoan-2_p7834:e1 | quyền đối với thửa đất liền kề
UNRESOLVED:doc_chuong-iii_muc-1_dieu-29_khoan-2_p7834:e4 | quyền về lối đi
UNRESOLVED:doc_chuong-iii_muc-1_dieu-29_khoan-2_p7834:e5 | cấp nước, thoát nước; tưới nước, tiêu nước trong canh tác
UNRESOLVED:doc_chuong-iii_muc-1_dieu-30_khoan-2_p8782:e6 | Tiền thuê đất
UNRESOLVED:doc_chuong-iii_muc-1_dieu-30_khoan-2_p8782:e7 | tiền thuê đất hằng năm
UNRESOLVED:doc_chuong-iii_muc-1_dieu-30_khoan-3_p9133:e3 | hình thức Nhà nước cho thuê đất thu tiền thuê đất hằng năm
UNRESOLVED:doc_chuong-iii_muc-1_dieu-30_khoan-3_p9133:e4 | phần diện tích đó
UNRESOLVED:doc_chuong-iii_muc-1_dieu-31_khoan-1_p9477:e3 | mục đích
UNRESOLVED:doc_chuong-iii_muc-1_dieu-31_khoan-1_p9477:e4 | ranh giới thửa đất
UNRESOLVED:doc_chuong-iii_muc-1_dieu-31_khoan-1_p9477:e5 | quy định về sử dụng độ sâu trong lòng đất
UNRESOLVED:doc_chuong-iii_muc-1_dieu-31_khoan-1_p9477:e6 | chiều cao trên không
UNRESOLVED:doc_chuong-iii_muc-1_dieu-31_khoan-1_p9477:e7 | các công trình công cộng trong lòng đất
UNRESOLVED:doc_chuong-iii_muc-1_dieu-31_khoan-1_p9477:e8 | quy định khác của pháp luật có liên quan
UNRESOLVED:doc_chuong-iii_muc-1_dieu-31_khoan-2_p9703:e2 | thủ tục khi chuyển đổi, chuyển nhượng, cho thuê, cho thuê lại, thừa kế, tặng cho quyền sử dụng đất, thế chấp, góp vốn bằng quyền sử dụng đất
UNRESOLVED:doc_chuong-iii_muc-1_dieu-31_khoan-3_p9925:e1 | nghĩa vụ tài chính về đất đai
UNRESOLVED:doc_chuong-iii_muc-1_dieu-31_khoan-4_p9994:e1 | biện pháp bảo vệ đất
UNRESOLVED:doc_chuong-iii_muc-1_dieu-31_khoan-4_p9994:e2 | khu vực đất bị ô nhiễm, thoái hóa
UNRESOLVED:doc_chuong-iii_muc-1_dieu-31_khoan-4_p9994:e3 | xử lý, cải tạo và phục hồi đất
UNRESOLVED:doc_chuong-iii_muc-1_dieu-31_khoan-5_p10115:e2 | quy định về bảo vệ môi trường
UNRESOLVED:doc_chuong-iii_muc-1_dieu-31_khoan-5_p10115:e3 | tài sản
UNRESOLVED:doc_chuong-iii_muc-1_dieu-31_khoan-5_p10115:e4 | lợi ích hợp pháp
UNRESOLVED:doc_chuong-iii_muc-1_dieu-31_khoan-6_p10241:e2 | quy định của pháp luật
UNRESOLVED:doc_chuong-iii_muc-1_dieu-31_khoan-6_p10241:e3 | vật trong lòng đất
UNRESOLVED:doc_chuong-iii_muc-1_dieu-31_khoan-7_p10310:e3 | quy định của pháp luật
UNRESOLVED:doc_chuong-iii_muc-2_dieu-32_khoan-1_p10650:e5 | quyền và nghĩa vụ chung
UNRESOLVED:doc_chuong-iii_muc-2_dieu-32_khoan-2_p10839:e5 | quyền chuyển đổi, chuyển nhượng, tặng cho, cho thuê quyền sử dụng đất, thế chấp, góp vốn bằng quyền sử dụng đất
UNRESOLVED:doc_chuong-iii_muc-2_dieu-33_khoan-1_diem-b_p11462:e2 | quyền sử dụng đất
UNRESOLVED:doc_chuong-iii_muc-2_dieu-33_khoan-1_diem-b_p11462:e3 | tài sản thuộc sở hữu của mình gắn liền với đất
UNRESOLVED:doc_chuong-iii_muc-2_dieu-33_khoan-1_diem-c_p11543:e2 | quyền sử dụng đất
UNRESOLVED:doc_chuong-iii_muc-2_dieu-33_khoan-1_diem-c_p11543:e3 | tài sản thuộc sở hữu của mình gắn liền với đất
UNRESOLVED:doc_chuong-iii_muc-2_dieu-33_khoan-1_diem-c_p11543:e4 | quyền sử dụng đất
UNRESOLVED:doc_chuong-iii_muc-2_dieu-33_khoan-1_diem-c_p11543:e5 | tài sản thuộc sở hữu của mình gắn liền với đất
UNRESOLVED:doc_chuong-iii_muc-2_dieu-33_khoan-1_diem-d_p11859:e4 | các công trình phục vụ lợi ích chung của cộng đồng
UNRESOLVED:doc_chuong-iii_muc-2_dieu-33_khoan-1_diem-d_p11859:e5 | đường giao thông
UNRESOLVED:doc_chuong-iii_muc-2_dieu-33_khoan-1_diem-d_p11859:e7 | nhà tình thương
UNRESOLVED:doc_chuong-iii_muc-2_dieu-33_khoan-2_p12614:e3 | quyền
UNRESOLVED:doc_chuong-iii_muc-2_dieu-33_khoan-2_p12614:e4 | nghĩa vụ
UNRESOLVED:doc_chuong-iii_muc-2_dieu-33_khoan-3_diem-a_p13127:e3 | dự án đầu tư xây dựng nhà ở xã hội
UNRESOLVED:doc_chuong-iii_muc-2_dieu-33_khoan-3_diem-a_p13127:e4 | lực lượng vũ trang nhân dân
UNRESOLVED:doc_chuong-iii_muc-2_dieu-33_khoan-3_diem-a_p13127:e6 | quyền và nghĩa vụ
UNRESOLVED:doc_chuong-iii_muc-2_dieu-33_khoan-3_diem-b_p13433:e3 | dự án đầu tư
UNRESOLVED:doc_chuong-iii_muc-2_dieu-33_khoan-3_diem-b_p13433:e4 | tiền sử dụng đất
UNRESOLVED:doc_chuong-iii_muc-2_dieu-33_khoan-3_diem-b_p13433:e5 | tiền thuê đất
UNRESOLVED:doc_chuong-iii_muc-2_dieu-33_khoan-3_diem-b_p13433:e6 | quyền và nghĩa vụ
UNRESOLVED:doc_chuong-iii_muc-2_dieu-33_khoan-3_diem-b_p13433:e7 | chuyển nhượng, góp vốn bằng quyền sử dụng đất
UNRESOLVED:doc_chuong-iii_muc-2_dieu-33_khoan-3_diem-b_p13433:e8 | khoản tiền
UNRESOLVED:doc_chuong-iii_muc-2_dieu-34_khoan-1_diem-a_p14396:e1 | Quyền và nghĩa vụ chung quy định tại Điều 26 và Điều 31 của Luật này
UNRESOLVED:doc_chuong-iii_muc-2_dieu-34_khoan-1_diem-c_p14648:e5 | tài sản thuộc sở hữu của mình gắn liền với đất
UNRESOLVED:doc_chuong-iii_muc-2_dieu-34_khoan-1_diem-c_p14648:e8 | người mua tài sản gắn liền với đất và quyền thuê trong hợp đồng thuê đất
UNRESOLVED:doc_chuong-iii_muc-2_dieu-34_khoan-1_diem-c_p14648:e9 | quyền và nghĩa vụ của người sử dụng đất
UNRESOLVED:doc_chuong-iii_muc-2_dieu-34_khoan-1_diem-d_p15135:e3 | người nhận góp vốn bằng tài sản
UNRESOLVED:doc_chuong-iii_muc-2_dieu-34_khoan-1_diem-d_p15343:e5 | tài sản thuộc sở hữu của mình gắn liền với đất và quyền thuê trong hợp đồng thuê đất
UNRESOLVED:doc_chuong-iii_muc-2_dieu-34_khoan-1_diem-e_p15442:e5 | quyền sử dụng đất
UNRESOLVED:doc_chuong-iii_muc-2_dieu-34_khoan-1_diem-e_p15442:e9 | nghĩa vụ tài chính
UNRESOLVED:doc_chuong-iii_muc-2_dieu-34_khoan-2_p15825:e2 | quyền và nghĩa vụ
UNRESOLVED:doc_chuong-iii_muc-2_dieu-34_khoan-2_diem-a_p16355:e3 | phương án được cơ quan chủ quản phê duyệt
UNRESOLVED:doc_chuong-iii_muc-2_dieu-34_khoan-2_diem-a_p16355:e6 | pháp luật về xây dựng
UNRESOLVED:doc_chuong-iii_muc-2_dieu-34_khoan-2_diem-b_p16777:e1 | đất do đơn vị sự nghiệp công lập đang sử dụng
UNRESOLVED:doc_chuong-iii_muc-2_dieu-34_khoan-2_diem-b_p16777:e3 | đề án sử dụng tài sản công vào mục đích cho thuê, liên doanh, liên kết
UNRESOLVED:doc_chuong-iii_muc-2_dieu-34_khoan-3_p17074:e3 | đất thuê
UNRESOLVED:doc_chuong-iii_muc-2_dieu-34_khoan-3_p17074:e4 | quyền và nghĩa vụ
UNRESOLVED:doc_chuong-iii_muc-2_dieu-35_khoan-1_p17394:e1 | Tổ chức kinh tế nhận chuyển nhượng quyền sử dụng đất, chuyển mục đích sử dụng đất
UNRESOLVED:doc_chuong-iii_muc-2_dieu-35_khoan-2_p17549:e1 | Tổ chức kinh tế nhận chuyển nhượng quyền sử dụng đất
UNRESOLVED:doc_chuong-iii_muc-2_dieu-35_khoan-2_p17549:e3 | quyền
UNRESOLVED:doc_chuong-iii_muc-2_dieu-35_khoan-2_p17549:e4 | nghĩa vụ
UNRESOLVED:doc_chuong-iii_muc-2_dieu-35_khoan-3_diem-a_p17947:e1 | Tổ chức kinh tế nhận chuyển nhượng quyền sử dụng đất nông nghiệp
UNRESOLVED:doc_chuong-iii_muc-2_dieu-35_khoan-3_diem-a_p17947:e2 | quyền và nghĩa vụ quy định tại khoản 1 và khoản 3 Điều 33 của Luật này
UNRESOLVED:doc_chuong-iii_muc-2_dieu-35_khoan-3_diem-b_p18093:e2 | quyền và nghĩa vụ quy định tại khoản 1 và khoản 3 Điều 33 của Luật này
UNRESOLVED:doc_chuong-iii_muc-2_dieu-35_khoan-3_diem-c_p18366:e1 | Trường hợp nhận chuyển nhượng và chuyển mục đích sử dụng đất
UNRESOLVED:doc_chuong-iii_muc-2_dieu-35_khoan-3_diem-c_p18366:e3 | quyền và nghĩa vụ quy định tại khoản 1 Điều 34 của Luật này
UNRESOLVED:doc_chuong-iii_muc-2_dieu-35_khoan-4_diem-a_p18800:e1 | Nhà nước giao đất có thu tiền sử dụng đất
UNRESOLVED:doc_chuong-iii_muc-2_dieu-35_khoan-4_diem-a_p18800:e2 | cho thuê đất thu tiền thuê đất một lần cho cả thời gian thuê
UNRESOLVED:doc_chuong-iii_muc-2_dieu-35_khoan-4_diem-a_p18800:e3 | quyền và nghĩa vụ quy định tại khoản 1 và khoản 3 Điều 33 của Luật này
UNRESOLVED:doc_chuong-iii_muc-2_dieu-35_khoan-4_diem-b_p19014:e3 | quyền và nghĩa vụ
UNRESOLVED:doc_chuong-iii_muc-2_dieu-35_khoan-4_diem-b_p19014:e4 | khoản 1 Điều 34
UNRESOLVED:doc_chuong-iii_muc-2_dieu-36_khoan-1_p19302:e2 | quyền và nghĩa vụ
UNRESOLVED:doc_chuong-iii_muc-2_dieu-36_khoan-1_diem-a_p19477:e1 | Đất của tổ chức kinh tế góp vốn
UNRESOLVED:doc_chuong-iii_muc-2_dieu-36_khoan-1_diem-b_p19690:e1 | Đất của cá nhân góp vốn mà không phải là đất được Nhà nước cho thuê thu tiền thuê đất hằng năm.
UNRESOLVED:doc_chuong-iii_muc-2_dieu-36_khoan-2_diem-b_p20347:e2 | hợp tác xã
UNRESOLVED:doc_chuong-iii_muc-2_dieu-36_khoan-2_diem-b_p20347:e3 | liên hiệp hợp tác xã
UNRESOLVED:doc_chuong-iii_muc-2_dieu-36_khoan-3_p20984:e1 | Quyền sử dụng đất của tổ chức kinh tế
UNRESOLVED:doc_chuong-iii_muc-2_dieu-36_khoan-3_p20984:e3 | giải thể
UNRESOLVED:doc_chuong-iii_muc-2_dieu-36_khoan-3_p20984:e4 | phá sản
UNRESOLVED:doc_chuong-iii_muc-2_dieu-36_khoan-3_p20984:e5 | quy định của pháp luật về doanh nghiệp
UNRESOLVED:doc_chuong-iii_muc-2_dieu-36_khoan-3_p20984:e6 | pháp luật về phá sản
UNRESOLVED:doc_chuong-iii_muc-3_dieu-37_khoan-1_diem-a_p21627:e2 | quyền và nghĩa vụ chung
UNRESOLVED:doc_chuong-iii_muc-3_dieu-37_khoan-1_diem-b_p21698:e2 | quyền sử dụng đất nông nghiệp
UNRESOLVED:doc_chuong-iii_muc-3_dieu-37_khoan-1_diem-c_p21757:e2 | quyền sử dụng đất
UNRESOLVED:doc_chuong-iii_muc-3_dieu-37_khoan-1_diem-c_p21757:e3 | tài sản thuộc sở hữu của mình gắn liền với đất
UNRESOLVED:doc_chuong-iii_muc-3_dieu-37_khoan-1_diem-d_p21866:e2 | cá nhân khác
UNRESOLVED:doc_chuong-iii_muc-3_dieu-37_khoan-1_diem-d_p21866:e4 | quyền sử dụng đất
UNRESOLVED:doc_chuong-iii_muc-3_dieu-37_khoan-1_diem-d_p21866:e5 | tài sản thuộc sở hữu của mình gắn liền với đất
UNRESOLVED:doc_chuong-iii_muc-3_dieu-37_khoan-1_diem-d_p22025:e4 | đối tượng quy định tại khoản 1 Điều 44 của Luật này
UNRESOLVED:doc_chuong-iii_muc-3_dieu-37_khoan-1_diem-d_p22025:e5 | giá trị của phần thừa kế đó
UNRESOLVED:doc_chuong-iii_muc-3_dieu-37_khoan-1_diem-g_p22984:e2 | quyền sử dụng đất
UNRESOLVED:doc_chuong-iii_muc-3_dieu-37_khoan-1_diem-g_p22984:e3 | tài sản thuộc sở hữu của mình gắn liền với đất
UNRESOLVED:doc_chuong-iii_muc-3_dieu-37_khoan-2_diem-a_p23477:e2 | quyền và nghĩa vụ chung
UNRESOLVED:doc_chuong-iii_muc-3_dieu-37_khoan-2_diem-b_p23547:e3 | quyền thuê trong hợp đồng thuê đất
UNRESOLVED:doc_chuong-iii_muc-3_dieu-37_khoan-2_diem-b_p23547:e4 | người mua tài sản gắn liền với đất và quyền thuê trong hợp đồng thuê đất
UNRESOLVED:doc_chuong-iii_muc-3_dieu-37_khoan-2_diem-b_p23547:e5 | quyền và nghĩa vụ của người sử dụng đất
UNRESOLVED:doc_chuong-iii_muc-3_dieu-37_khoan-2_diem-c_p24048:e2 | tài sản thuộc sở hữu của mình gắn liền với đất và quyền thuê trong hợp đồng thuê đất
UNRESOLVED:doc_chuong-iii_muc-3_dieu-37_khoan-2_diem-c_p24048:e3 | người nhận thừa kế, người được tặng cho tài sản và quyền thuê trong hợp đồng thuê đất
UNRESOLVED:doc_chuong-iii_muc-3_dieu-37_khoan-2_diem-c_p24048:e6 | hợp đồng thuê đất
UNRESOLVED:doc_chuong-iii_muc-3_dieu-37_khoan-2_diem-d_p24309:e3 | quyền thuê trong hợp đồng thuê đất
UNRESOLVED:doc_chuong-iii_muc-3_dieu-37_khoan-2_diem-e_p24600:e3 | tổ chức, cá nhân, người gốc Việt Nam định cư ở nước ngoài
UNRESOLVED:doc_chuong-iii_muc-3_dieu-37_khoan-2_diem-e_p24600:e4 | người nhận góp vốn bằng tài sản
UNRESOLVED:doc_chuong-iii_muc-3_dieu-37_khoan-3_diem-a_p24987:e3 | quyền và nghĩa vụ
UNRESOLVED:doc_chuong-iii_muc-3_dieu-37_khoan-3_diem-b_p25125:e3 | quyền và nghĩa vụ
UNRESOLVED:doc_chuong-iii_muc-3_dieu-37_khoan-5_p25444:e4 | quyền
UNRESOLVED:doc_chuong-iii_muc-3_dieu-37_khoan-5_p25444:e5 | nghĩa vụ
UNRESOLVED:doc_chuong-iii_muc-3_dieu-38_khoan-1_p25756:e5 | quyền và nghĩa vụ chung
UNRESOLVED:doc_chuong-iii_muc-3_dieu-38_khoan-2_diem-a_p26278:e4 | quyền và nghĩa vụ quy định tại khoản 1 Điều 37 của Luật này
UNRESOLVED:doc_chuong-iii_muc-3_dieu-38_khoan-2_diem-b_p26470:e4 | quyền và nghĩa vụ quy định tại khoản 2 Điều 37 của Luật này
UNRESOLVED:doc_chuong-iii_muc-3_dieu-39_khoan-2_p26765:e4 | quyền để thừa kế
UNRESOLVED:doc_chuong-iii_muc-3_dieu-39_khoan-2_p26765:e5 | quyền chuyển đổi, chuyển nhượng, tặng cho, cho thuê quyền sử dụng đất, thế chấp, góp vốn bằng quyền sử dụng đất
UNRESOLVED:doc_chuong-iii_muc-4_dieu-40_khoan-1_diem-a_p27536:e1 | Quyền và nghĩa vụ chung
UNRESOLVED:doc_chuong-iii_muc-4_dieu-40_khoan-1_diem-b_p27606:e3 | giấy phép của cơ quan nhà nước Việt Nam có thẩm quyền
UNRESOLVED:doc_chuong-iii_muc-4_dieu-40_khoan-1_diem-c_p27699:e2 | công trình do mình xây dựng trên đất thuê
UNRESOLVED:doc_chuong-iii_muc-4_dieu-40_khoan-1_diem-c_p27699:e3 | đất thuê
UNRESOLVED:doc_chuong-iii_muc-4_dieu-40_khoan-1_diem-d_p27773:e3 | điều ước quốc tế
UNRESOLVED:doc_chuong-iii_muc-4_dieu-40_khoan-1_diem-d_p27773:e4 | thỏa thuận quốc tế
UNRESOLVED:doc_chuong-iii_muc-4_dieu-40_khoan-2_p28006:e3 | điều ước quốc tế
UNRESOLVED:doc_chuong-iii_muc-4_dieu-41_khoan-1_p28366:e3 | đất
UNRESOLVED:doc_chuong-iii_muc-4_dieu-41_khoan-1_p28366:e4 | tiền sử dụng đất
UNRESOLVED:doc_chuong-iii_muc-4_dieu-41_khoan-1_p28366:e5 | quyền và nghĩa vụ
UNRESOLVED:doc_chuong-iii_muc-4_dieu-41_khoan-2_p28544:e4 | đất
UNRESOLVED:doc_chuong-iii_muc-4_dieu-41_khoan-2_p28544:e5 | tiền thuê đất hằng năm
UNRESOLVED:doc_chuong-iii_muc-4_dieu-41_khoan-2_diem-a_p28714:e6 | quyền và nghĩa vụ chung
UNRESOLVED:doc_chuong-iii_muc-4_dieu-41_khoan-2_diem-a_p28714:e7 | Điều 26 và Điều 31 của Luật này
UNRESOLVED:doc_chuong-iii_muc-4_dieu-41_khoan-2_diem-c_p28899:e4 | tài sản thuộc sở hữu của mình gắn liền với đất
UNRESOLVED:doc_chuong-iii_muc-4_dieu-41_khoan-2_diem-d_p29112:e3 | tài sản thuộc sở hữu của mình gắn liền với đất
UNRESOLVED:doc_chuong-iii_muc-4_dieu-41_khoan-2_diem-d_p29572:e3 | tài sản thuộc sở hữu của mình gắn liền với đất
UNRESOLVED:doc_chuong-iii_muc-4_dieu-41_khoan-2_diem-e_p29670:e3 | đất khu công nghiệp, cụm công nghiệp, khu công nghệ cao
UNRESOLVED:doc_chuong-iii_muc-4_dieu-41_khoan-3_p30039:e4 | đất
UNRESOLVED:doc_chuong-iii_muc-4_dieu-41_khoan-3_p30039:e5 | tiền thuê đất
UNRESOLVED:doc_chuong-iii_muc-4_dieu-41_khoan-3_p30039:e6 | đất
UNRESOLVED:doc_chuong-iii_muc-4_dieu-41_khoan-3_p30039:e7 | dự án
UNRESOLVED:doc_chuong-iii_muc-4_dieu-41_khoan-3_diem-a_p30338:e4 | đất
UNRESOLVED:doc_chuong-iii_muc-4_dieu-41_khoan-3_diem-a_p30338:e5 | tiền thuê đất
UNRESOLVED:doc_chuong-iii_muc-4_dieu-41_khoan-3_diem-a_p30338:e6 | quyền và nghĩa vụ chung
UNRESOLVED:doc_chuong-iii_muc-4_dieu-41_khoan-3_diem-b_p30408:e3 | quyền sử dụng đất
UNRESOLVED:doc_chuong-iii_muc-4_dieu-41_khoan-3_diem-b_p30408:e4 | tài sản thuộc sở hữu của mình gắn liền với đất
UNRESOLVED:doc_chuong-iii_muc-4_dieu-41_khoan-3_diem-c_p30516:e3 | quyền sử dụng đất
UNRESOLVED:doc_chuong-iii_muc-4_dieu-41_khoan-3_diem-c_p30516:e4 | tài sản thuộc sở hữu của mình gắn liền với đất
UNRESOLVED:doc_chuong-iii_muc-4_dieu-41_khoan-3_diem-d_p30633:e3 | quyền sử dụng đất
UNRESOLVED:doc_chuong-iii_muc-4_dieu-41_khoan-3_diem-d_p30633:e4 | tài sản thuộc sở hữu của mình gắn liền với đất
UNRESOLVED:doc_chuong-iii_muc-4_dieu-41_khoan-4_p30850:e4 | các quyền và nghĩa vụ
UNRESOLVED:doc_chuong-iii_muc-4_dieu-41_khoan-4_p30850:e5 | khoản 2 và khoản 3
UNRESOLVED:doc_chuong-iii_muc-4_dieu-41_khoan-4_p30850:e6 | hình thức nộp tiền sử dụng đất, trả tiền thuê đất
UNRESOLVED:doc_chuong-iii_muc-4_dieu-41_khoan-5_p31108:e4 | đất
UNRESOLVED:doc_chuong-iii_muc-4_dieu-41_khoan-5_p31108:e5 | tiền sử dụng đất
UNRESOLVED:doc_chuong-iii_muc-4_dieu-41_khoan-5_p31108:e6 | tiền thuê đất
UNRESOLVED:doc_chuong-iii_muc-4_dieu-41_khoan-5_p31108:e7 | quyền và nghĩa vụ quy định tại khoản 3 Điều 33 của Luật này
UNRESOLVED:doc_chuong-iii_muc-4_dieu-42_khoan-1_p31581:e6 | khoản 3 Điều 41 của Luật này
UNRESOLVED:doc_chuong-iii_muc-4_dieu-42_khoan-2_diem-a_p32028:e1 | Quyền và nghĩa vụ quy định tại khoản 2 Điều 41 của Luật này
UNRESOLVED:doc_chuong-iii_muc-4_dieu-42_khoan-2_diem-a_p32028:e2 | quyền sử dụng đất do nhận góp vốn trước đó không thuộc trường hợp được sử dụng để thực hiện các dự án đầu tư nhà ở để bán
UNRESOLVED:doc_chuong-iii_muc-4_dieu-42_khoan-2_diem-a_p32028:e5 | được cho thuê đất thu tiền thuê đất hằng năm theo quy định của Luật này
UNRESOLVED:doc_chuong-iii_muc-4_dieu-42_khoan-2_diem-b_p32355:e1 | Quyền và nghĩa vụ quy định tại khoản 3 Điều 41 của Luật này
UNRESOLVED:doc_chuong-iii_muc-4_dieu-42_khoan-2_diem-b_p32355:e2 | quyền sử dụng đất do nhận góp vốn trước đó không thuộc trường hợp được sử dụng để thực hiện các dự án đầu tư nhà ở để bán
UNRESOLVED:doc_chuong-iii_muc-4_dieu-42_khoan-2_diem-b_p32355:e5 | thu tiền thuê đất một lần cho cả thời gian thuê theo quy định của Luật này
UNRESOLVED:doc_chuong-iii_muc-4_dieu-42_khoan-2_diem-c_p32703:e1 | Quyền và nghĩa vụ quy định tại khoản 3 Điều 41 của Luật này
UNRESOLVED:doc_chuong-iii_muc-4_dieu-42_khoan-2_diem-c_p32703:e2 | quyền sử dụng đất do nhận góp vốn trước đó
UNRESOLVED:doc_chuong-iii_muc-4_dieu-42_khoan-2_diem-c_p32703:e3 | các dự án đầu tư nhà ở để bán
UNRESOLVED:doc_chuong-iii_muc-4_dieu-42_khoan-3_p33000:e5 | quyền, nghĩa vụ
UNRESOLVED:doc_chuong-iii_muc-4_dieu-43_khoan-1_p33702:e2 | quyền sử dụng đất trong khu công nghiệp, cụm công nghiệp, khu công nghệ cao
UNRESOLVED:doc_chuong-iii_muc-4_dieu-43_khoan-1_p33702:e3 | khoản 1 và khoản 3 Điều 33 của Luật này
UNRESOLVED:doc_chuong-iii_muc-4_dieu-43_khoan-2_diem-a_p34109:e4 | khu công nghiệp
UNRESOLVED:doc_chuong-iii_muc-4_dieu-43_khoan-2_diem-a_p34109:e5 | cụm công nghiệp
UNRESOLVED:doc_chuong-iii_muc-4_dieu-43_khoan-2_diem-a_p34109:e6 | khu công nghệ cao
UNRESOLVED:doc_chuong-iii_muc-4_dieu-43_khoan-2_diem-a_p34109:e7 | trả tiền thuê đất một lần cho cả thời gian thuê
UNRESOLVED:doc_chuong-iii_muc-4_dieu-43_khoan-2_diem-a_p34109:e8 | trả tiền thuê lại đất một lần cho cả thời gian thuê lại
UNRESOLVED:doc_chuong-iii_muc-4_dieu-43_khoan-2_diem-a_p34109:e9 | quyền và nghĩa vụ quy định tại khoản 1 và khoản 3 Điều 33 của Luật này
UNRESOLVED:doc_chuong-iii_muc-4_dieu-43_khoan-2_diem-b_p34304:e4 | khu công nghiệp
UNRESOLVED:doc_chuong-iii_muc-4_dieu-43_khoan-2_diem-b_p34304:e5 | cụm công nghiệp
UNRESOLVED:doc_chuong-iii_muc-4_dieu-43_khoan-2_diem-b_p34304:e6 | khu công nghệ cao
UNRESOLVED:doc_chuong-iii_muc-4_dieu-43_khoan-2_diem-b_p34304:e8 | khoản 1 Điều 34
UNRESOLVED:doc_chuong-iii_muc-4_dieu-44_khoan-1_p34692:e2 | Việt Nam
UNRESOLVED:doc_chuong-iii_muc-4_dieu-44_khoan-1_p34692:e5 | chuyển quyền sử dụng đất ở
UNRESOLVED:doc_chuong-iii_muc-4_dieu-44_khoan-1_p34692:e6 | các dự án phát triển nhà ở
UNRESOLVED:doc_chuong-iii_muc-4_dieu-44_khoan-2_p34926:e2 | các quyền và nghĩa vụ
UNRESOLVED:doc_chuong-iii_muc-4_dieu-44_khoan-2_diem-a_p35046:e2 | quyền và nghĩa vụ chung
UNRESOLVED:doc_chuong-iii_muc-4_dieu-44_khoan-2_diem-b_p35116:e2 | quyền sử dụng đất ở
UNRESOLVED:doc_chuong-iii_muc-4_dieu-44_khoan-2_diem-b_p35116:e4 | Giấy chứng nhận quyền sử dụng đất, quyền sở hữu tài sản gắn liền với đất
UNRESOLVED:doc_chuong-iii_muc-4_dieu-44_khoan-3_p35912:e4 | Giấy chứng nhận quyền sử dụng đất
UNRESOLVED:doc_chuong-iii_muc-4_dieu-44_khoan-3_p35912:e5 | chuyển nhượng hoặc được tặng cho quyền sử dụng đất thừa kế
UNRESOLVED:doc_chuong-iii_muc-4_dieu-44_khoan-3_diem-a_p36407:e1 | bên chuyển nhượng
UNRESOLVED:doc_chuong-iii_muc-4_dieu-44_khoan-3_diem-b_p36548:e2 | người được tặng cho
UNRESOLVED:doc_chuong-iii_muc-4_dieu-44_khoan-3_diem-b_p36548:e3 | đối tượng được quy định tại điểm e khoản 1 Điều 37 của Luật này
UNRESOLVED:doc_chuong-iii_muc-4_dieu-44_khoan-3_diem-b_p36548:e4 | quy định của pháp luật về nhà ở
UNRESOLVED:doc_chuong-iii_muc-4_dieu-44_khoan-3_diem-b_p36548:e6 | bên tặng cho
UNRESOLVED:doc_chuong-iii_muc-4_dieu-44_khoan-3_diem-c_p36840:e2 | người đại diện theo ủy quyền
UNRESOLVED:doc_chuong-iii_muc-4_dieu-44_khoan-3_diem-c_p36840:e4 | tổ chức đăng ký đất đai
UNRESOLVED:doc_chuong-iii_muc-4_dieu-44_khoan-3_diem-c_p36840:e5 | Sổ địa chính
UNRESOLVED:doc_chuong-iii_muc-4_dieu-44_khoan-4_p37072:e2 | người khác
UNRESOLVED:doc_chuong-iii_muc-4_dieu-44_khoan-4_p37072:e4 | người đại diện theo ủy quyền
UNRESOLVED:doc_chuong-iii_muc-4_dieu-44_khoan-4_p37072:e5 | Giấy chứng nhận quyền sử dụng đất, quyền sở hữu tài sản gắn liền với đất
UNRESOLVED:doc_chuong-iii_muc-4_dieu-44_khoan-4_p37072:e6 | phần thừa kế
UNRESOLVED:doc_chuong-iii_muc-4_dieu-44_khoan-5_p38031:e2 | người khác
UNRESOLVED:doc_chuong-iii_muc-4_dieu-44_khoan-5_p38031:e4 | nghĩa vụ
UNRESOLVED:doc_chuong-iii_muc-5_dieu-45_khoan-1_p38579:e2 | các quyền chuyển đổi, chuyển nhượng, cho thuê, cho thuê lại, thừa kế, tặng cho quyền sử dụng đất; thế chấp, góp vốn bằng quyền sử dụng đất
UNRESOLVED:doc_chuong-iii_muc-5_dieu-45_khoan-1_p38579:e3 | các điều kiện
UNRESOLVED:doc_chuong-iii_muc-5_dieu-45_khoan-1_diem-a_p38784:e1 | Giấy chứng nhận quyền sử dụng đất
UNRESOLVED:doc_chuong-iii_muc-5_dieu-45_khoan-1_diem-a_p38784:e2 | Giấy chứng nhận quyền sở hữu nhà ở và quyền sử dụng đất ở
UNRESOLVED:doc_chuong-iii_muc-5_dieu-45_khoan-1_diem-a_p38784:e3 | Giấy chứng nhận quyền sử dụng đất, quyền sở hữu nhà ở và tài sản khác gắn liền với đất
UNRESOLVED:doc_chuong-iii_muc-5_dieu-45_khoan-1_diem-a_p38784:e4 | Giấy chứng nhận quyền sử dụng đất, quyền sở hữu tài sản gắn liền với đất
UNRESOLVED:doc_chuong-iii_muc-5_dieu-45_khoan-1_diem-a_p38784:e8 | khoản 7 Điều 124
UNRESOLVED:doc_chuong-iii_muc-5_dieu-45_khoan-2_p39738:e4 | dự án bất động sản
UNRESOLVED:doc_chuong-iii_muc-5_dieu-45_khoan-2_p39738:e5 | điều kiện khác
UNRESOLVED:doc_chuong-iii_muc-5_dieu-45_khoan-3_p39986:e2 | các quyền chuyển đổi, chuyển nhượng, cho thuê, cho thuê lại, thừa kế, tặng cho quyền sử dụng đất
UNRESOLVED:doc_chuong-iii_muc-5_dieu-45_khoan-3_p39986:e3 | các điều kiện quy định tại khoản 1 Điều này
UNRESOLVED:doc_chuong-iii_muc-5_dieu-45_khoan-3_p39986:e4 | các điều kiện theo các trường hợp sau đây
UNRESOLVED:doc_chuong-iii_muc-5_dieu-45_khoan-3_diem-a_p40271:e1 | trường hợp mua, bán tài sản gắn liền với đất
UNRESOLVED:doc_chuong-iii_muc-5_dieu-45_khoan-3_diem-a_p40271:e2 | quyền thuê trong hợp đồng thuê đất
UNRESOLVED:doc_chuong-iii_muc-5_dieu-45_khoan-3_diem-a_p40271:e4 | tiền thuê đất hằng năm
UNRESOLVED:doc_chuong-iii_muc-5_dieu-45_khoan-3_diem-b_p40472:e1 | chuyển đổi quyền sử dụng đất nông nghiệp
UNRESOLVED:doc_chuong-iii_muc-5_dieu-45_khoan-3_diem-c_p40594:e3 | quyền sử dụng đất
UNRESOLVED:doc_chuong-iii_muc-5_dieu-45_khoan-3_diem-c_p40594:e4 | điều kiện quy định tại Điều 48
UNRESOLVED:doc_chuong-iii_muc-5_dieu-45_khoan-4_p40816:e2 | Giấy chứng nhận quyền sử dụng đất
UNRESOLVED:doc_chuong-iii_muc-5_dieu-45_khoan-4_p40816:e3 | Giấy chứng nhận quyền sở hữu nhà ở và quyền sử dụng đất ở
UNRESOLVED:doc_chuong-iii_muc-5_dieu-45_khoan-4_p40816:e4 | Giấy chứng nhận quyền sử dụng đất, quyền sở hữu nhà ở và tài sản khác gắn liền với đất
UNRESOLVED:doc_chuong-iii_muc-5_dieu-45_khoan-4_p40816:e5 | Giấy chứng nhận quyền sử dụng đất, quyền sở hữu tài sản gắn liền với đất
UNRESOLVED:doc_chuong-iii_muc-5_dieu-45_khoan-5_p41303:e2 | nghĩa vụ tài chính
UNRESOLVED:doc_chuong-iii_muc-5_dieu-45_khoan-5_p41303:e3 | các quyền chuyển đổi, chuyển nhượng, cho thuê, cho thuê lại, tặng cho quyền sử dụng đất, thế chấp, góp vốn bằng quyền sử dụng đất
UNRESOLVED:doc_chuong-iii_muc-5_dieu-45_khoan-6_diem-a_p41826:e3 | phương án sử dụng đất nông nghiệp
UNRESOLVED:doc_chuong-iii_muc-5_dieu-45_khoan-6_diem-b_p41869:e3 | phương án sử dụng đất nông nghiệp
UNRESOLVED:doc_chuong-iii_muc-5_dieu-45_khoan-6_diem-b_p41869:e4 | Kế hoạch sản xuất, kinh doanh nông nghiệp
UNRESOLVED:doc_chuong-iii_muc-5_dieu-45_khoan-7_p41970:e4 | phương án sử dụng đất trồng lúa
UNRESOLVED:doc_chuong-iii_muc-5_dieu-45_khoan-7_p41970:e6 | người nhận tặng cho
UNRESOLVED:doc_chuong-iii_muc-5_dieu-45_khoan-8_diem-a_p42458:e5 | trường hợp được chuyển mục đích sử dụng đất theo quy hoạch, kế hoạch sử dụng đất đã được cơ quan có thẩm quyền phê duyệt
UNRESOLVED:doc_chuong-iii_muc-5_dieu-45_khoan-8_diem-b_p42694:e2 | quyền sử dụng đất ở và đất khác trong khu vực rừng phòng hộ, trong phân khu bảo vệ nghiêm ngặt, phân khu phục hồi sinh thái thuộc rừng đặc dụng đó
UNRESOLVED:doc_chuong-iii_muc-5_dieu-46_khoan-1_diem-b_p43672:e5 | việc xây dựng
UNRESOLVED:doc_chuong-iii_muc-5_dieu-46_khoan-1_diem-b_p43672:e6 | quy hoạch xây dựng chi tiết
UNRESOLVED:doc_chuong-iii_muc-5_dieu-46_khoan-1_diem-b_p43672:e7 | dự án đầu tư đã được phê duyệt
UNRESOLVED:doc_chuong-iii_muc-5_dieu-46_khoan-1_diem-b_p43672:e8 | bản án, quyết định của Tòa án đã có hiệu lực thi hành
UNRESOLVED:doc_chuong-iii_muc-5_dieu-46_khoan-1_diem-b_p43672:e9 | quyết định cưỡng chế của cơ quan thi hành án dân sự
UNRESOLVED:doc_chuong-iii_muc-5_dieu-46_khoan-1_diem-b_p43672:e10 | kết luận của cơ quan nhà nước có thẩm quyền về thanh tra, kiểm tra
UNRESOLVED:doc_chuong-iii_muc-5_dieu-46_khoan-2_diem-b_p44317:e2 | hỗ trợ
UNRESOLVED:doc_chuong-iii_muc-5_dieu-46_khoan-2_diem-b_p44317:e3 | tái định cư
UNRESOLVED:doc_chuong-iii_muc-5_dieu-46_khoan-3_p44416:e2 | tài sản gắn liền với đất và quyền thuê trong hợp đồng thuê đất
UNRESOLVED:doc_chuong-iii_muc-5_dieu-46_khoan-3_p44416:e5 | tiền đã ứng trước mà chưa được khấu trừ
UNRESOLVED:doc_chuong-iii_muc-5_dieu-46_khoan-4_p44769:e3 | Giấy chứng nhận quyền sử dụng đất
UNRESOLVED:doc_chuong-iii_muc-5_dieu-46_khoan-4_p44769:e4 | quyền sở hữu tài sản gắn liền với đất
UNRESOLVED:doc_chuong-iii_muc-5_dieu-46_khoan-5_p44959:e4 | dự án xây dựng kinh doanh kết cấu hạ tầng
UNRESOLVED:doc_chuong-iii_muc-5_dieu-46_khoan-5_p44959:e5 | khoản 1 Điều 45 của Luật này
UNRESOLVED:doc_chuong-iii_muc-5_dieu-47_p45245:e5 | đơn vị hành chính cấp tỉnh
UNRESOLVED:doc_chuong-iii_muc-5_dieu-48_khoan-1_p45727:e4 | quyền sử dụng đất
UNRESOLVED:doc_chuong-iii_muc-5_dieu-48_khoan-1_p45727:e8 | người có đất thu hồi
UNRESOLVED:doc_chuong-iii_muc-5_dieu-48_khoan-3_p46954:e5 | khoản 3 Điều 16
UNRESOLVED:doc_chuong-iii_muc-1_dieu-26_khoan-1_p223:e1 | Giấy chứng nhận quyền sử dụng đất
UNRESOLVED:doc_chuong-iii_muc-1_dieu-26_khoan-1_p223:e2 | quyền sở hữu tài sản gắn liền với đất
UNRESOLVED:doc_chuong-iii_muc-1_dieu-26_khoan-1_p223:e3 | điều kiện
UNRESOLVED:doc_chuong-iii_muc-1_dieu-26_khoan-2_p365:e1 | thành quả lao động
UNRESOLVED:doc_chuong-iii_muc-1_dieu-26_khoan-2_p365:e2 | kết quả đầu tư
UNRESOLVED:doc_chuong-iii_muc-1_dieu-26_khoan-3_p433:e2 | lợi ích
UNRESOLVED:doc_chuong-iii_muc-1_dieu-26_khoan-4_p521:e2 | cải tạo, phục hồi đất nông nghiệp
UNRESOLVED:doc_chuong-iii_muc-1_dieu-26_khoan-5_p602:e2 | quyền, lợi ích hợp pháp về đất đai của mình
UNRESOLVED:doc_chuong-iii_muc-1_dieu-26_khoan-6_p692:e1 | quyền chuyển mục đích sử dụng đất
UNRESOLVED:doc_chuong-iii_muc-1_dieu-26_khoan-8_p893:e4 | hành vi vi phạm quyền sử dụng đất hợp pháp
UNRESOLVED:doc_chuong-iii_muc-1_dieu-26_khoan-8_p893:e5 | hành vi khác vi phạm pháp luật về đất đai
UNRESOLVED:doc_chuong-iii_muc-1_dieu-27_khoan-1_p1179:e2 | quyền chuyển đổi, chuyển nhượng, cho thuê, cho thuê lại, thừa kế, tặng cho quyền sử dụng đất
UNRESOLVED:doc_chuong-iii_muc-1_dieu-27_khoan-2_diem-b_p1814:e3 | Giấy chứng nhận quyền sử dụng đất
UNRESOLVED:doc_chuong-iii_muc-1_dieu-27_khoan-2_diem-b_p1814:e4 | người đại diện
UNRESOLVED:doc_chuong-iii_muc-1_dieu-27_khoan-3_diem-a_p2588:e1 | Hợp đồng chuyển nhượng
UNRESOLVED:doc_chuong-iii_muc-1_dieu-27_khoan-3_diem-a_p2588:e2 | tặng cho
UNRESOLVED:doc_chuong-iii_muc-1_dieu-27_khoan-3_diem-a_p2588:e3 | thế chấp
UNRESOLVED:doc_chuong-iii_muc-1_dieu-27_khoan-3_diem-a_p2588:e4 | góp vốn bằng quyền sử dụng đất
UNRESOLVED:doc_chuong-iii_muc-1_dieu-27_khoan-3_diem-b_p2794:e1 | Hợp đồng cho thuê
UNRESOLVED:doc_chuong-iii_muc-1_dieu-27_khoan-3_diem-b_p2794:e5 | hợp đồng chuyển đổi quyền sử dụng đất nông nghiệp
UNRESOLVED:doc_chuong-iii_muc-1_dieu-27_khoan-3_diem-b_p2794:e6 | hợp đồng chuyển nhượng
UNRESOLVED:doc_chuong-iii_muc-1_dieu-27_khoan-3_diem-b_p2794:e7 | góp vốn bằng quyền sử dụng đất
UNRESOLVED:doc_chuong-iii_muc-1_dieu-27_khoan-3_diem-c_p3217:e1 | Văn bản về thừa kế quyền sử dụng đất
UNRESOLVED:doc_chuong-iii_muc-1_dieu-27_khoan-3_diem-d_p3372:e2 | quy định của pháp luật về công chứng, chứng thực
UNRESOLVED:doc_chuong-iii_muc-1_dieu-28_khoan-1_diem-c_p3714:e3 | quyền sử dụng đất
UNRESOLVED:doc_chuong-iii_muc-1_dieu-28_khoan-1_diem-c_p3714:e4 | khu công nghiệp, cụm công nghiệp, khu công nghệ cao
UNRESOLVED:doc_chuong-iii_muc-1_dieu-28_khoan-1_diem-e_p4162:e4 | quyền sử dụng đất
UNRESOLVED:doc_chuong-iii_muc-1_dieu-28_khoan-1_diem-n_p6316:e4 | quyết định của cơ quan nhà nước có thẩm quyền về giải quyết tranh chấp đất đai
UNRESOLVED:doc_chuong-iii_muc-1_dieu-28_khoan-1_diem-n_p6316:e5 | quyết định thi hành án của cơ quan thi hành án
UNRESOLVED:doc_chuong-iii_muc-1_dieu-28_khoan-1_diem-n_p6316:e6 | quyết định hoặc phán quyết của Trọng tài thương mại Việt Nam
UNRESOLVED:doc_chuong-iii_muc-1_dieu-28_khoan-2_p7178:e3 | quyền sử dụng đất
UNRESOLVED:doc_chuong-iii_muc-1_dieu-28_khoan-3_p7394:e1 | khu vực hạn chế tiếp cận đất đai
UNRESOLVED:doc_chuong-iii_muc-1_dieu-28_khoan-3_p7394:e5 | trình tự, thủ tục
UNRESOLVED:doc_chuong-iii_muc-1_dieu-29_khoan-1_p7605:e1 | Quyền đối với thửa đất liền kề
UNRESOLVED:doc_chuong-iii_muc-1_dieu-29_khoan-1_p7605:e2 | quyền về lối đi
UNRESOLVED:doc_chuong-iii_muc-1_dieu-29_khoan-1_p7605:e3 | cấp nước
UNRESOLVED:doc_chuong-iii_muc-1_dieu-29_khoan-1_p7605:e4 | thoát nước
UNRESOLVED:doc_chuong-iii_muc-1_dieu-29_khoan-1_p7605:e5 | tưới nước
UNRESOLVED:doc_chuong-iii_muc-1_dieu-29_khoan-1_p7605:e6 | tiêu nước
UNRESOLVED:doc_chuong-iii_muc-1_dieu-29_khoan-1_p7605:e7 | cấp khí ga
UNRESOLVED:doc_chuong-iii_muc-1_dieu-29_khoan-1_p7605:e8 | lắp đường dây tải điện
UNRESOLVED:doc_chuong-iii_muc-1_dieu-29_khoan-1_p7605:e9 | thông tin liên lạc
UNRESOLVED:doc_chuong-iii_muc-1_dieu-29_khoan-1_p7605:e10 | các nhu cầu cần thiết khác
UNRESOLVED:doc_chuong-iii_muc-1_dieu-29_khoan-2_p7834:e1 | quyền đối với thửa đất liền kề
UNRESOLVED:doc_chuong-iii_muc-1_dieu-29_khoan-2_p7834:e4 | quyền về lối đi
UNRESOLVED:doc_chuong-iii_muc-1_dieu-29_khoan-2_p7834:e5 | cấp nước, thoát nước; tưới nước, tiêu nước trong canh tác
UNRESOLVED:doc_chuong-iii_muc-1_dieu-30_khoan-2_p8782:e6 | Tiền thuê đất
UNRESOLVED:doc_chuong-iii_muc-1_dieu-30_khoan-2_p8782:e7 | tiền thuê đất hằng năm
UNRESOLVED:doc_chuong-iii_muc-1_dieu-30_khoan-3_p9133:e3 | hình thức Nhà nước cho thuê đất thu tiền thuê đất hằng năm
UNRESOLVED:doc_chuong-iii_muc-1_dieu-30_khoan-3_p9133:e4 | phần diện tích đó
UNRESOLVED:doc_chuong-iii_muc-1_dieu-31_khoan-1_p9477:e3 | mục đích
UNRESOLVED:doc_chuong-iii_muc-1_dieu-31_khoan-1_p9477:e4 | ranh giới thửa đất
UNRESOLVED:doc_chuong-iii_muc-1_dieu-31_khoan-1_p9477:e5 | quy định về sử dụng độ sâu trong lòng đất
UNRESOLVED:doc_chuong-iii_muc-1_dieu-31_khoan-1_p9477:e6 | chiều cao trên không
UNRESOLVED:doc_chuong-iii_muc-1_dieu-31_khoan-1_p9477:e7 | các công trình công cộng trong lòng đất
UNRESOLVED:doc_chuong-iii_muc-1_dieu-31_khoan-1_p9477:e8 | quy định khác của pháp luật có liên quan
UNRESOLVED:doc_chuong-iii_muc-1_dieu-31_khoan-2_p9703:e2 | thủ tục khi chuyển đổi, chuyển nhượng, cho thuê, cho thuê lại, thừa kế, tặng cho quyền sử dụng đất, thế chấp, góp vốn bằng quyền sử dụng đất
UNRESOLVED:doc_chuong-iii_muc-1_dieu-31_khoan-3_p9925:e1 | nghĩa vụ tài chính về đất đai
UNRESOLVED:doc_chuong-iii_muc-1_dieu-31_khoan-4_p9994:e1 | biện pháp bảo vệ đất
UNRESOLVED:doc_chuong-iii_muc-1_dieu-31_khoan-4_p9994:e2 | khu vực đất bị ô nhiễm, thoái hóa
UNRESOLVED:doc_chuong-iii_muc-1_dieu-31_khoan-4_p9994:e3 | xử lý, cải tạo và phục hồi đất
UNRESOLVED:doc_chuong-iii_muc-1_dieu-31_khoan-5_p10115:e2 | quy định về bảo vệ môi trường
UNRESOLVED:doc_chuong-iii_muc-1_dieu-31_khoan-5_p10115:e3 | tài sản
UNRESOLVED:doc_chuong-iii_muc-1_dieu-31_khoan-5_p10115:e4 | lợi ích hợp pháp
UNRESOLVED:doc_chuong-iii_muc-1_dieu-31_khoan-6_p10241:e2 | quy định của pháp luật
UNRESOLVED:doc_chuong-iii_muc-1_dieu-31_khoan-6_p10241:e3 | vật trong lòng đất
UNRESOLVED:doc_chuong-iii_muc-1_dieu-31_khoan-7_p10310:e3 | quy định của pháp luật
UNRESOLVED:doc_chuong-iii_muc-2_dieu-32_khoan-1_p10650:e5 | quyền và nghĩa vụ chung
UNRESOLVED:doc_chuong-iii_muc-2_dieu-32_khoan-2_p10839:e5 | quyền chuyển đổi, chuyển nhượng, tặng cho, cho thuê quyền sử dụng đất, thế chấp, góp vốn bằng quyền sử dụng đất
UNRESOLVED:doc_chuong-iii_muc-2_dieu-33_khoan-1_diem-b_p11462:e2 | quyền sử dụng đất
UNRESOLVED:doc_chuong-iii_muc-2_dieu-33_khoan-1_diem-b_p11462:e3 | tài sản thuộc sở hữu của mình gắn liền với đất
UNRESOLVED:doc_chuong-iii_muc-2_dieu-33_khoan-1_diem-c_p11543:e2 | quyền sử dụng đất
UNRESOLVED:doc_chuong-iii_muc-2_dieu-33_khoan-1_diem-c_p11543:e3 | tài sản thuộc sở hữu của mình gắn liền với đất
UNRESOLVED:doc_chuong-iii_muc-2_dieu-33_khoan-1_diem-c_p11543:e4 | quyền sử dụng đất
UNRESOLVED:doc_chuong-iii_muc-2_dieu-33_khoan-1_diem-c_p11543:e5 | tài sản thuộc sở hữu của mình gắn liền với đất
UNRESOLVED:doc_chuong-iii_muc-2_dieu-33_khoan-1_diem-d_p11859:e4 | các công trình phục vụ lợi ích chung của cộng đồng
UNRESOLVED:doc_chuong-iii_muc-2_dieu-33_khoan-1_diem-d_p11859:e5 | đường giao thông
UNRESOLVED:doc_chuong-iii_muc-2_dieu-33_khoan-1_diem-d_p11859:e7 | nhà tình thương
UNRESOLVED:doc_chuong-iii_muc-2_dieu-33_khoan-2_p12614:e3 | quyền
UNRESOLVED:doc_chuong-iii_muc-2_dieu-33_khoan-2_p12614:e4 | nghĩa vụ
UNRESOLVED:doc_chuong-iii_muc-2_dieu-33_khoan-3_diem-a_p13127:e3 | dự án đầu tư xây dựng nhà ở xã hội
UNRESOLVED:doc_chuong-iii_muc-2_dieu-33_khoan-3_diem-a_p13127:e4 | lực lượng vũ trang nhân dân
UNRESOLVED:doc_chuong-iii_muc-2_dieu-33_khoan-3_diem-a_p13127:e6 | quyền và nghĩa vụ
UNRESOLVED:doc_chuong-iii_muc-2_dieu-33_khoan-3_diem-b_p13433:e3 | dự án đầu tư
UNRESOLVED:doc_chuong-iii_muc-2_dieu-33_khoan-3_diem-b_p13433:e4 | tiền sử dụng đất
UNRESOLVED:doc_chuong-iii_muc-2_dieu-33_khoan-3_diem-b_p13433:e5 | tiền thuê đất
UNRESOLVED:doc_chuong-iii_muc-2_dieu-33_khoan-3_diem-b_p13433:e6 | quyền và nghĩa vụ
UNRESOLVED:doc_chuong-iii_muc-2_dieu-33_khoan-3_diem-b_p13433:e7 | chuyển nhượng, góp vốn bằng quyền sử dụng đất
UNRESOLVED:doc_chuong-iii_muc-2_dieu-33_khoan-3_diem-b_p13433:e8 | khoản tiền
UNRESOLVED:doc_chuong-iii_muc-2_dieu-34_khoan-1_diem-a_p14396:e1 | Quyền và nghĩa vụ chung quy định tại Điều 26 và Điều 31 của Luật này
UNRESOLVED:doc_chuong-iii_muc-2_dieu-34_khoan-1_diem-c_p14648:e5 | tài sản thuộc sở hữu của mình gắn liền với đất
UNRESOLVED:doc_chuong-iii_muc-2_dieu-34_khoan-1_diem-c_p14648:e8 | người mua tài sản gắn liền với đất và quyền thuê trong hợp đồng thuê đất
UNRESOLVED:doc_chuong-iii_muc-2_dieu-34_khoan-1_diem-c_p14648:e9 | quyền và nghĩa vụ của người sử dụng đất
UNRESOLVED:doc_chuong-iii_muc-2_dieu-34_khoan-1_diem-d_p15135:e3 | người nhận góp vốn bằng tài sản
UNRESOLVED:doc_chuong-iii_muc-2_dieu-34_khoan-1_diem-d_p15343:e5 | tài sản thuộc sở hữu của mình gắn liền với đất và quyền thuê trong hợp đồng thuê đất
UNRESOLVED:doc_chuong-iii_muc-2_dieu-34_khoan-1_diem-e_p15442:e5 | quyền sử dụng đất
UNRESOLVED:doc_chuong-iii_muc-2_dieu-34_khoan-1_diem-e_p15442:e9 | nghĩa vụ tài chính
UNRESOLVED:doc_chuong-iii_muc-2_dieu-34_khoan-2_p15825:e2 | quyền và nghĩa vụ
UNRESOLVED:doc_chuong-iii_muc-2_dieu-34_khoan-2_diem-a_p16355:e3 | phương án được cơ quan chủ quản phê duyệt
UNRESOLVED:doc_chuong-iii_muc-2_dieu-34_khoan-2_diem-a_p16355:e6 | pháp luật về xây dựng
UNRESOLVED:doc_chuong-iii_muc-2_dieu-34_khoan-2_diem-b_p16777:e1 | đất do đơn vị sự nghiệp công lập đang sử dụng
UNRESOLVED:doc_chuong-iii_muc-2_dieu-34_khoan-2_diem-b_p16777:e3 | đề án sử dụng tài sản công vào mục đích cho thuê, liên doanh, liên kết
UNRESOLVED:doc_chuong-iii_muc-2_dieu-34_khoan-3_p17074:e3 | đất thuê
UNRESOLVED:doc_chuong-iii_muc-2_dieu-34_khoan-3_p17074:e4 | quyền và nghĩa vụ
UNRESOLVED:doc_chuong-iii_muc-2_dieu-35_khoan-1_p17394:e1 | Tổ chức kinh tế nhận chuyển nhượng quyền sử dụng đất, chuyển mục đích sử dụng đất
UNRESOLVED:doc_chuong-iii_muc-2_dieu-35_khoan-2_p17549:e1 | Tổ chức kinh tế nhận chuyển nhượng quyền sử dụng đất
UNRESOLVED:doc_chuong-iii_muc-2_dieu-35_khoan-2_p17549:e3 | quyền
UNRESOLVED:doc_chuong-iii_muc-2_dieu-35_khoan-2_p17549:e4 | nghĩa vụ
UNRESOLVED:doc_chuong-iii_muc-2_dieu-35_khoan-3_diem-a_p17947:e1 | Tổ chức kinh tế nhận chuyển nhượng quyền sử dụng đất nông nghiệp
UNRESOLVED:doc_chuong-iii_muc-2_dieu-35_khoan-3_diem-a_p17947:e2 | quyền và nghĩa vụ quy định tại khoản 1 và khoản 3 Điều 33 của Luật này
UNRESOLVED:doc_chuong-iii_muc-2_dieu-35_khoan-3_diem-b_p18093:e2 | quyền và nghĩa vụ quy định tại khoản 1 và khoản 3 Điều 33 của Luật này
UNRESOLVED:doc_chuong-iii_muc-2_dieu-35_khoan-3_diem-c_p18366:e1 | Trường hợp nhận chuyển nhượng và chuyển mục đích sử dụng đất
UNRESOLVED:doc_chuong-iii_muc-2_dieu-35_khoan-3_diem-c_p18366:e3 | quyền và nghĩa vụ quy định tại khoản 1 Điều 34 của Luật này
UNRESOLVED:doc_chuong-iii_muc-2_dieu-35_khoan-4_diem-a_p18800:e1 | Nhà nước giao đất có thu tiền sử dụng đất
UNRESOLVED:doc_chuong-iii_muc-2_dieu-35_khoan-4_diem-a_p18800:e2 | cho thuê đất thu tiền thuê đất một lần cho cả thời gian thuê
UNRESOLVED:doc_chuong-iii_muc-2_dieu-35_khoan-4_diem-a_p18800:e3 | quyền và nghĩa vụ quy định tại khoản 1 và khoản 3 Điều 33 của Luật này
UNRESOLVED:doc_chuong-iii_muc-2_dieu-35_khoan-4_diem-b_p19014:e3 | quyền và nghĩa vụ
UNRESOLVED:doc_chuong-iii_muc-2_dieu-35_khoan-4_diem-b_p19014:e4 | khoản 1 Điều 34
UNRESOLVED:doc_chuong-iii_muc-2_dieu-36_khoan-1_p19302:e2 | quyền và nghĩa vụ
UNRESOLVED:doc_chuong-iii_muc-2_dieu-36_khoan-1_diem-a_p19477:e1 | Đất của tổ chức kinh tế góp vốn
UNRESOLVED:doc_chuong-iii_muc-2_dieu-36_khoan-1_diem-b_p19690:e1 | Đất của cá nhân góp vốn mà không phải là đất được Nhà nước cho thuê thu tiền thuê đất hằng năm.
UNRESOLVED:doc_chuong-iii_muc-2_dieu-36_khoan-2_diem-b_p20347:e2 | hợp tác xã
UNRESOLVED:doc_chuong-iii_muc-2_dieu-36_khoan-2_diem-b_p20347:e3 | liên hiệp hợp tác xã
UNRESOLVED:doc_chuong-iii_muc-2_dieu-36_khoan-3_p20984:e1 | Quyền sử dụng đất của tổ chức kinh tế
UNRESOLVED:doc_chuong-iii_muc-2_dieu-36_khoan-3_p20984:e3 | giải thể
UNRESOLVED:doc_chuong-iii_muc-2_dieu-36_khoan-3_p20984:e4 | phá sản
UNRESOLVED:doc_chuong-iii_muc-2_dieu-36_khoan-3_p20984:e5 | quy định của pháp luật về doanh nghiệp
UNRESOLVED:doc_chuong-iii_muc-2_dieu-36_khoan-3_p20984:e6 | pháp luật về phá sản
UNRESOLVED:doc_chuong-iii_muc-3_dieu-37_khoan-1_diem-a_p21627:e2 | quyền và nghĩa vụ chung
UNRESOLVED:doc_chuong-iii_muc-3_dieu-37_khoan-1_diem-b_p21698:e2 | quyền sử dụng đất nông nghiệp
UNRESOLVED:doc_chuong-iii_muc-3_dieu-37_khoan-1_diem-c_p21757:e2 | quyền sử dụng đất
UNRESOLVED:doc_chuong-iii_muc-3_dieu-37_khoan-1_diem-c_p21757:e3 | tài sản thuộc sở hữu của mình gắn liền với đất
UNRESOLVED:doc_chuong-iii_muc-3_dieu-37_khoan-1_diem-d_p21866:e2 | cá nhân khác
UNRESOLVED:doc_chuong-iii_muc-3_dieu-37_khoan-1_diem-d_p21866:e4 | quyền sử dụng đất
UNRESOLVED:doc_chuong-iii_muc-3_dieu-37_khoan-1_diem-d_p21866:e5 | tài sản thuộc sở hữu của mình gắn liền với đất
UNRESOLVED:doc_chuong-iii_muc-3_dieu-37_khoan-1_diem-d_p22025:e4 | đối tượng quy định tại khoản 1 Điều 44 của Luật này
UNRESOLVED:doc_chuong-iii_muc-3_dieu-37_khoan-1_diem-d_p22025:e5 | giá trị của phần thừa kế đó
UNRESOLVED:doc_chuong-iii_muc-3_dieu-37_khoan-1_diem-g_p22984:e2 | quyền sử dụng đất
UNRESOLVED:doc_chuong-iii_muc-3_dieu-37_khoan-1_diem-g_p22984:e3 | tài sản thuộc sở hữu của mình gắn liền với đất
UNRESOLVED:doc_chuong-iii_muc-3_dieu-37_khoan-2_diem-a_p23477:e2 | quyền và nghĩa vụ chung
UNRESOLVED:doc_chuong-iii_muc-3_dieu-37_khoan-2_diem-b_p23547:e3 | quyền thuê trong hợp đồng thuê đất
UNRESOLVED:doc_chuong-iii_muc-3_dieu-37_khoan-2_diem-b_p23547:e4 | người mua tài sản gắn liền với đất và quyền thuê trong hợp đồng thuê đất
UNRESOLVED:doc_chuong-iii_muc-3_dieu-37_khoan-2_diem-b_p23547:e5 | quyền và nghĩa vụ của người sử dụng đất
UNRESOLVED:doc_chuong-iii_muc-3_dieu-37_khoan-2_diem-c_p24048:e2 | tài sản thuộc sở hữu của mình gắn liền với đất và quyền thuê trong hợp đồng thuê đất
UNRESOLVED:doc_chuong-iii_muc-3_dieu-37_khoan-2_diem-c_p24048:e3 | người nhận thừa kế, người được tặng cho tài sản và quyền thuê trong hợp đồng thuê đất
UNRESOLVED:doc_chuong-iii_muc-3_dieu-37_khoan-2_diem-c_p24048:e6 | hợp đồng thuê đất
UNRESOLVED:doc_chuong-iii_muc-3_dieu-37_khoan-2_diem-d_p24309:e3 | quyền thuê trong hợp đồng thuê đất
UNRESOLVED:doc_chuong-iii_muc-3_dieu-37_khoan-2_diem-e_p24600:e3 | tổ chức, cá nhân, người gốc Việt Nam định cư ở nước ngoài
UNRESOLVED:doc_chuong-iii_muc-3_dieu-37_khoan-2_diem-e_p24600:e4 | người nhận góp vốn bằng tài sản
UNRESOLVED:doc_chuong-iii_muc-3_dieu-37_khoan-3_diem-a_p24987:e3 | quyền và nghĩa vụ
UNRESOLVED:doc_chuong-iii_muc-3_dieu-37_khoan-3_diem-b_p25125:e3 | quyền và nghĩa vụ
UNRESOLVED:doc_chuong-iii_muc-3_dieu-37_khoan-5_p25444:e4 | quyền
UNRESOLVED:doc_chuong-iii_muc-3_dieu-37_khoan-5_p25444:e5 | nghĩa vụ
UNRESOLVED:doc_chuong-iii_muc-3_dieu-38_khoan-1_p25756:e5 | quyền và nghĩa vụ chung
UNRESOLVED:doc_chuong-iii_muc-3_dieu-38_khoan-2_diem-a_p26278:e4 | quyền và nghĩa vụ quy định tại khoản 1 Điều 37 của Luật này
UNRESOLVED:doc_chuong-iii_muc-3_dieu-38_khoan-2_diem-b_p26470:e4 | quyền và nghĩa vụ quy định tại khoản 2 Điều 37 của Luật này
UNRESOLVED:doc_chuong-iii_muc-3_dieu-39_khoan-2_p26765:e4 | quyền để thừa kế
UNRESOLVED:doc_chuong-iii_muc-3_dieu-39_khoan-2_p26765:e5 | quyền chuyển đổi, chuyển nhượng, tặng cho, cho thuê quyền sử dụng đất, thế chấp, góp vốn bằng quyền sử dụng đất
UNRESOLVED:doc_chuong-iii_muc-4_dieu-40_khoan-1_diem-a_p27536:e1 | Quyền và nghĩa vụ chung
UNRESOLVED:doc_chuong-iii_muc-4_dieu-40_khoan-1_diem-b_p27606:e3 | giấy phép của cơ quan nhà nước Việt Nam có thẩm quyền
UNRESOLVED:doc_chuong-iii_muc-4_dieu-40_khoan-1_diem-c_p27699:e2 | công trình do mình xây dựng trên đất thuê
UNRESOLVED:doc_chuong-iii_muc-4_dieu-40_khoan-1_diem-c_p27699:e3 | đất thuê
UNRESOLVED:doc_chuong-iii_muc-4_dieu-40_khoan-1_diem-d_p27773:e3 | điều ước quốc tế
UNRESOLVED:doc_chuong-iii_muc-4_dieu-40_khoan-1_diem-d_p27773:e4 | thỏa thuận quốc tế
UNRESOLVED:doc_chuong-iii_muc-4_dieu-40_khoan-2_p28006:e3 | điều ước quốc tế
UNRESOLVED:doc_chuong-iii_muc-4_dieu-41_khoan-1_p28366:e3 | đất
UNRESOLVED:doc_chuong-iii_muc-4_dieu-41_khoan-1_p28366:e4 | tiền sử dụng đất
UNRESOLVED:doc_chuong-iii_muc-4_dieu-41_khoan-1_p28366:e5 | quyền và nghĩa vụ
UNRESOLVED:doc_chuong-iii_muc-4_dieu-41_khoan-2_p28544:e4 | đất
UNRESOLVED:doc_chuong-iii_muc-4_dieu-41_khoan-2_p28544:e5 | tiền thuê đất hằng năm
UNRESOLVED:doc_chuong-iii_muc-4_dieu-41_khoan-2_diem-a_p28714:e6 | quyền và nghĩa vụ chung
UNRESOLVED:doc_chuong-iii_muc-4_dieu-41_khoan-2_diem-a_p28714:e7 | Điều 26 và Điều 31 của Luật này
UNRESOLVED:doc_chuong-iii_muc-4_dieu-41_khoan-2_diem-c_p28899:e4 | tài sản thuộc sở hữu của mình gắn liền với đất
UNRESOLVED:doc_chuong-iii_muc-4_dieu-41_khoan-2_diem-d_p29112:e3 | tài sản thuộc sở hữu của mình gắn liền với đất
UNRESOLVED:doc_chuong-iii_muc-4_dieu-41_khoan-2_diem-d_p29572:e3 | tài sản thuộc sở hữu của mình gắn liền với đất
UNRESOLVED:doc_chuong-iii_muc-4_dieu-41_khoan-2_diem-e_p29670:e3 | đất khu công nghiệp, cụm công nghiệp, khu công nghệ cao
UNRESOLVED:doc_chuong-iii_muc-4_dieu-41_khoan-3_p30039:e4 | đất
UNRESOLVED:doc_chuong-iii_muc-4_dieu-41_khoan-3_p30039:e5 | tiền thuê đất
UNRESOLVED:doc_chuong-iii_muc-4_dieu-41_khoan-3_p30039:e6 | đất
UNRESOLVED:doc_chuong-iii_muc-4_dieu-41_khoan-3_p30039:e7 | dự án
UNRESOLVED:doc_chuong-iii_muc-4_dieu-41_khoan-3_diem-a_p30338:e4 | đất
UNRESOLVED:doc_chuong-iii_muc-4_dieu-41_khoan-3_diem-a_p30338:e5 | tiền thuê đất
UNRESOLVED:doc_chuong-iii_muc-4_dieu-41_khoan-3_diem-a_p30338:e6 | quyền và nghĩa vụ chung
UNRESOLVED:doc_chuong-iii_muc-4_dieu-41_khoan-3_diem-b_p30408:e3 | quyền sử dụng đất
UNRESOLVED:doc_chuong-iii_muc-4_dieu-41_khoan-3_diem-b_p30408:e4 | tài sản thuộc sở hữu của mình gắn liền với đất
UNRESOLVED:doc_chuong-iii_muc-4_dieu-41_khoan-3_diem-c_p30516:e3 | quyền sử dụng đất
UNRESOLVED:doc_chuong-iii_muc-4_dieu-41_khoan-3_diem-c_p30516:e4 | tài sản thuộc sở hữu của mình gắn liền với đất
UNRESOLVED:doc_chuong-iii_muc-4_dieu-41_khoan-3_diem-d_p30633:e3 | quyền sử dụng đất
UNRESOLVED:doc_chuong-iii_muc-4_dieu-41_khoan-3_diem-d_p30633:e4 | tài sản thuộc sở hữu của mình gắn liền với đất
UNRESOLVED:doc_chuong-iii_muc-4_dieu-41_khoan-4_p30850:e4 | các quyền và nghĩa vụ
UNRESOLVED:doc_chuong-iii_muc-4_dieu-41_khoan-4_p30850:e5 | khoản 2 và khoản 3
UNRESOLVED:doc_chuong-iii_muc-4_dieu-41_khoan-4_p30850:e6 | hình thức nộp tiền sử dụng đất, trả tiền thuê đất
UNRESOLVED:doc_chuong-iii_muc-4_dieu-41_khoan-5_p31108:e4 | đất
UNRESOLVED:doc_chuong-iii_muc-4_dieu-41_khoan-5_p31108:e5 | tiền sử dụng đất
UNRESOLVED:doc_chuong-iii_muc-4_dieu-41_khoan-5_p31108:e6 | tiền thuê đất
UNRESOLVED:doc_chuong-iii_muc-4_dieu-41_khoan-5_p31108:e7 | quyền và nghĩa vụ quy định tại khoản 3 Điều 33 của Luật này
UNRESOLVED:doc_chuong-iii_muc-4_dieu-42_khoan-1_p31581:e6 | khoản 3 Điều 41 của Luật này
UNRESOLVED:doc_chuong-iii_muc-4_dieu-42_khoan-2_diem-a_p32028:e1 | Quyền và nghĩa vụ quy định tại khoản 2 Điều 41 của Luật này
UNRESOLVED:doc_chuong-iii_muc-4_dieu-42_khoan-2_diem-a_p32028:e2 | quyền sử dụng đất do nhận góp vốn trước đó không thuộc trường hợp được sử dụng để thực hiện các dự án đầu tư nhà ở để bán
UNRESOLVED:doc_chuong-iii_muc-4_dieu-42_khoan-2_diem-a_p32028:e5 | được cho thuê đất thu tiền thuê đất hằng năm theo quy định của Luật này
UNRESOLVED:doc_chuong-iii_muc-4_dieu-42_khoan-2_diem-b_p32355:e1 | Quyền và nghĩa vụ quy định tại khoản 3 Điều 41 của Luật này
UNRESOLVED:doc_chuong-iii_muc-4_dieu-42_khoan-2_diem-b_p32355:e2 | quyền sử dụng đất do nhận góp vốn trước đó không thuộc trường hợp được sử dụng để thực hiện các dự án đầu tư nhà ở để bán
UNRESOLVED:doc_chuong-iii_muc-4_dieu-42_khoan-2_diem-b_p32355:e5 | thu tiền thuê đất một lần cho cả thời gian thuê theo quy định của Luật này
UNRESOLVED:doc_chuong-iii_muc-4_dieu-42_khoan-2_diem-c_p32703:e1 | Quyền và nghĩa vụ quy định tại khoản 3 Điều 41 của Luật này
UNRESOLVED:doc_chuong-iii_muc-4_dieu-42_khoan-2_diem-c_p32703:e2 | quyền sử dụng đất do nhận góp vốn trước đó
UNRESOLVED:doc_chuong-iii_muc-4_dieu-42_khoan-2_diem-c_p32703:e3 | các dự án đầu tư nhà ở để bán
UNRESOLVED:doc_chuong-iii_muc-4_dieu-42_khoan-3_p33000:e5 | quyền, nghĩa vụ
UNRESOLVED:doc_chuong-iii_muc-4_dieu-43_khoan-1_p33702:e2 | quyền sử dụng đất trong khu công nghiệp, cụm công nghiệp, khu công nghệ cao
UNRESOLVED:doc_chuong-iii_muc-4_dieu-43_khoan-1_p33702:e3 | khoản 1 và khoản 3 Điều 33 của Luật này
UNRESOLVED:doc_chuong-iii_muc-4_dieu-43_khoan-2_diem-a_p34109:e4 | khu công nghiệp
UNRESOLVED:doc_chuong-iii_muc-4_dieu-43_khoan-2_diem-a_p34109:e5 | cụm công nghiệp
UNRESOLVED:doc_chuong-iii_muc-4_dieu-43_khoan-2_diem-a_p34109:e6 | khu công nghệ cao
UNRESOLVED:doc_chuong-iii_muc-4_dieu-43_khoan-2_diem-a_p34109:e7 | trả tiền thuê đất một lần cho cả thời gian thuê
UNRESOLVED:doc_chuong-iii_muc-4_dieu-43_khoan-2_diem-a_p34109:e8 | trả tiền thuê lại đất một lần cho cả thời gian thuê lại
UNRESOLVED:doc_chuong-iii_muc-4_dieu-43_khoan-2_diem-a_p34109:e9 | quyền và nghĩa vụ quy định tại khoản 1 và khoản 3 Điều 33 của Luật này
UNRESOLVED:doc_chuong-iii_muc-4_dieu-43_khoan-2_diem-b_p34304:e4 | khu công nghiệp
UNRESOLVED:doc_chuong-iii_muc-4_dieu-43_khoan-2_diem-b_p34304:e5 | cụm công nghiệp
UNRESOLVED:doc_chuong-iii_muc-4_dieu-43_khoan-2_diem-b_p34304:e6 | khu công nghệ cao
UNRESOLVED:doc_chuong-iii_muc-4_dieu-43_khoan-2_diem-b_p34304:e8 | khoản 1 Điều 34
UNRESOLVED:doc_chuong-iii_muc-4_dieu-44_khoan-1_p34692:e2 | Việt Nam
UNRESOLVED:doc_chuong-iii_muc-4_dieu-44_khoan-1_p34692:e5 | chuyển quyền sử dụng đất ở
UNRESOLVED:doc_chuong-iii_muc-4_dieu-44_khoan-1_p34692:e6 | các dự án phát triển nhà ở
UNRESOLVED:doc_chuong-iii_muc-4_dieu-44_khoan-2_p34926:e2 | các quyền và nghĩa vụ
UNRESOLVED:doc_chuong-iii_muc-4_dieu-44_khoan-2_diem-a_p35046:e2 | quyền và nghĩa vụ chung
UNRESOLVED:doc_chuong-iii_muc-4_dieu-44_khoan-2_diem-b_p35116:e2 | quyền sử dụng đất ở
UNRESOLVED:doc_chuong-iii_muc-4_dieu-44_khoan-2_diem-b_p35116:e4 | Giấy chứng nhận quyền sử dụng đất, quyền sở hữu tài sản gắn liền với đất
UNRESOLVED:doc_chuong-iii_muc-4_dieu-44_khoan-3_p35912:e4 | Giấy chứng nhận quyền sử dụng đất
UNRESOLVED:doc_chuong-iii_muc-4_dieu-44_khoan-3_p35912:e5 | chuyển nhượng hoặc được tặng cho quyền sử dụng đất thừa kế
UNRESOLVED:doc_chuong-iii_muc-4_dieu-44_khoan-3_diem-a_p36407:e1 | bên chuyển nhượng
UNRESOLVED:doc_chuong-iii_muc-4_dieu-44_khoan-3_diem-b_p36548:e2 | người được tặng cho
UNRESOLVED:doc_chuong-iii_muc-4_dieu-44_khoan-3_diem-b_p36548:e3 | đối tượng được quy định tại điểm e khoản 1 Điều 37 của Luật này
UNRESOLVED:doc_chuong-iii_muc-4_dieu-44_khoan-3_diem-b_p36548:e4 | quy định của pháp luật về nhà ở
UNRESOLVED:doc_chuong-iii_muc-4_dieu-44_khoan-3_diem-b_p36548:e6 | bên tặng cho
UNRESOLVED:doc_chuong-iii_muc-4_dieu-44_khoan-3_diem-c_p36840:e2 | người đại diện theo ủy quyền
UNRESOLVED:doc_chuong-iii_muc-4_dieu-44_khoan-3_diem-c_p36840:e4 | tổ chức đăng ký đất đai
UNRESOLVED:doc_chuong-iii_muc-4_dieu-44_khoan-3_diem-c_p36840:e5 | Sổ địa chính
UNRESOLVED:doc_chuong-iii_muc-4_dieu-44_khoan-4_p37072:e2 | người khác
UNRESOLVED:doc_chuong-iii_muc-4_dieu-44_khoan-4_p37072:e4 | người đại diện theo ủy quyền
UNRESOLVED:doc_chuong-iii_muc-4_dieu-44_khoan-4_p37072:e5 | Giấy chứng nhận quyền sử dụng đất, quyền sở hữu tài sản gắn liền với đất
UNRESOLVED:doc_chuong-iii_muc-4_dieu-44_khoan-4_p37072:e6 | phần thừa kế
UNRESOLVED:doc_chuong-iii_muc-4_dieu-44_khoan-5_p38031:e2 | người khác
UNRESOLVED:doc_chuong-iii_muc-4_dieu-44_khoan-5_p38031:e4 | nghĩa vụ
UNRESOLVED:doc_chuong-iii_muc-5_dieu-45_khoan-1_p38579:e2 | các quyền chuyển đổi, chuyển nhượng, cho thuê, cho thuê lại, thừa kế, tặng cho quyền sử dụng đất; thế chấp, góp vốn bằng quyền sử dụng đất
UNRESOLVED:doc_chuong-iii_muc-5_dieu-45_khoan-1_p38579:e3 | các điều kiện
UNRESOLVED:doc_chuong-iii_muc-5_dieu-45_khoan-1_diem-a_p38784:e1 | Giấy chứng nhận quyền sử dụng đất
UNRESOLVED:doc_chuong-iii_muc-5_dieu-45_khoan-1_diem-a_p38784:e2 | Giấy chứng nhận quyền sở hữu nhà ở và quyền sử dụng đất ở
UNRESOLVED:doc_chuong-iii_muc-5_dieu-45_khoan-1_diem-a_p38784:e3 | Giấy chứng nhận quyền sử dụng đất, quyền sở hữu nhà ở và tài sản khác gắn liền với đất
UNRESOLVED:doc_chuong-iii_muc-5_dieu-45_khoan-1_diem-a_p38784:e4 | Giấy chứng nhận quyền sử dụng đất, quyền sở hữu tài sản gắn liền với đất
UNRESOLVED:doc_chuong-iii_muc-5_dieu-45_khoan-1_diem-a_p38784:e8 | khoản 7 Điều 124
UNRESOLVED:doc_chuong-iii_muc-5_dieu-45_khoan-2_p39738:e4 | dự án bất động sản
UNRESOLVED:doc_chuong-iii_muc-5_dieu-45_khoan-2_p39738:e5 | điều kiện khác
UNRESOLVED:doc_chuong-iii_muc-5_dieu-45_khoan-3_p39986:e2 | các quyền chuyển đổi, chuyển nhượng, cho thuê, cho thuê lại, thừa kế, tặng cho quyền sử dụng đất
UNRESOLVED:doc_chuong-iii_muc-5_dieu-45_khoan-3_p39986:e3 | các điều kiện quy định tại khoản 1 Điều này
UNRESOLVED:doc_chuong-iii_muc-5_dieu-45_khoan-3_p39986:e4 | các điều kiện theo các trường hợp sau đây
UNRESOLVED:doc_chuong-iii_muc-5_dieu-45_khoan-3_diem-a_p40271:e1 | trường hợp mua, bán tài sản gắn liền với đất
UNRESOLVED:doc_chuong-iii_muc-5_dieu-45_khoan-3_diem-a_p40271:e2 | quyền thuê trong hợp đồng thuê đất
UNRESOLVED:doc_chuong-iii_muc-5_dieu-45_khoan-3_diem-a_p40271:e4 | tiền thuê đất hằng năm
UNRESOLVED:doc_chuong-iii_muc-5_dieu-45_khoan-3_diem-b_p40472:e1 | chuyển đổi quyền sử dụng đất nông nghiệp
UNRESOLVED:doc_chuong-iii_muc-5_dieu-45_khoan-3_diem-c_p40594:e3 | quyền sử dụng đất
UNRESOLVED:doc_chuong-iii_muc-5_dieu-45_khoan-3_diem-c_p40594:e4 | điều kiện quy định tại Điều 48
UNRESOLVED:doc_chuong-iii_muc-5_dieu-45_khoan-4_p40816:e2 | Giấy chứng nhận quyền sử dụng đất
UNRESOLVED:doc_chuong-iii_muc-5_dieu-45_khoan-4_p40816:e3 | Giấy chứng nhận quyền sở hữu nhà ở và quyền sử dụng đất ở
UNRESOLVED:doc_chuong-iii_muc-5_dieu-45_khoan-4_p40816:e4 | Giấy chứng nhận quyền sử dụng đất, quyền sở hữu nhà ở và tài sản khác gắn liền với đất
UNRESOLVED:doc_chuong-iii_muc-5_dieu-45_khoan-4_p40816:e5 | Giấy chứng nhận quyền sử dụng đất, quyền sở hữu tài sản gắn liền với đất
UNRESOLVED:doc_chuong-iii_muc-5_dieu-45_khoan-5_p41303:e2 | nghĩa vụ tài chính
UNRESOLVED:doc_chuong-iii_muc-5_dieu-45_khoan-5_p41303:e3 | các quyền chuyển đổi, chuyển nhượng, cho thuê, cho thuê lại, tặng cho quyền sử dụng đất, thế chấp, góp vốn bằng quyền sử dụng đất
UNRESOLVED:doc_chuong-iii_muc-5_dieu-45_khoan-6_diem-a_p41826:e3 | phương án sử dụng đất nông nghiệp
UNRESOLVED:doc_chuong-iii_muc-5_dieu-45_khoan-6_diem-b_p41869:e3 | phương án sử dụng đất nông nghiệp
UNRESOLVED:doc_chuong-iii_muc-5_dieu-45_khoan-6_diem-b_p41869:e4 | Kế hoạch sản xuất, kinh doanh nông nghiệp
UNRESOLVED:doc_chuong-iii_muc-5_dieu-45_khoan-7_p41970:e4 | phương án sử dụng đất trồng lúa
UNRESOLVED:doc_chuong-iii_muc-5_dieu-45_khoan-7_p41970:e6 | người nhận tặng cho
UNRESOLVED:doc_chuong-iii_muc-5_dieu-45_khoan-8_diem-a_p42458:e5 | trường hợp được chuyển mục đích sử dụng đất theo quy hoạch, kế hoạch sử dụng đất đã được cơ quan có thẩm quyền phê duyệt
UNRESOLVED:doc_chuong-iii_muc-5_dieu-45_khoan-8_diem-b_p42694:e2 | quyền sử dụng đất ở và đất khác trong khu vực rừng phòng hộ, trong phân khu bảo vệ nghiêm ngặt, phân khu phục hồi sinh thái thuộc rừng đặc dụng đó
UNRESOLVED:doc_chuong-iii_muc-5_dieu-46_khoan-1_diem-b_p43672:e5 | việc xây dựng
UNRESOLVED:doc_chuong-iii_muc-5_dieu-46_khoan-1_diem-b_p43672:e6 | quy hoạch xây dựng chi tiết
UNRESOLVED:doc_chuong-iii_muc-5_dieu-46_khoan-1_diem-b_p43672:e7 | dự án đầu tư đã được phê duyệt
UNRESOLVED:doc_chuong-iii_muc-5_dieu-46_khoan-1_diem-b_p43672:e8 | bản án, quyết định của Tòa án đã có hiệu lực thi hành
UNRESOLVED:doc_chuong-iii_muc-5_dieu-46_khoan-1_diem-b_p43672:e9 | quyết định cưỡng chế của cơ quan thi hành án dân sự
UNRESOLVED:doc_chuong-iii_muc-5_dieu-46_khoan-1_diem-b_p43672:e10 | kết luận của cơ quan nhà nước có thẩm quyền về thanh tra, kiểm tra
UNRESOLVED:doc_chuong-iii_muc-5_dieu-46_khoan-2_diem-b_p44317:e2 | hỗ trợ
UNRESOLVED:doc_chuong-iii_muc-5_dieu-46_khoan-2_diem-b_p44317:e3 | tái định cư
UNRESOLVED:doc_chuong-iii_muc-5_dieu-46_khoan-3_p44416:e2 | tài sản gắn liền với đất và quyền thuê trong hợp đồng thuê đất
UNRESOLVED:doc_chuong-iii_muc-5_dieu-46_khoan-3_p44416:e5 | tiền đã ứng trước mà chưa được khấu trừ
UNRESOLVED:doc_chuong-iii_muc-5_dieu-46_khoan-4_p44769:e3 | Giấy chứng nhận quyền sử dụng đất
UNRESOLVED:doc_chuong-iii_muc-5_dieu-46_khoan-4_p44769:e4 | quyền sở hữu tài sản gắn liền với đất
UNRESOLVED:doc_chuong-iii_muc-5_dieu-46_khoan-5_p44959:e4 | dự án xây dựng kinh doanh kết cấu hạ tầng
UNRESOLVED:doc_chuong-iii_muc-5_dieu-46_khoan-5_p44959:e5 | khoản 1 Điều 45 của Luật này
UNRESOLVED:doc_chuong-iii_muc-5_dieu-47_p45245:e5 | đơn vị hành chính cấp tỉnh
UNRESOLVED:doc_chuong-iii_muc-5_dieu-48_khoan-1_p45727:e4 | quyền sử dụng đất
UNRESOLVED:doc_chuong-iii_muc-5_dieu-48_khoan-1_p45727:e8 | người có đất thu hồi
UNRESOLVED:doc_chuong-iii_muc-5_dieu-48_khoan-3_p46954:e5 | khoản 3 Điều 16
UNRESOLVED:node1:e1 | nhà nước
UNRESOLVED:node1:e1 | chuyển giao
UNRESOLVED:doc_chuong-iii_muc-1_dieu-26_khoan-1_p223:e2 | Cấp Giấy chứng nhận quyền sử dụng đất
UNRESOLVED:doc_chuong-iii_muc-1_dieu-26_khoan-1_p223:e3 | Quyền sở hữu tài sản gắn liền với đất
UNRESOLVED:doc_chuong-iii_muc-1_dieu-26_khoan-1_p223:e4 | Điều kiện
UNRESOLVED:doc_chuong-iii_muc-1_dieu-26_khoan-1_p223:e5 | Quy định của pháp luật về đất đai
UNRESOLVED:doc_chuong-iii_muc-1_dieu-26_khoan-3_p433:e2 | Hưởng các lợi ích
UNRESOLVED:doc_chuong-iii_muc-1_dieu-26_khoan-4_p521:e2 | Hướng dẫn
UNRESOLVED:doc_chuong-iii_muc-1_dieu-26_khoan-4_p521:e3 | Giúp đỡ
UNRESOLVED:doc_chuong-iii_muc-1_dieu-26_khoan-4_p521:e4 | Cải tạo, phục hồi đất nông nghiệp
UNRESOLVED:doc_chuong-iii_muc-1_dieu-26_khoan-5_p602:e2 | Người khác
UNRESOLVED:doc_chuong-iii_muc-1_dieu-26_khoan-5_p602:e3 | Bảo hộ
UNRESOLVED:doc_chuong-iii_muc-1_dieu-26_khoan-5_p602:e4 | Quyền, lợi ích hợp pháp về đất đai
UNRESOLVED:doc_chuong-iii_muc-1_dieu-26_khoan-6_p692:e2 | Chuyển mục đích sử dụng đất
UNRESOLVED:doc_chuong-iii_muc-1_dieu-26_khoan-7_p803:e5 | Quy định của Luật này
UNRESOLVED:doc_chuong-iii_muc-1_dieu-26_khoan-8_p893:e5 | Hành vi vi phạm quyền sử dụng đất hợp pháp
UNRESOLVED:doc_chuong-iii_muc-1_dieu-26_khoan-8_p893:e6 | Hành vi khác vi phạm pháp luật về đất đai
UNRESOLVED:doc_chuong-iii_muc-1_dieu-27_khoan-1_p1179:e2 | Chuyển đổi
UNRESOLVED:doc_chuong-iii_muc-1_dieu-27_khoan-1_p1179:e5 | Cho thuê lại
UNRESOLVED:doc_chuong-iii_muc-1_dieu-27_khoan-1_p1179:e6 | Thừa kế
UNRESOLVED:doc_chuong-iii_muc-1_dieu-27_khoan-2_diem-a_p1496:e4 | Quyền và nghĩa vụ
UNRESOLVED:doc_chuong-iii_muc-1_dieu-27_khoan-2_diem-a_p1496:e5 | Quy định của Luật này
UNRESOLVED:doc_chuong-iii_muc-1_dieu-27_khoan-2_diem-b_p1814:e3 | Đăng ký biến động
UNRESOLVED:doc_chuong-iii_muc-1_dieu-27_khoan-2_diem-b_p1814:e4 | Tách thửa
UNRESOLVED:doc_chuong-iii_muc-1_dieu-27_khoan-2_diem-b_p1814:e5 | Cấp Giấy chứng nhận quyền sử dụng đất
UNRESOLVED:doc_chuong-iii_muc-1_dieu-27_khoan-2_diem-b_p1814:e6 | Quyền và nghĩa vụ của người sử dụng đất
UNRESOLVED:doc_chuong-iii_muc-1_dieu-27_khoan-2_diem-b_p1814:e7 | Ủy quyền
UNRESOLVED:doc_chuong-iii_muc-1_dieu-27_khoan-3_p2476:e3 | Hợp đồng
UNRESOLVED:doc_chuong-iii_muc-1_dieu-27_khoan-3_p2476:e4 | Văn bản
UNRESOLVED:doc_chuong-iii_muc-1_dieu-27_khoan-3_p2476:e5 | Quyền
UNRESOLVED:doc_chuong-iii_muc-1_dieu-27_khoan-3_diem-a_p2588:e1 | Hợp đồng chuyển nhượng
UNRESOLVED:doc_chuong-iii_muc-1_dieu-27_khoan-3_diem-a_p2588:e9 | Trừ trường hợp quy định tại điểm b khoản này
UNRESOLVED:doc_chuong-iii_muc-1_dieu-27_khoan-3_diem-b_p2794:e1 | Hợp đồng cho thuê
UNRESOLVED:doc_chuong-iii_muc-1_dieu-27_khoan-3_diem-b_p2794:e5 | Hợp đồng chuyển đổi quyền sử dụng đất nông nghiệp
UNRESOLVED:doc_chuong-iii_muc-1_dieu-27_khoan-3_diem-b_p2794:e6 | Hợp đồng chuyển nhượng
UNRESOLVED:doc_chuong-iii_muc-1_dieu-27_khoan-3_diem-b_p2794:e7 | Góp vốn bằng quyền sử dụng đất
UNRESOLVED:doc_chuong-iii_muc-1_dieu-28_khoan-1_diem-a_p3549:e2 | Chuyển đổi
UNRESOLVED:doc_chuong-iii_muc-1_dieu-28_khoan-1_diem-a_p3549:e4 | Điểm b khoản 1 Điều 37
UNRESOLVED:doc_chuong-iii_muc-1_dieu-28_khoan-1_diem-c_p3714:e4 | Khu công nghiệp, cụm công nghiệp, khu công nghệ cao
UNRESOLVED:doc_chuong-iii_muc-1_dieu-28_khoan-1_diem-d_p3930:e3 | Vốn đầu tư
UNRESOLVED:doc_chuong-iii_muc-1_dieu-28_khoan-1_diem-d_p3930:e5 | Quy định của Chính phủ
UNRESOLVED:doc_chuong-iii_muc-1_dieu-28_khoan-1_diem-h_p4356:e5 | Tặng cho nhà ở gắn liền với quyền sử dụng đất ở
UNRESOLVED:doc_chuong-iii_muc-1_dieu-28_khoan-1_diem-k_p5095:e10 | Cho thuê đất
UNRESOLVED:doc_chuong-iii_muc-1_dieu-28_khoan-1_diem-m_p5524:e6 | Kết quả hòa giải thành về tranh chấp đất đai
UNRESOLVED:doc_chuong-iii_muc-1_dieu-28_khoan-1_diem-m_p5524:e7 | Thỏa thuận trong hợp đồng thế chấp để xử lý nợ
UNRESOLVED:doc_chuong-iii_muc-1_dieu-28_khoan-1_diem-m_p5524:e8 | Quyết định của cơ quan nhà nước có thẩm quyền về giải quyết tranh chấp đất đai
UNRESOLVED:doc_chuong-iii_muc-1_dieu-28_khoan-1_diem-m_p5524:e9 | Bản án, quyết định của Tòa án
UNRESOLVED:doc_chuong-iii_muc-1_dieu-28_khoan-1_diem-m_p5524:e10 | Quyết định thi hành án của cơ quan thi hành án
UNRESOLVED:doc_chuong-iii_muc-1_dieu-28_khoan-1_diem-m_p5524:e11 | Quyết định hoặc phán quyết của Trọng tài thương mại Việt Nam
UNRESOLVED:doc_chuong-iii_muc-1_dieu-28_khoan-1_diem-m_p5524:e12 | Văn bản công nhận kết quả đấu giá quyền sử dụng đất
UNRESOLVED:doc_chuong-iii_muc-1_dieu-28_khoan-1_diem-m_p5524:e13 | Văn bản về việc chia, tách quyền sử dụng đất
UNRESOLVED:doc_chuong-iii_muc-1_dieu-28_khoan-1_diem-n_p6316:e5 | Kết quả hòa giải thành về tranh chấp đất đai
UNRESOLVED:doc_chuong-iii_muc-1_dieu-28_khoan-1_diem-n_p6316:e6 | Ủy ban nhân dân cấp có thẩm quyền
UNRESOLVED:doc_chuong-iii_muc-1_dieu-28_khoan-2_p7178:e5 | trừ trường hợp quy định tại khoản 8 Điều 45 và Điều 48
UNRESOLVED:doc_chuong-iii_muc-1_dieu-28_khoan-3_p7394:e1 | Khu vực hạn chế tiếp cận đất đai
UNRESOLVED:doc_chuong-iii_muc-1_dieu-28_khoan-3_p7394:e2 | Nhận quyền sử dụng đất
UNRESOLVED:doc_chuong-iii_muc-1_dieu-28_khoan-3_p7394:e3 | Trình tự, thủ tục
UNRESOLVED:doc_chuong-iii_muc-1_dieu-29_khoan-1_p7605:e1 | Quyền đối với thửa đất liền kề
UNRESOLVED:doc_chuong-iii_muc-1_dieu-29_khoan-1_p7605:e2 | lối đi
UNRESOLVED:doc_chuong-iii_muc-1_dieu-29_khoan-1_p7605:e3 | cấp nước
UNRESOLVED:doc_chuong-iii_muc-1_dieu-29_khoan-1_p7605:e4 | thoát nước
UNRESOLVED:doc_chuong-iii_muc-1_dieu-29_khoan-1_p7605:e5 | tưới nước
UNRESOLVED:doc_chuong-iii_muc-1_dieu-29_khoan-1_p7605:e6 | tiêu nước
UNRESOLVED:doc_chuong-iii_muc-1_dieu-29_khoan-1_p7605:e7 | cấp khí ga
UNRESOLVED:doc_chuong-iii_muc-1_dieu-29_khoan-1_p7605:e8 | lắp đường dây tải điện
UNRESOLVED:doc_chuong-iii_muc-1_dieu-29_khoan-1_p7605:e9 | thông tin liên lạc
UNRESOLVED:doc_chuong-iii_muc-1_dieu-29_khoan-1_p7605:e10 | các nhu cầu cần thiết khác
UNRESOLVED:doc_chuong-iii_muc-1_dieu-29_khoan-2_p7834:e1 | Quyền đối với thửa đất liền kề
UNRESOLVED:doc_chuong-iii_muc-1_dieu-29_khoan-2_p7834:e2 | Đăng ký
UNRESOLVED:doc_chuong-iii_muc-1_dieu-30_khoan-1_p8171:e3 | Chuyển sang thuê đất trả tiền thuê đất một lần
UNRESOLVED:doc_chuong-iii_muc-1_dieu-30_khoan-1_p8171:e4 | Giá đất
UNRESOLVED:doc_chuong-iii_muc-1_dieu-30_khoan-1_p8171:e5 | Thời gian thuê đất còn lại
UNRESOLVED:doc_chuong-iii_muc-1_dieu-30_khoan-3_p9133:e3 | Chuyển sang hình thức Nhà nước cho thuê đất thu tiền thuê đất hằng năm
UNRESOLVED:doc_chuong-iii_muc-1_dieu-30_khoan-3_p9133:e4 | Phần diện tích đó
UNRESOLVED:doc_chuong-iii_muc-1_dieu-31_khoan-1_p9477:e2 | Sử dụng đất
UNRESOLVED:doc_chuong-iii_muc-1_dieu-31_khoan-1_p9477:e3 | Mục đích
UNRESOLVED:doc_chuong-iii_muc-1_dieu-31_khoan-1_p9477:e4 | Ranh giới thửa đất
UNRESOLVED:doc_chuong-iii_muc-1_dieu-31_khoan-1_p9477:e5 | Quy định về sử dụng độ sâu trong lòng đất
UNRESOLVED:doc_chuong-iii_muc-1_dieu-31_khoan-1_p9477:e6 | Chiều cao trên không
UNRESOLVED:doc_chuong-iii_muc-1_dieu-31_khoan-1_p9477:e7 | Công trình công cộng trong lòng đất
UNRESOLVED:doc_chuong-iii_muc-1_dieu-31_khoan-1_p9477:e8 | Quy định khác của pháp luật có liên quan
UNRESOLVED:doc_chuong-iii_muc-1_dieu-31_khoan-2_p9703:e3 | Thủ tục
UNRESOLVED:doc_chuong-iii_muc-1_dieu-31_khoan-2_p9703:e4 | Chuyển đổi
UNRESOLVED:doc_chuong-iii_muc-1_dieu-31_khoan-2_p9703:e7 | Cho thuê lại
UNRESOLVED:doc_chuong-iii_muc-1_dieu-31_khoan-2_p9703:e8 | Thừa kế
UNRESOLVED:doc_chuong-iii_muc-1_dieu-31_khoan-3_p9925:e2 | Thực hiện nghĩa vụ tài chính về đất đai
UNRESOLVED:doc_chuong-iii_muc-1_dieu-31_khoan-4_p9994:e2 | Thực hiện biện pháp bảo vệ đất
UNRESOLVED:doc_chuong-iii_muc-1_dieu-31_khoan-4_p9994:e3 | Khu vực đất bị ô nhiễm, thoái hóa
UNRESOLVED:doc_chuong-iii_muc-1_dieu-31_khoan-5_p10115:e2 | Tuân thủ quy định về bảo vệ môi trường
UNRESOLVED:doc_chuong-iii_muc-1_dieu-31_khoan-5_p10115:e3 | Tài sản và lợi ích hợp pháp
UNRESOLVED:doc_chuong-iii_muc-1_dieu-31_khoan-7_p10310:e2 | Bàn giao lại đất
UNRESOLVED:doc_chuong-iii_muc-1_dieu-31_khoan-7_p10310:e4 | Theo quy định của pháp luật
UNRESOLVED:doc_chuong-iii_muc-2_dieu-32_khoan-1_p10650:e1 | Tổ chức trong nước, tổ chức tôn giáo, tổ chức tôn giáo trực thuộc
UNRESOLVED:doc_chuong-iii_muc-2_dieu-32_khoan-1_p10650:e4 | Quyền và nghĩa vụ chung
UNRESOLVED:doc_chuong-iii_muc-2_dieu-32_khoan-2_p10839:e1 | Tổ chức trong nước, tổ chức tôn giáo, tổ chức tôn giáo trực thuộc
UNRESOLVED:doc_chuong-iii_muc-2_dieu-32_khoan-2_p10839:e3 | Quyền chuyển đổi, chuyển nhượng, tặng cho, cho thuê quyền sử dụng đất, thế chấp, góp vốn bằng quyền sử dụng đất
UNRESOLVED:doc_chuong-iii_muc-2_dieu-33_khoan-1_p11236:e3 | Giao đất
UNRESOLVED:doc_chuong-iii_muc-2_dieu-33_khoan-1_p11236:e4 | Thu tiền sử dụng đất
UNRESOLVED:doc_chuong-iii_muc-2_dieu-33_khoan-1_p11236:e5 | Cho thuê đất
UNRESOLVED:doc_chuong-iii_muc-2_dieu-33_khoan-1_p11236:e6 | Thu tiền thuê đất
UNRESOLVED:doc_chuong-iii_muc-2_dieu-33_khoan-1_p11236:e7 | Một lần cho cả thời gian thuê
UNRESOLVED:doc_chuong-iii_muc-2_dieu-33_khoan-1_diem-a_p11392:e2 | Quyền và nghĩa vụ chung
UNRESOLVED:doc_chuong-iii_muc-2_dieu-33_khoan-1_diem-a_p11392:e3 | Điều 26 và Điều 31 của Luật này
UNRESOLVED:doc_chuong-iii_muc-2_dieu-33_khoan-1_diem-d_p12187:e8 | quy định của pháp luật
UNRESOLVED:doc_chuong-iii_muc-2_dieu-33_khoan-2_p12614:e3 | Thuê đất
UNRESOLVED:doc_chuong-iii_muc-2_dieu-33_khoan-2_p12614:e5 | Thời gian thuê
UNRESOLVED:doc_chuong-iii_muc-2_dieu-33_khoan-2_p12614:e6 | Điều 202
UNRESOLVED:doc_chuong-iii_muc-2_dieu-33_khoan-2_p12614:e7 | Quyền và nghĩa vụ
UNRESOLVED:doc_chuong-iii_muc-2_dieu-33_khoan-3_diem-a_p13127:e4 | quyền và nghĩa vụ
UNRESOLVED:doc_chuong-iii_muc-2_dieu-33_khoan-3_diem-a_p13127:e5 | miễn hoặc giảm tiền sử dụng đất
UNRESOLVED:doc_chuong-iii_muc-2_dieu-33_khoan-3_diem-b_p13433:e3 | Giao đất
UNRESOLVED:doc_chuong-iii_muc-2_dieu-33_khoan-3_diem-b_p13433:e4 | Cho thuê đất
UNRESOLVED:doc_chuong-iii_muc-2_dieu-33_khoan-3_diem-b_p13433:e5 | Quyền và nghĩa vụ
UNRESOLVED:doc_chuong-iii_muc-2_dieu-33_khoan-3_diem-b_p13433:e8 | Miễn, giảm tiền sử dụng đất, tiền thuê đất
UNRESOLVED:doc_chuong-iii_muc-2_dieu-33_khoan-3_diem-b_p13433:e9 | Trừ trường hợp pháp luật có liên quan có quy định khác
UNRESOLVED:doc_chuong-iii_muc-2_dieu-34_khoan-1_diem-a_p14396:e1 | Tổ chức kinh tế, tổ chức tôn giáo, tổ chức tôn giáo trực thuộc
UNRESOLVED:doc_chuong-iii_muc-2_dieu-34_khoan-1_diem-a_p14396:e3 | Quyền và nghĩa vụ chung
UNRESOLVED:doc_chuong-iii_muc-2_dieu-34_khoan-1_diem-a_p14396:e4 | Điều 26 và Điều 31 của Luật này
UNRESOLVED:doc_chuong-iii_muc-2_dieu-34_khoan-1_diem-b_p14466:e2 | Thế chấp tài sản thuộc sở hữu của mình gắn liền với đất
UNRESOLVED:doc_chuong-iii_muc-2_dieu-34_khoan-1_diem-b_p14466:e3 | Tài sản
UNRESOLVED:doc_chuong-iii_muc-2_dieu-34_khoan-1_diem-c_p14648:e1 | Tổ chức kinh tế, tổ chức tôn giáo, tổ chức tôn giáo trực thuộc
UNRESOLVED:doc_chuong-iii_muc-2_dieu-34_khoan-1_diem-c_p14648:e2 | Bán tài sản thuộc sở hữu của mình gắn liền với đất
UNRESOLVED:doc_chuong-iii_muc-2_dieu-34_khoan-1_diem-c_p14648:e3 | Quyền thuê trong hợp đồng thuê đất
UNRESOLVED:doc_chuong-iii_muc-2_dieu-34_khoan-1_diem-c_p14648:e5 | Người mua tài sản gắn liền với đất và quyền thuê trong hợp đồng thuê đất
UNRESOLVED:doc_chuong-iii_muc-2_dieu-34_khoan-1_diem-c_p14648:e6 | Tiếp tục thuê đất
UNRESOLVED:doc_chuong-iii_muc-2_dieu-34_khoan-1_diem-c_p14648:e7 | Các quyền và nghĩa vụ của người sử dụng đất
UNRESOLVED:doc_chuong-iii_muc-2_dieu-34_khoan-1_diem-d_p15135:e1 | Tổ chức kinh tế, tổ chức tôn giáo, tổ chức tôn giáo trực thuộc
UNRESOLVED:doc_chuong-iii_muc-2_dieu-34_khoan-1_diem-d_p15135:e2 | Góp vốn bằng tài sản thuộc sở hữu của mình gắn liền với đất
UNRESOLVED:doc_chuong-iii_muc-2_dieu-34_khoan-1_diem-d_p15135:e6 | Tiếp tục cho thuê đất
UNRESOLVED:doc_chuong-iii_muc-2_dieu-34_khoan-1_diem-d_p15343:e1 | Tổ chức kinh tế, tổ chức tôn giáo, tổ chức tôn giáo trực thuộc
UNRESOLVED:doc_chuong-iii_muc-2_dieu-34_khoan-1_diem-d_p15343:e2 | Cho thuê tài sản thuộc sở hữu của mình gắn liền với đất và quyền thuê trong hợp đồng thuê đất
UNRESOLVED:doc_chuong-iii_muc-2_dieu-34_khoan-1_diem-e_p15442:e1 | Tổ chức kinh tế, tổ chức tôn giáo, tổ chức tôn giáo trực thuộc
UNRESOLVED:doc_chuong-iii_muc-2_dieu-34_khoan-1_diem-e_p15442:e5 | Nghĩa vụ tài chính
UNRESOLVED:doc_chuong-iii_muc-2_dieu-34_khoan-2_p15825:e6 | Quyền góp vốn
UNRESOLVED:doc_chuong-iii_muc-2_dieu-34_khoan-2_p15825:e7 | Quyền thuê
UNRESOLVED:doc_chuong-iii_muc-2_dieu-34_khoan-2_p15825:e8 | Mục đích khác
UNRESOLVED:doc_chuong-iii_muc-2_dieu-34_khoan-2_diem-a_p16355:e4 | Khai thác, sử dụng
UNRESOLVED:doc_chuong-iii_muc-2_dieu-34_khoan-2_diem-a_p16355:e5 | Phương án được cơ quan chủ quản phê duyệt
UNRESOLVED:doc_chuong-iii_muc-2_dieu-34_khoan-2_diem-a_p16355:e6 | Pháp luật về xây dựng
UNRESOLVED:doc_chuong-iii_muc-2_dieu-34_khoan-2_diem-a_p16355:e7 | Quy định của pháp luật
UNRESOLVED:doc_chuong-iii_muc-2_dieu-34_khoan-2_diem-b_p16777:e3 | Tài sản công
UNRESOLVED:doc_chuong-iii_muc-2_dieu-34_khoan-2_diem-b_p16777:e4 | Đề án sử dụng tài sản công
UNRESOLVED:doc_chuong-iii_muc-2_dieu-34_khoan-2_diem-b_p16777:e5 | Mục đích cho thuê, liên doanh, liên kết
UNRESOLVED:doc_chuong-iii_muc-2_dieu-34_khoan-3_p17074:e3 | Quyền và nghĩa vụ
UNRESOLVED:doc_chuong-iii_muc-2_dieu-35_khoan-1_p17394:e2 | Quyền và nghĩa vụ chung
UNRESOLVED:doc_chuong-iii_muc-2_dieu-35_khoan-1_p17394:e3 | Điều 26 và Điều 31
UNRESOLVED:doc_chuong-iii_muc-2_dieu-35_khoan-2_p17549:e4 | Quyền và nghĩa vụ
UNRESOLVED:doc_chuong-iii_muc-2_dieu-35_khoan-3_diem-a_p17947:e2 | Nhận chuyển nhượng
UNRESOLVED:doc_chuong-iii_muc-2_dieu-35_khoan-3_diem-a_p17947:e3 | Không chuyển mục đích sử dụng đất
UNRESOLVED:doc_chuong-iii_muc-2_dieu-35_khoan-3_diem-a_p17947:e4 | Quyền và nghĩa vụ quy định tại khoản 1 và khoản 3 Điều 33
UNRESOLVED:doc_chuong-iii_muc-2_dieu-35_khoan-3_diem-b_p18093:e4 | Chuyển mục đích sử dụng đất
UNRESOLVED:doc_chuong-iii_muc-2_dieu-35_khoan-3_diem-b_p18093:e5 | Quyền và nghĩa vụ
UNRESOLVED:doc_chuong-iii_muc-2_dieu-35_khoan-3_diem-b_p18093:e7 | Giao đất có thu tiền sử dụng đất
UNRESOLVED:doc_chuong-iii_muc-2_dieu-35_khoan-3_diem-b_p18093:e8 | Cho thuê đất thu tiền thuê đất một lần cho cả thời gian thuê
UNRESOLVED:doc_chuong-iii_muc-2_dieu-35_khoan-3_diem-c_p18366:e4 | Chuyển mục đích sử dụng đất
UNRESOLVED:doc_chuong-iii_muc-2_dieu-35_khoan-3_diem-c_p18366:e5 | Quyền và nghĩa vụ
UNRESOLVED:doc_chuong-iii_muc-2_dieu-35_khoan-3_diem-c_p18366:e6 | Điều 34
UNRESOLVED:doc_chuong-iii_muc-2_dieu-35_khoan-3_diem-c_p18366:e7 | Thuê đất thu tiền thuê đất hằng năm
UNRESOLVED:doc_chuong-iii_muc-2_dieu-35_khoan-4_diem-a_p18800:e2 | Quyền và nghĩa vụ
UNRESOLVED:doc_chuong-iii_muc-2_dieu-35_khoan-4_diem-b_p19014:e2 | cho thuê đất
UNRESOLVED:doc_chuong-iii_muc-2_dieu-35_khoan-4_diem-b_p19014:e4 | quyền và nghĩa vụ
UNRESOLVED:doc_chuong-iii_muc-2_dieu-35_khoan-4_diem-b_p19014:e5 | khoản 1 Điều 34
UNRESOLVED:doc_chuong-iii_muc-2_dieu-36_khoan-1_p19302:e3 | Quyền và nghĩa vụ quy định tại Điều 33 của Luật này
UNRESOLVED:doc_chuong-iii_muc-2_dieu-36_khoan-1_p19302:e5 | Trong các trường hợp sau đây
UNRESOLVED:doc_chuong-iii_muc-2_dieu-36_khoan-2_diem-a_p19897:e2 | Thu hồi đất
UNRESOLVED:doc_chuong-iii_muc-2_dieu-36_khoan-2_diem-b_p20347:e2 | Hợp tác xã
UNRESOLVED:doc_chuong-iii_muc-2_dieu-36_khoan-2_diem-b_p20347:e4 | Điều lệ của hợp tác xã
UNRESOLVED:doc_chuong-iii_muc-2_dieu-36_khoan-2_diem-b_p20347:e5 | Nghị quyết của đại hội thành viên
UNRESOLVED:doc_chuong-iii_muc-2_dieu-36_khoan-3_p20984:e4 | giải thể
UNRESOLVED:doc_chuong-iii_muc-2_dieu-36_khoan-3_p20984:e5 | phá sản
UNRESOLVED:doc_chuong-iii_muc-3_dieu-37_khoan-1_diem-b_p21698:e2 | Chuyển đổi
UNRESOLVED:doc_chuong-iii_muc-3_dieu-37_khoan-1_diem-d_p21866:e5 | Thuê
UNRESOLVED:doc_chuong-iii_muc-3_dieu-37_khoan-1_diem-d_p22025:e5 | Giá trị của phần thừa kế đó
UNRESOLVED:doc_chuong-iii_muc-3_dieu-37_khoan-1_diem-e_p22461:e6 | Nhà tình nghĩa, nhà tình thương, nhà đại đoàn kết
UNRESOLVED:doc_chuong-iii_muc-3_dieu-37_khoan-1_diem-g_p22984:e5 | tổ chức kinh tế khác hoặc cá nhân
UNRESOLVED:doc_chuong-iii_muc-3_dieu-37_khoan-2_diem-b_p23547:e3 | Bán tài sản thuộc sở hữu của mình gắn liền với đất
UNRESOLVED:doc_chuong-iii_muc-3_dieu-37_khoan-2_diem-b_p23547:e4 | Quyền thuê trong hợp đồng thuê đất
UNRESOLVED:doc_chuong-iii_muc-3_dieu-37_khoan-2_diem-b_p23547:e7 | Kế thừa các quyền và nghĩa vụ của người sử dụng đất
UNRESOLVED:doc_chuong-iii_muc-3_dieu-37_khoan-2_diem-c_p24048:e2 | Người được tặng cho tài sản
UNRESOLVED:doc_chuong-iii_muc-3_dieu-37_khoan-2_diem-c_p24048:e3 | Quyền thuê trong hợp đồng thuê đất
UNRESOLVED:doc_chuong-iii_muc-3_dieu-37_khoan-2_diem-c_p24048:e6 | Cho thuê đất
UNRESOLVED:doc_chuong-iii_muc-3_dieu-37_khoan-2_diem-d_p24309:e4 | Quyền thuê trong hợp đồng thuê đất
UNRESOLVED:doc_chuong-iii_muc-3_dieu-37_khoan-2_diem-d_p24415:e3 | Tài sản
UNRESOLVED:doc_chuong-iii_muc-3_dieu-37_khoan-2_diem-e_p24600:e3 | Tài sản
UNRESOLVED:doc_chuong-iii_muc-3_dieu-37_khoan-2_diem-e_p24600:e4 | Thời hạn
UNRESOLVED:doc_chuong-iii_muc-3_dieu-37_khoan-3_diem-a_p24987:e1 | Cá nhân thuê lại đất
UNRESOLVED:doc_chuong-iii_muc-3_dieu-37_khoan-3_diem-a_p24987:e2 | Trả tiền thuê đất một lần cho cả thời gian thuê
UNRESOLVED:doc_chuong-iii_muc-3_dieu-37_khoan-3_diem-a_p24987:e3 | Quyền và nghĩa vụ quy định tại khoản 1 Điều này
UNRESOLVED:doc_chuong-iii_muc-3_dieu-37_khoan-3_diem-b_p25125:e1 | Cá nhân thuê lại đất
UNRESOLVED:doc_chuong-iii_muc-3_dieu-37_khoan-3_diem-b_p25125:e2 | Quyền và nghĩa vụ
UNRESOLVED:doc_chuong-iii_muc-3_dieu-37_khoan-3_diem-b_p25125:e4 | Trong khu công nghiệp, cụm công nghiệp, khu công nghệ cao
UNRESOLVED:doc_chuong-iii_muc-3_dieu-37_khoan-3_diem-b_p25125:e5 | khoản 2 Điều này
UNRESOLVED:doc_chuong-iii_muc-3_dieu-37_khoan-4_p25242:e3 | Giao đất
UNRESOLVED:doc_chuong-iii_muc-3_dieu-37_khoan-4_p25242:e4 | Cho thuê đất
UNRESOLVED:doc_chuong-iii_muc-3_dieu-37_khoan-4_p25242:e5 | Miễn, giảm tiền sử dụng đất, tiền thuê đất
UNRESOLVED:doc_chuong-iii_muc-3_dieu-37_khoan-4_p25242:e6 | Không được miễn, không được giảm tiền sử dụng đất, tiền thuê đất
UNRESOLVED:doc_chuong-iii_muc-3_dieu-37_khoan-5_p25444:e2 | Tổ chức, cá nhân
UNRESOLVED:doc_chuong-iii_muc-3_dieu-37_khoan-5_p25444:e3 | Quyền và nghĩa vụ
UNRESOLVED:doc_chuong-iii_muc-3_dieu-38_khoan-1_p25756:e2 | Chuyển mục đích sử dụng đất
UNRESOLVED:doc_chuong-iii_muc-3_dieu-38_khoan-1_p25756:e3 | Đất được Nhà nước giao đất không thu tiền sử dụng đất
UNRESOLVED:doc_chuong-iii_muc-3_dieu-38_khoan-1_p25756:e4 | Đất được Nhà nước giao đất có thu tiền sử dụng đất
UNRESOLVED:doc_chuong-iii_muc-3_dieu-38_khoan-2_diem-a_p26278:e2 | Quyền và nghĩa vụ quy định tại khoản 1 Điều 37 của Luật này
UNRESOLVED:doc_chuong-iii_muc-3_dieu-38_khoan-2_diem-a_p26278:e3 | Chuyển mục đích sử dụng đất
UNRESOLVED:doc_chuong-iii_muc-3_dieu-38_khoan-2_diem-a_p26278:e7 | Thời gian thuê
UNRESOLVED:doc_chuong-iii_muc-3_dieu-38_khoan-2_diem-b_p26470:e2 | Quyền và nghĩa vụ
UNRESOLVED:doc_chuong-iii_muc-3_dieu-38_khoan-2_diem-b_p26470:e4 | Trường hợp
UNRESOLVED:doc_chuong-iii_muc-3_dieu-38_khoan-2_diem-b_p26470:e5 | khoản 2 Điều 37
UNRESOLVED:doc_chuong-iii_muc-3_dieu-39_khoan-1_p26663:e2 | quyền và nghĩa vụ chung
UNRESOLVED:doc_chuong-iii_muc-3_dieu-39_khoan-2_p26765:e2 | quyền và nghĩa vụ
UNRESOLVED:doc_chuong-iii_muc-3_dieu-39_khoan-2_p26765:e3 | quyền để thừa kế
UNRESOLVED:doc_chuong-iii_muc-3_dieu-39_khoan-2_p26765:e5 | giao đất không thu tiền sử dụng đất
UNRESOLVED:doc_chuong-iii_muc-3_dieu-39_khoan-2_p26765:e6 | quyền chuyển đổi, chuyển nhượng, tặng cho, cho thuê quyền sử dụng đất, thế chấp, góp vốn bằng quyền sử dụng đất
UNRESOLVED:doc_chuong-iii_muc-4_dieu-40_khoan-1_diem-a_p27536:e2 | Quyền và nghĩa vụ chung
UNRESOLVED:doc_chuong-iii_muc-4_dieu-40_khoan-1_diem-a_p27536:e3 | Điều 26 và Điều 31 của Luật này
UNRESOLVED:doc_chuong-iii_muc-4_dieu-40_khoan-1_diem-b_p27606:e2 | Xây dựng
UNRESOLVED:doc_chuong-iii_muc-4_dieu-40_khoan-1_diem-b_p27606:e4 | giấy phép
UNRESOLVED:doc_chuong-iii_muc-4_dieu-40_khoan-1_diem-b_p27606:e5 | cơ quan nhà nước Việt Nam có thẩm quyền
UNRESOLVED:doc_chuong-iii_muc-4_dieu-40_khoan-1_diem-c_p27699:e2 | Sở hữu công trình do mình xây dựng trên đất thuê trong thời hạn thuê đất
UNRESOLVED:doc_chuong-iii_muc-4_dieu-40_khoan-1_diem-c_p27699:e3 | đất thuê
UNRESOLVED:doc_chuong-iii_muc-4_dieu-40_khoan-1_diem-d_p27773:e2 | Trả lại đất
UNRESOLVED:doc_chuong-iii_muc-4_dieu-40_khoan-1_diem-d_p27773:e4 | Điều ước quốc tế
UNRESOLVED:doc_chuong-iii_muc-4_dieu-40_khoan-1_diem-d_p27773:e5 | Thỏa thuận quốc tế
UNRESOLVED:doc_chuong-iii_muc-4_dieu-40_khoan-1_diem-d_p27773:e6 | Quy định của pháp luật
UNRESOLVED:doc_chuong-iii_muc-4_dieu-40_khoan-2_p28006:e2 | Quyền và nghĩa vụ
UNRESOLVED:doc_chuong-iii_muc-4_dieu-40_khoan-2_p28006:e3 | Điều ước quốc tế
UNRESOLVED:doc_chuong-iii_muc-4_dieu-40_khoan-2_p28006:e5 | Điều ước quốc tế đó
UNRESOLVED:doc_chuong-iii_muc-4_dieu-41_khoan-1_p28366:e5 | Quyền và nghĩa vụ
UNRESOLVED:doc_chuong-iii_muc-4_dieu-41_khoan-2_p28544:e4 | Cho thuê đất
UNRESOLVED:doc_chuong-iii_muc-4_dieu-41_khoan-2_p28544:e5 | Thu tiền thuê đất hằng năm
UNRESOLVED:doc_chuong-iii_muc-4_dieu-41_khoan-2_diem-b_p28784:e1 | Người gốc Việt Nam định cư ở nước ngoài, tổ chức kinh tế có vốn đầu tư nước ngoài
UNRESOLVED:doc_chuong-iii_muc-4_dieu-41_khoan-2_diem-c_p28899:e3 | Góp vốn bằng tài sản thuộc sở hữu của mình gắn liền với đất
UNRESOLVED:doc_chuong-iii_muc-4_dieu-41_khoan-2_diem-c_p28899:e7 | Người nhận góp vốn bằng tài sản
UNRESOLVED:doc_chuong-iii_muc-4_dieu-41_khoan-2_diem-c_p28899:e8 | Cho thuê đất
UNRESOLVED:doc_chuong-iii_muc-4_dieu-41_khoan-2_diem-c_p28899:e9 | Mục đích đã được xác định
UNRESOLVED:doc_chuong-iii_muc-4_dieu-41_khoan-2_diem-d_p29112:e3 | Bán tài sản thuộc sở hữu của mình gắn liền với đất
UNRESOLVED:doc_chuong-iii_muc-4_dieu-41_khoan-2_diem-d_p29112:e4 | Quyền thuê trong hợp đồng thuê đất
UNRESOLVED:doc_chuong-iii_muc-4_dieu-41_khoan-2_diem-d_p29112:e5 | Điều kiện quy định tại Điều 46 của Luật này
UNRESOLVED:doc_chuong-iii_muc-4_dieu-41_khoan-2_diem-d_p29112:e7 | Tiếp tục thuê đất
UNRESOLVED:doc_chuong-iii_muc-4_dieu-41_khoan-2_diem-d_p29112:e8 | Mục đích đã được xác định
UNRESOLVED:doc_chuong-iii_muc-4_dieu-41_khoan-2_diem-d_p29112:e9 | Thời hạn sử dụng đất còn lại
UNRESOLVED:doc_chuong-iii_muc-4_dieu-41_khoan-2_diem-d_p29572:e1 | Người gốc Việt Nam định cư ở nước ngoài, tổ chức kinh tế có vốn đầu tư nước ngoài
UNRESOLVED:doc_chuong-iii_muc-4_dieu-41_khoan-2_diem-d_p29572:e3 | Tài sản thuộc sở hữu của mình gắn liền với đất và quyền thuê trong hợp đồng thuê đất
UNRESOLVED:doc_chuong-iii_muc-4_dieu-41_khoan-2_diem-e_p29670:e5 | Đất đã được xây dựng xong kết cấu hạ tầng
UNRESOLVED:doc_chuong-iii_muc-4_dieu-41_khoan-2_diem-e_p29670:e6 | Sử dụng đất đúng mục đích
UNRESOLVED:doc_chuong-iii_muc-4_dieu-41_khoan-2_diem-e_p29670:e7 | Thực hiện nghĩa vụ tài chính
UNRESOLVED:doc_chuong-iii_muc-4_dieu-41_khoan-2_diem-e_p29670:e8 | Đất khu công nghiệp, cụm công nghiệp, khu công nghệ cao
UNRESOLVED:doc_chuong-iii_muc-4_dieu-41_khoan-3_p30039:e4 | Cho thuê đất
UNRESOLVED:doc_chuong-iii_muc-4_dieu-41_khoan-3_p30039:e5 | Giao đất
UNRESOLVED:doc_chuong-iii_muc-4_dieu-41_khoan-3_diem-c_p30516:e5 | Cho thuê lại
UNRESOLVED:doc_chuong-iii_muc-4_dieu-41_khoan-4_p30850:e2 | Sử dụng đất
UNRESOLVED:doc_chuong-iii_muc-4_dieu-41_khoan-4_p30850:e3 | Nộp tiền sử dụng đất
UNRESOLVED:doc_chuong-iii_muc-4_dieu-41_khoan-4_p30850:e4 | Trả tiền thuê đất
UNRESOLVED:doc_chuong-iii_muc-4_dieu-41_khoan-4_p30850:e5 | Quyền và nghĩa vụ
UNRESOLVED:doc_chuong-iii_muc-4_dieu-41_khoan-4_p30850:e6 | Điều này
UNRESOLVED:doc_chuong-iii_muc-4_dieu-41_khoan-5_p31108:e4 | Giao đất
UNRESOLVED:doc_chuong-iii_muc-4_dieu-41_khoan-5_p31108:e5 | Cho thuê đất
UNRESOLVED:doc_chuong-iii_muc-4_dieu-41_khoan-5_p31108:e6 | Miễn, giảm tiền sử dụng đất, tiền thuê đất
UNRESOLVED:doc_chuong-iii_muc-4_dieu-41_khoan-5_p31108:e7 | Quyền và nghĩa vụ quy định tại khoản 3 Điều 33
UNRESOLVED:doc_chuong-iii_muc-4_dieu-42_khoan-1_p31581:e5 | Quyền và nghĩa vụ quy định tại khoản 3 Điều 41
UNRESOLVED:doc_chuong-iii_muc-4_dieu-42_khoan-2_diem-a_p32028:e2 | Quyền và nghĩa vụ
UNRESOLVED:doc_chuong-iii_muc-4_dieu-42_khoan-2_diem-a_p32028:e5 | thu tiền thuê đất hằng năm
UNRESOLVED:doc_chuong-iii_muc-4_dieu-42_khoan-2_diem-b_p32355:e4 | Điều 41
UNRESOLVED:doc_chuong-iii_muc-4_dieu-42_khoan-2_diem-c_p32703:e4 | Điều 41
UNRESOLVED:doc_chuong-iii_muc-4_dieu-42_khoan-3_p33000:e6 | Quyền
UNRESOLVED:doc_chuong-iii_muc-4_dieu-42_khoan-3_p33000:e7 | Nghĩa vụ
UNRESOLVED:doc_chuong-iii_muc-4_dieu-43_khoan-1_p33702:e4 | khu công nghiệp, cụm công nghiệp, khu công nghệ cao
UNRESOLVED:doc_chuong-iii_muc-4_dieu-43_khoan-2_diem-a_p34109:e3 | Trả tiền thuê đất một lần cho cả thời gian thuê
UNRESOLVED:doc_chuong-iii_muc-4_dieu-43_khoan-2_diem-a_p34109:e4 | Trả tiền thuê lại đất một lần cho cả thời gian thuê lại
UNRESOLVED:doc_chuong-iii_muc-4_dieu-43_khoan-2_diem-a_p34109:e5 | Quyền và nghĩa vụ quy định tại khoản 1 và khoản 3 Điều 33
UNRESOLVED:doc_chuong-iii_muc-4_dieu-43_khoan-2_diem-b_p34304:e3 | Trả tiền thuê đất, thuê lại đất hằng năm
UNRESOLVED:doc_chuong-iii_muc-4_dieu-43_khoan-2_diem-b_p34304:e4 | Quyền và nghĩa vụ quy định tại khoản 1 Điều 34 của Luật này
UNRESOLVED:doc_chuong-iii_muc-4_dieu-44_khoan-1_p34692:e4 | Nhập cảnh vào Việt Nam
UNRESOLVED:doc_chuong-iii_muc-4_dieu-44_khoan-1_p34692:e5 | Chuyển quyền sử dụng đất ở
UNRESOLVED:doc_chuong-iii_muc-4_dieu-44_khoan-2_p34926:e2 | quyền
UNRESOLVED:doc_chuong-iii_muc-4_dieu-44_khoan-2_p34926:e3 | nghĩa vụ
UNRESOLVED:doc_chuong-iii_muc-4_dieu-44_khoan-2_diem-a_p35046:e2 | Quyền và nghĩa vụ chung
UNRESOLVED:doc_chuong-iii_muc-4_dieu-44_khoan-2_diem-a_p35046:e3 | Điều 26 và Điều 31
UNRESOLVED:doc_chuong-iii_muc-4_dieu-44_khoan-2_diem-b_p35116:e2 | Chuyển quyền sử dụng đất ở
UNRESOLVED:doc_chuong-iii_muc-4_dieu-44_khoan-2_diem-b_p35116:e4 | Giấy chứng nhận quyền sử dụng đất
UNRESOLVED:doc_chuong-iii_muc-4_dieu-44_khoan-3_p35912:e2 | Giấy chứng nhận quyền sử dụng đất, quyền sở hữu tài sản gắn liền với đất
UNRESOLVED:doc_chuong-iii_muc-4_dieu-44_khoan-3_diem-b_p36548:e1 | Người được tặng cho
UNRESOLVED:doc_chuong-iii_muc-4_dieu-44_khoan-3_diem-b_p36548:e3 | Điểm e khoản 1 Điều 37
UNRESOLVED:doc_chuong-iii_muc-4_dieu-44_khoan-3_diem-c_p36840:e3 | Tổ chức đăng ký đất đai
UNRESOLVED:doc_chuong-iii_muc-4_dieu-44_khoan-3_diem-c_p36840:e4 | Sổ địa chính
UNRESOLVED:doc_chuong-iii_muc-4_dieu-44_khoan-3_diem-c_p36840:e5 | Trong trường hợp chưa chuyển nhượng hoặc chưa tặng cho quyền sử dụng đất
UNRESOLVED:doc_chuong-iii_muc-4_dieu-44_khoan-4_p37072:e2 | Nhà ở
UNRESOLVED:doc_chuong-iii_muc-4_dieu-44_khoan-4_p37072:e4 | Giấy chứng nhận quyền sử dụng đất, quyền sở hữu tài sản gắn liền với đất
UNRESOLVED:doc_chuong-iii_muc-4_dieu-44_khoan-4_p37072:e5 | Hồ sơ về việc nhận thừa kế
UNRESOLVED:doc_chuong-iii_muc-4_dieu-44_khoan-4_p37072:e6 | Sổ địa chính
UNRESOLVED:doc_chuong-iii_muc-4_dieu-44_khoan-4_p37072:e7 | Phân chia thừa kế
UNRESOLVED:doc_chuong-iii_muc-4_dieu-44_khoan-4_p37072:e9 | Người đại diện theo ủy quyền
UNRESOLVED:doc_chuong-iii_muc-4_dieu-44_khoan-5_p38031:e2 | Ủy quyền
UNRESOLVED:doc_chuong-iii_muc-4_dieu-44_khoan-5_p38031:e3 | Trông nom hoặc tạm sử dụng đất
UNRESOLVED:doc_chuong-iii_muc-4_dieu-44_khoan-5_p38031:e4 | Nghĩa vụ
UNRESOLVED:doc_chuong-iii_muc-4_dieu-44_khoan-5_p38031:e5 | Quy định của pháp luật về đất đai
UNRESOLVED:doc_chuong-iii_muc-5_dieu-45_khoan-1_p38579:e2 | Chuyển đổi
UNRESOLVED:doc_chuong-iii_muc-5_dieu-45_khoan-1_p38579:e5 | Cho thuê lại
UNRESOLVED:doc_chuong-iii_muc-5_dieu-45_khoan-1_p38579:e6 | Thừa kế
UNRESOLVED:doc_chuong-iii_muc-5_dieu-45_khoan-1_diem-a_p38784:e2 | Giấy chứng nhận quyền sử dụng đất
UNRESOLVED:doc_chuong-iii_muc-5_dieu-45_khoan-1_diem-a_p38784:e3 | Giấy chứng nhận quyền sở hữu nhà ở và quyền sử dụng đất ở
UNRESOLVED:doc_chuong-iii_muc-5_dieu-45_khoan-1_diem-a_p38784:e4 | Giấy chứng nhận quyền sử dụng đất, quyền sở hữu nhà ở và tài sản khác gắn liền với đất
UNRESOLVED:doc_chuong-iii_muc-5_dieu-45_khoan-1_diem-a_p38784:e5 | Giấy chứng nhận quyền sử dụng đất, quyền sở hữu tài sản gắn liền với đất
UNRESOLVED:doc_chuong-iii_muc-5_dieu-45_khoan-1_diem-a_p38784:e6 | thừa kế quyền sử dụng đất
UNRESOLVED:doc_chuong-iii_muc-5_dieu-45_khoan-1_diem-a_p38784:e9 | khoản 7 Điều 124
UNRESOLVED:doc_chuong-iii_muc-5_dieu-45_khoan-1_diem-b_p39292:e2 | Chuyển đổi
UNRESOLVED:doc_chuong-iii_muc-5_dieu-45_khoan-1_diem-b_p39292:e5 | Cho thuê lại
UNRESOLVED:doc_chuong-iii_muc-5_dieu-45_khoan-1_diem-b_p39292:e6 | Thừa kế
UNRESOLVED:doc_chuong-iii_muc-5_dieu-45_khoan-1_diem-b_p39292:e12 | Tranh chấp đã được giải quyết
UNRESOLVED:doc_chuong-iii_muc-5_dieu-45_khoan-1_diem-c_p39485:e3 | Không bị kê biên
UNRESOLVED:doc_chuong-iii_muc-5_dieu-45_khoan-1_diem-d_p39643:e3 | biện pháp khẩn cấp tạm thời
UNRESOLVED:doc_chuong-iii_muc-5_dieu-45_khoan-2_p39738:e4 | Điều kiện khác
UNRESOLVED:doc_chuong-iii_muc-5_dieu-45_khoan-3_p39986:e2 | Chuyển đổi
UNRESOLVED:doc_chuong-iii_muc-5_dieu-45_khoan-3_p39986:e5 | Cho thuê lại
UNRESOLVED:doc_chuong-iii_muc-5_dieu-45_khoan-3_p39986:e6 | Thừa kế
UNRESOLVED:doc_chuong-iii_muc-5_dieu-45_khoan-3_p39986:e11 | Điều kiện
UNRESOLVED:doc_chuong-iii_muc-5_dieu-45_khoan-3_diem-a_p40271:e2 | Mua, bán tài sản gắn liền với đất
UNRESOLVED:doc_chuong-iii_muc-5_dieu-45_khoan-3_diem-a_p40271:e3 | Quyền thuê trong hợp đồng thuê đất
UNRESOLVED:doc_chuong-iii_muc-5_dieu-45_khoan-3_diem-b_p40472:e2 | Chuyển đổi quyền sử dụng đất nông nghiệp
UNRESOLVED:doc_chuong-iii_muc-5_dieu-45_khoan-3_diem-c_p40594:e5 | khoản 3 Điều 16
UNRESOLVED:doc_chuong-iii_muc-5_dieu-45_khoan-4_p40816:e2 | Giấy chứng nhận quyền sử dụng đất
UNRESOLVED:doc_chuong-iii_muc-5_dieu-45_khoan-4_p40816:e3 | Giấy chứng nhận quyền sở hữu nhà ở và quyền sử dụng đất ở
UNRESOLVED:doc_chuong-iii_muc-5_dieu-45_khoan-4_p40816:e4 | Giấy chứng nhận quyền sử dụng đất, quyền sở hữu nhà ở và tài sản khác gắn liền với đất
UNRESOLVED:doc_chuong-iii_muc-5_dieu-45_khoan-4_p40816:e5 | Giấy chứng nhận quyền sử dụng đất, quyền sở hữu tài sản gắn liền với đất
UNRESOLVED:doc_chuong-iii_muc-5_dieu-45_khoan-5_p41303:e2 | Nghĩa vụ tài chính
UNRESOLVED:doc_chuong-iii_muc-5_dieu-45_khoan-5_p41303:e3 | Chậm thực hiện
UNRESOLVED:doc_chuong-iii_muc-5_dieu-45_khoan-5_p41303:e4 | Ghi nợ
UNRESOLVED:doc_chuong-iii_muc-5_dieu-45_khoan-5_p41303:e5 | Các quyền chuyển đổi, chuyển nhượng, cho thuê, cho thuê lại, tặng cho quyền sử dụng đất, thế chấp, góp vốn bằng quyền sử dụng đất
UNRESOLVED:doc_chuong-iii_muc-5_dieu-45_khoan-7_p41970:e1 | Cá nhân không trực tiếp sản xuất nông nghiệp
UNRESOLVED:doc_chuong-iii_muc-5_dieu-45_khoan-7_p41970:e2 | Nhận chuyển nhượng
UNRESOLVED:doc_chuong-iii_muc-5_dieu-45_khoan-7_p41970:e3 | Nhận tặng cho
UNRESOLVED:doc_chuong-iii_muc-5_dieu-45_khoan-7_p41970:e5 | Quá hạn mức quy định tại Điều 176
UNRESOLVED:doc_chuong-iii_muc-5_dieu-45_khoan-7_p41970:e6 | Trừ trường hợp người nhận tặng cho là người thuộc hàng thừa kế
UNRESOLVED:doc_chuong-iii_muc-5_dieu-45_khoan-7_p41970:e7 | Điều 176
UNRESOLVED:doc_chuong-iii_muc-5_dieu-45_khoan-8_diem-a_p42458:e2 | Nhận chuyển nhượng
UNRESOLVED:doc_chuong-iii_muc-5_dieu-45_khoan-8_diem-a_p42458:e3 | Quyền sử dụng đất rừng phòng hộ, đất rừng đặc dụng
UNRESOLVED:doc_chuong-iii_muc-5_dieu-45_khoan-8_diem-a_p42458:e4 | Trừ trường hợp được chuyển mục đích sử dụng đất theo quy hoạch, kế hoạch sử dụng đất đã được cơ quan có thẩm quyền phê duyệt
UNRESOLVED:doc_chuong-iii_muc-5_dieu-45_khoan-8_diem-a_p42458:e5 | Chuyển mục đích sử dụng đất theo quy hoạch, kế hoạch sử dụng đất đã được cơ quan có thẩm quyền phê duyệt
UNRESOLVED:doc_chuong-iii_muc-5_dieu-45_khoan-8_diem-b_p42694:e2 | Nhận chuyển nhượng
UNRESOLVED:doc_chuong-iii_muc-5_dieu-45_khoan-8_diem-b_p42694:e3 | Nhận tặng cho
UNRESOLVED:doc_chuong-iii_muc-5_dieu-45_khoan-8_diem-b_p42694:e5 | Khu vực rừng phòng hộ
UNRESOLVED:doc_chuong-iii_muc-5_dieu-45_khoan-8_diem-b_p42694:e6 | Rừng đặc dụng
UNRESOLVED:doc_chuong-iii_muc-5_dieu-45_khoan-8_diem-c_p42959:e1 | Tổ chức, cá nhân, cộng đồng dân cư, tổ chức tôn giáo, tổ chức tôn giáo trực thuộc, người gốc Việt Nam định cư ở nước ngoài, tổ chức kinh tế có vốn đầu tư nước ngoài
UNRESOLVED:doc_chuong-iii_muc-5_dieu-45_khoan-8_diem-c_p42959:e3 | pháp luật không cho phép
UNRESOLVED:doc_chuong-iii_muc-5_dieu-46_khoan-1_diem-a_p43572:e1 | Tổ chức kinh tế, cá nhân, người gốc Việt Nam định cư ở nước ngoài, tổ chức kinh tế có vốn đầu tư nước ngoài
UNRESOLVED:doc_chuong-iii_muc-5_dieu-46_khoan-1_diem-a_p43572:e2 | Bán tài sản gắn liền với đất
UNRESOLVED:doc_chuong-iii_muc-5_dieu-46_khoan-1_diem-a_p43572:e4 | Được tạo lập hợp pháp và đã được đăng ký theo quy định của pháp luật
UNRESOLVED:doc_chuong-iii_muc-5_dieu-46_khoan-1_diem-b_p43672:e1 | Tổ chức kinh tế, cá nhân, người gốc Việt Nam định cư ở nước ngoài, tổ chức kinh tế có vốn đầu tư nước ngoài
UNRESOLVED:doc_chuong-iii_muc-5_dieu-46_khoan-1_diem-b_p43672:e2 | Bán tài sản gắn liền với đất
UNRESOLVED:doc_chuong-iii_muc-5_dieu-46_khoan-1_diem-b_p43672:e4 | Đã hoàn thành việc xây dựng theo đúng quy hoạch xây dựng chi tiết và dự án đầu tư đã được phê duyệt, chấp thuận (nếu có)
UNRESOLVED:doc_chuong-iii_muc-5_dieu-46_khoan-1_diem-b_p43672:e5 | Trừ trường hợp phải thực hiện theo bản án, quyết định của Tòa án đã có hiệu lực thi hành, quyết định cưỡng chế của cơ quan thi hành án dân sự hoặc kết luận của cơ quan nhà nước có thẩm quyền về thanh tra, kiểm tra
UNRESOLVED:doc_chuong-iii_muc-5_dieu-46_khoan-3_p44416:e2 | Sử dụng đất đúng mục đích
UNRESOLVED:doc_chuong-iii_muc-5_dieu-46_khoan-3_p44416:e5 | Điều này
UNRESOLVED:doc_chuong-iii_muc-5_dieu-46_khoan-4_p44769:e3 | Giấy chứng nhận quyền sử dụng đất
UNRESOLVED:doc_chuong-iii_muc-5_dieu-46_khoan-4_p44769:e4 | Quyền sở hữu tài sản gắn liền với đất
UNRESOLVED:doc_chuong-iii_muc-5_dieu-46_khoan-4_p44769:e5 | Điều kiện tách thửa
UNRESOLVED:doc_chuong-iii_muc-5_dieu-46_khoan-5_p44959:e2 | Bán tài sản gắn liền với đất
UNRESOLVED:doc_chuong-iii_muc-5_dieu-46_khoan-5_p44959:e3 | Điều kiện quy định tại khoản 1 Điều 45 của Luật này
UNRESOLVED:doc_chuong-iii_muc-5_dieu-46_khoan-5_p44959:e4 | Điều kiện khác theo quy định của Luật Kinh doanh bất động sản
UNRESOLVED:doc_chuong-iii_muc-5_dieu-47_p45245:e2 | Chuyển đổi
UNRESOLVED:doc_chuong-iii_muc-5_dieu-47_p45245:e4 | Không phải nộp thuế thu nhập
UNRESOLVED:doc_chuong-iii_muc-5_dieu-48_khoan-1_p45727:e4 | thừa kế
UNRESOLVED:doc_chuong-iii_muc-5_dieu-48_khoan-1_p45727:e7 | thu hồi đất
UNRESOLVED:doc_chuong-iii_muc-5_dieu-48_khoan-1_p45727:e8 | bồi thường tài sản gắn liền với đất
UNRESOLVED:doc_chuong-iii_muc-5_dieu-48_khoan-1_p45727:e11 | người có đất thu hồi
UNRESOLVED:doc_chuong-iii_muc-5_dieu-48_khoan-1_p45727:e13 | giao đất
UNRESOLVED:doc_chuong-iii_muc-5_dieu-48_khoan-1_p45727:e14 | cho thuê đất
UNRESOLVED:doc_chuong-iii_muc-5_dieu-48_khoan-2_p46774:e5 | Khoản 3 Điều 16
UNRESOLVED:doc_chuong-iii_muc-5_dieu-48_khoan-3_p46954:e7 | Thừa kế
UNRESOLVED:doc_chuong-iii_muc-5_dieu-48_khoan-3_p46954:e9 | Trừ trường hợp quy định tại khoản 1 và khoản 2
UNRESOLVED:doc_chuong-iii_muc-5_dieu-48_khoan-3_p46954:e10 | Khoản 3 Điều 16
UNRESOLVED:doc_chuong-iii_muc-5_dieu-48_khoan-4_p47212:e2 | quản lý
UNRESOLVED:doc_chuong-iii_muc-5_dieu-48_khoan-4_p47212:e4 | theo quy định tại khoản 1 Điều này
UNRESOLVED:doc_chuong-iii_muc-1_dieu-26_khoan-1_p223:e2 | Cấp Giấy chứng nhận quyền sử dụng đất
UNRESOLVED:doc_chuong-iii_muc-1_dieu-26_khoan-1_p223:e3 | Quyền sở hữu tài sản gắn liền với đất
UNRESOLVED:doc_chuong-iii_muc-1_dieu-26_khoan-1_p223:e4 | Điều kiện
UNRESOLVED:doc_chuong-iii_muc-1_dieu-26_khoan-1_p223:e5 | Quy định của pháp luật về đất đai
UNRESOLVED:doc_chuong-iii_muc-1_dieu-26_khoan-3_p433:e2 | Hưởng các lợi ích
UNRESOLVED:doc_chuong-iii_muc-1_dieu-26_khoan-4_p521:e2 | Hướng dẫn
UNRESOLVED:doc_chuong-iii_muc-1_dieu-26_khoan-4_p521:e3 | Giúp đỡ
UNRESOLVED:doc_chuong-iii_muc-1_dieu-26_khoan-4_p521:e4 | Cải tạo, phục hồi đất nông nghiệp
UNRESOLVED:doc_chuong-iii_muc-1_dieu-26_khoan-5_p602:e2 | Người khác
UNRESOLVED:doc_chuong-iii_muc-1_dieu-26_khoan-5_p602:e3 | Bảo hộ
UNRESOLVED:doc_chuong-iii_muc-1_dieu-26_khoan-5_p602:e4 | Quyền, lợi ích hợp pháp về đất đai
UNRESOLVED:doc_chuong-iii_muc-1_dieu-26_khoan-6_p692:e2 | Chuyển mục đích sử dụng đất
UNRESOLVED:doc_chuong-iii_muc-1_dieu-26_khoan-7_p803:e5 | Quy định của Luật này
UNRESOLVED:doc_chuong-iii_muc-1_dieu-26_khoan-8_p893:e5 | Hành vi vi phạm quyền sử dụng đất hợp pháp
UNRESOLVED:doc_chuong-iii_muc-1_dieu-26_khoan-8_p893:e6 | Hành vi khác vi phạm pháp luật về đất đai
UNRESOLVED:doc_chuong-iii_muc-1_dieu-27_khoan-1_p1179:e2 | Chuyển đổi
UNRESOLVED:doc_chuong-iii_muc-1_dieu-27_khoan-1_p1179:e5 | Cho thuê lại
UNRESOLVED:doc_chuong-iii_muc-1_dieu-27_khoan-1_p1179:e6 | Thừa kế
UNRESOLVED:doc_chuong-iii_muc-1_dieu-27_khoan-2_diem-a_p1496:e4 | Quyền và nghĩa vụ
UNRESOLVED:doc_chuong-iii_muc-1_dieu-27_khoan-2_diem-a_p1496:e5 | Quy định của Luật này
UNRESOLVED:doc_chuong-iii_muc-1_dieu-27_khoan-2_diem-b_p1814:e3 | Đăng ký biến động
UNRESOLVED:doc_chuong-iii_muc-1_dieu-27_khoan-2_diem-b_p1814:e4 | Tách thửa
UNRESOLVED:doc_chuong-iii_muc-1_dieu-27_khoan-2_diem-b_p1814:e5 | Cấp Giấy chứng nhận quyền sử dụng đất
UNRESOLVED:doc_chuong-iii_muc-1_dieu-27_khoan-2_diem-b_p1814:e6 | Quyền và nghĩa vụ của người sử dụng đất
UNRESOLVED:doc_chuong-iii_muc-1_dieu-27_khoan-2_diem-b_p1814:e7 | Ủy quyền
UNRESOLVED:doc_chuong-iii_muc-1_dieu-27_khoan-3_p2476:e3 | Hợp đồng
UNRESOLVED:doc_chuong-iii_muc-1_dieu-27_khoan-3_p2476:e4 | Văn bản
UNRESOLVED:doc_chuong-iii_muc-1_dieu-27_khoan-3_p2476:e5 | Quyền
UNRESOLVED:doc_chuong-iii_muc-1_dieu-27_khoan-3_diem-a_p2588:e1 | Hợp đồng chuyển nhượng
UNRESOLVED:doc_chuong-iii_muc-1_dieu-27_khoan-3_diem-a_p2588:e9 | Trừ trường hợp quy định tại điểm b khoản này
UNRESOLVED:doc_chuong-iii_muc-1_dieu-27_khoan-3_diem-b_p2794:e1 | Hợp đồng cho thuê
UNRESOLVED:doc_chuong-iii_muc-1_dieu-27_khoan-3_diem-b_p2794:e5 | Hợp đồng chuyển đổi quyền sử dụng đất nông nghiệp
UNRESOLVED:doc_chuong-iii_muc-1_dieu-27_khoan-3_diem-b_p2794:e6 | Hợp đồng chuyển nhượng
UNRESOLVED:doc_chuong-iii_muc-1_dieu-27_khoan-3_diem-b_p2794:e7 | Góp vốn bằng quyền sử dụng đất
UNRESOLVED:doc_chuong-iii_muc-1_dieu-28_khoan-1_diem-a_p3549:e2 | Chuyển đổi
UNRESOLVED:doc_chuong-iii_muc-1_dieu-28_khoan-1_diem-a_p3549:e4 | Điểm b khoản 1 Điều 37
UNRESOLVED:doc_chuong-iii_muc-1_dieu-28_khoan-1_diem-c_p3714:e4 | Khu công nghiệp, cụm công nghiệp, khu công nghệ cao
UNRESOLVED:doc_chuong-iii_muc-1_dieu-28_khoan-1_diem-d_p3930:e3 | Vốn đầu tư
UNRESOLVED:doc_chuong-iii_muc-1_dieu-28_khoan-1_diem-d_p3930:e5 | Quy định của Chính phủ
UNRESOLVED:doc_chuong-iii_muc-1_dieu-28_khoan-1_diem-h_p4356:e5 | Tặng cho nhà ở gắn liền với quyền sử dụng đất ở
UNRESOLVED:doc_chuong-iii_muc-1_dieu-28_khoan-1_diem-k_p5095:e10 | Cho thuê đất
UNRESOLVED:doc_chuong-iii_muc-1_dieu-28_khoan-1_diem-m_p5524:e6 | Kết quả hòa giải thành về tranh chấp đất đai
UNRESOLVED:doc_chuong-iii_muc-1_dieu-28_khoan-1_diem-m_p5524:e7 | Thỏa thuận trong hợp đồng thế chấp để xử lý nợ
UNRESOLVED:doc_chuong-iii_muc-1_dieu-28_khoan-1_diem-m_p5524:e8 | Quyết định của cơ quan nhà nước có thẩm quyền về giải quyết tranh chấp đất đai
UNRESOLVED:doc_chuong-iii_muc-1_dieu-28_khoan-1_diem-m_p5524:e9 | Bản án, quyết định của Tòa án
UNRESOLVED:doc_chuong-iii_muc-1_dieu-28_khoan-1_diem-m_p5524:e10 | Quyết định thi hành án của cơ quan thi hành án
UNRESOLVED:doc_chuong-iii_muc-1_dieu-28_khoan-1_diem-m_p5524:e11 | Quyết định hoặc phán quyết của Trọng tài thương mại Việt Nam
UNRESOLVED:doc_chuong-iii_muc-1_dieu-28_khoan-1_diem-m_p5524:e12 | Văn bản công nhận kết quả đấu giá quyền sử dụng đất
UNRESOLVED:doc_chuong-iii_muc-1_dieu-28_khoan-1_diem-m_p5524:e13 | Văn bản về việc chia, tách quyền sử dụng đất
UNRESOLVED:doc_chuong-iii_muc-1_dieu-28_khoan-1_diem-n_p6316:e5 | Kết quả hòa giải thành về tranh chấp đất đai
UNRESOLVED:doc_chuong-iii_muc-1_dieu-28_khoan-1_diem-n_p6316:e6 | Ủy ban nhân dân cấp có thẩm quyền
UNRESOLVED:doc_chuong-iii_muc-1_dieu-28_khoan-2_p7178:e5 | trừ trường hợp quy định tại khoản 8 Điều 45 và Điều 48
UNRESOLVED:doc_chuong-iii_muc-1_dieu-28_khoan-3_p7394:e1 | Khu vực hạn chế tiếp cận đất đai
UNRESOLVED:doc_chuong-iii_muc-1_dieu-28_khoan-3_p7394:e2 | Nhận quyền sử dụng đất
UNRESOLVED:doc_chuong-iii_muc-1_dieu-28_khoan-3_p7394:e3 | Trình tự, thủ tục
UNRESOLVED:doc_chuong-iii_muc-1_dieu-29_khoan-1_p7605:e1 | Quyền đối với thửa đất liền kề
UNRESOLVED:doc_chuong-iii_muc-1_dieu-29_khoan-1_p7605:e2 | lối đi
UNRESOLVED:doc_chuong-iii_muc-1_dieu-29_khoan-1_p7605:e3 | cấp nước
UNRESOLVED:doc_chuong-iii_muc-1_dieu-29_khoan-1_p7605:e4 | thoát nước
UNRESOLVED:doc_chuong-iii_muc-1_dieu-29_khoan-1_p7605:e5 | tưới nước
UNRESOLVED:doc_chuong-iii_muc-1_dieu-29_khoan-1_p7605:e6 | tiêu nước
UNRESOLVED:doc_chuong-iii_muc-1_dieu-29_khoan-1_p7605:e7 | cấp khí ga
UNRESOLVED:doc_chuong-iii_muc-1_dieu-29_khoan-1_p7605:e8 | lắp đường dây tải điện
UNRESOLVED:doc_chuong-iii_muc-1_dieu-29_khoan-1_p7605:e9 | thông tin liên lạc
UNRESOLVED:doc_chuong-iii_muc-1_dieu-29_khoan-1_p7605:e10 | các nhu cầu cần thiết khác
UNRESOLVED:doc_chuong-iii_muc-1_dieu-29_khoan-2_p7834:e1 | Quyền đối với thửa đất liền kề
UNRESOLVED:doc_chuong-iii_muc-1_dieu-29_khoan-2_p7834:e2 | Đăng ký
UNRESOLVED:doc_chuong-iii_muc-1_dieu-30_khoan-1_p8171:e3 | Chuyển sang thuê đất trả tiền thuê đất một lần
UNRESOLVED:doc_chuong-iii_muc-1_dieu-30_khoan-1_p8171:e4 | Giá đất
UNRESOLVED:doc_chuong-iii_muc-1_dieu-30_khoan-1_p8171:e5 | Thời gian thuê đất còn lại
UNRESOLVED:doc_chuong-iii_muc-1_dieu-30_khoan-3_p9133:e3 | Chuyển sang hình thức Nhà nước cho thuê đất thu tiền thuê đất hằng năm
UNRESOLVED:doc_chuong-iii_muc-1_dieu-30_khoan-3_p9133:e4 | Phần diện tích đó
UNRESOLVED:doc_chuong-iii_muc-1_dieu-31_khoan-1_p9477:e2 | Sử dụng đất
UNRESOLVED:doc_chuong-iii_muc-1_dieu-31_khoan-1_p9477:e3 | Mục đích
UNRESOLVED:doc_chuong-iii_muc-1_dieu-31_khoan-1_p9477:e4 | Ranh giới thửa đất
UNRESOLVED:doc_chuong-iii_muc-1_dieu-31_khoan-1_p9477:e5 | Quy định về sử dụng độ sâu trong lòng đất
UNRESOLVED:doc_chuong-iii_muc-1_dieu-31_khoan-1_p9477:e6 | Chiều cao trên không
UNRESOLVED:doc_chuong-iii_muc-1_dieu-31_khoan-1_p9477:e7 | Công trình công cộng trong lòng đất
UNRESOLVED:doc_chuong-iii_muc-1_dieu-31_khoan-1_p9477:e8 | Quy định khác của pháp luật có liên quan
UNRESOLVED:doc_chuong-iii_muc-1_dieu-31_khoan-2_p9703:e3 | Thủ tục
UNRESOLVED:doc_chuong-iii_muc-1_dieu-31_khoan-2_p9703:e4 | Chuyển đổi
UNRESOLVED:doc_chuong-iii_muc-1_dieu-31_khoan-2_p9703:e7 | Cho thuê lại
UNRESOLVED:doc_chuong-iii_muc-1_dieu-31_khoan-2_p9703:e8 | Thừa kế
UNRESOLVED:doc_chuong-iii_muc-1_dieu-31_khoan-3_p9925:e2 | Thực hiện nghĩa vụ tài chính về đất đai
UNRESOLVED:doc_chuong-iii_muc-1_dieu-31_khoan-4_p9994:e2 | Thực hiện biện pháp bảo vệ đất
UNRESOLVED:doc_chuong-iii_muc-1_dieu-31_khoan-4_p9994:e3 | Khu vực đất bị ô nhiễm, thoái hóa
UNRESOLVED:doc_chuong-iii_muc-1_dieu-31_khoan-5_p10115:e2 | Tuân thủ quy định về bảo vệ môi trường
UNRESOLVED:doc_chuong-iii_muc-1_dieu-31_khoan-5_p10115:e3 | Tài sản và lợi ích hợp pháp
UNRESOLVED:doc_chuong-iii_muc-1_dieu-31_khoan-7_p10310:e2 | Bàn giao lại đất
UNRESOLVED:doc_chuong-iii_muc-1_dieu-31_khoan-7_p10310:e4 | Theo quy định của pháp luật
UNRESOLVED:doc_chuong-iii_muc-2_dieu-32_khoan-1_p10650:e1 | Tổ chức trong nước, tổ chức tôn giáo, tổ chức tôn giáo trực thuộc
UNRESOLVED:doc_chuong-iii_muc-2_dieu-32_khoan-1_p10650:e4 | Quyền và nghĩa vụ chung
UNRESOLVED:doc_chuong-iii_muc-2_dieu-32_khoan-2_p10839:e1 | Tổ chức trong nước, tổ chức tôn giáo, tổ chức tôn giáo trực thuộc
UNRESOLVED:doc_chuong-iii_muc-2_dieu-32_khoan-2_p10839:e3 | Quyền chuyển đổi, chuyển nhượng, tặng cho, cho thuê quyền sử dụng đất, thế chấp, góp vốn bằng quyền sử dụng đất
UNRESOLVED:doc_chuong-iii_muc-2_dieu-33_khoan-1_p11236:e3 | Giao đất
UNRESOLVED:doc_chuong-iii_muc-2_dieu-33_khoan-1_p11236:e4 | Thu tiền sử dụng đất
UNRESOLVED:doc_chuong-iii_muc-2_dieu-33_khoan-1_p11236:e5 | Cho thuê đất
UNRESOLVED:doc_chuong-iii_muc-2_dieu-33_khoan-1_p11236:e6 | Thu tiền thuê đất
UNRESOLVED:doc_chuong-iii_muc-2_dieu-33_khoan-1_p11236:e7 | Một lần cho cả thời gian thuê
UNRESOLVED:doc_chuong-iii_muc-2_dieu-33_khoan-1_diem-a_p11392:e2 | Quyền và nghĩa vụ chung
UNRESOLVED:doc_chuong-iii_muc-2_dieu-33_khoan-1_diem-a_p11392:e3 | Điều 26 và Điều 31 của Luật này
UNRESOLVED:doc_chuong-iii_muc-2_dieu-33_khoan-1_diem-d_p12187:e8 | quy định của pháp luật
UNRESOLVED:doc_chuong-iii_muc-2_dieu-33_khoan-2_p12614:e3 | Thuê đất
UNRESOLVED:doc_chuong-iii_muc-2_dieu-33_khoan-2_p12614:e5 | Thời gian thuê
UNRESOLVED:doc_chuong-iii_muc-2_dieu-33_khoan-2_p12614:e6 | Điều 202
UNRESOLVED:doc_chuong-iii_muc-2_dieu-33_khoan-2_p12614:e7 | Quyền và nghĩa vụ
UNRESOLVED:doc_chuong-iii_muc-2_dieu-33_khoan-3_diem-a_p13127:e4 | quyền và nghĩa vụ
UNRESOLVED:doc_chuong-iii_muc-2_dieu-33_khoan-3_diem-a_p13127:e5 | miễn hoặc giảm tiền sử dụng đất
UNRESOLVED:doc_chuong-iii_muc-2_dieu-33_khoan-3_diem-b_p13433:e3 | Giao đất
UNRESOLVED:doc_chuong-iii_muc-2_dieu-33_khoan-3_diem-b_p13433:e4 | Cho thuê đất
UNRESOLVED:doc_chuong-iii_muc-2_dieu-33_khoan-3_diem-b_p13433:e5 | Quyền và nghĩa vụ
UNRESOLVED:doc_chuong-iii_muc-2_dieu-33_khoan-3_diem-b_p13433:e8 | Miễn, giảm tiền sử dụng đất, tiền thuê đất
UNRESOLVED:doc_chuong-iii_muc-2_dieu-33_khoan-3_diem-b_p13433:e9 | Trừ trường hợp pháp luật có liên quan có quy định khác
UNRESOLVED:doc_chuong-iii_muc-2_dieu-34_khoan-1_diem-a_p14396:e1 | Tổ chức kinh tế, tổ chức tôn giáo, tổ chức tôn giáo trực thuộc
UNRESOLVED:doc_chuong-iii_muc-2_dieu-34_khoan-1_diem-a_p14396:e3 | Quyền và nghĩa vụ chung
UNRESOLVED:doc_chuong-iii_muc-2_dieu-34_khoan-1_diem-a_p14396:e4 | Điều 26 và Điều 31 của Luật này
UNRESOLVED:doc_chuong-iii_muc-2_dieu-34_khoan-1_diem-b_p14466:e2 | Thế chấp tài sản thuộc sở hữu của mình gắn liền với đất
UNRESOLVED:doc_chuong-iii_muc-2_dieu-34_khoan-1_diem-b_p14466:e3 | Tài sản
UNRESOLVED:doc_chuong-iii_muc-2_dieu-34_khoan-1_diem-c_p14648:e1 | Tổ chức kinh tế, tổ chức tôn giáo, tổ chức tôn giáo trực thuộc
UNRESOLVED:doc_chuong-iii_muc-2_dieu-34_khoan-1_diem-c_p14648:e2 | Bán tài sản thuộc sở hữu của mình gắn liền với đất
UNRESOLVED:doc_chuong-iii_muc-2_dieu-34_khoan-1_diem-c_p14648:e3 | Quyền thuê trong hợp đồng thuê đất
UNRESOLVED:doc_chuong-iii_muc-2_dieu-34_khoan-1_diem-c_p14648:e5 | Người mua tài sản gắn liền với đất và quyền thuê trong hợp đồng thuê đất
UNRESOLVED:doc_chuong-iii_muc-2_dieu-34_khoan-1_diem-c_p14648:e6 | Tiếp tục thuê đất
UNRESOLVED:doc_chuong-iii_muc-2_dieu-34_khoan-1_diem-c_p14648:e7 | Các quyền và nghĩa vụ của người sử dụng đất
UNRESOLVED:doc_chuong-iii_muc-2_dieu-34_khoan-1_diem-d_p15135:e1 | Tổ chức kinh tế, tổ chức tôn giáo, tổ chức tôn giáo trực thuộc
UNRESOLVED:doc_chuong-iii_muc-2_dieu-34_khoan-1_diem-d_p15135:e2 | Góp vốn bằng tài sản thuộc sở hữu của mình gắn liền với đất
UNRESOLVED:doc_chuong-iii_muc-2_dieu-34_khoan-1_diem-d_p15135:e6 | Tiếp tục cho thuê đất
UNRESOLVED:doc_chuong-iii_muc-2_dieu-34_khoan-1_diem-d_p15343:e1 | Tổ chức kinh tế, tổ chức tôn giáo, tổ chức tôn giáo trực thuộc
UNRESOLVED:doc_chuong-iii_muc-2_dieu-34_khoan-1_diem-d_p15343:e2 | Cho thuê tài sản thuộc sở hữu của mình gắn liền với đất và quyền thuê trong hợp đồng thuê đất
UNRESOLVED:doc_chuong-iii_muc-2_dieu-34_khoan-1_diem-e_p15442:e1 | Tổ chức kinh tế, tổ chức tôn giáo, tổ chức tôn giáo trực thuộc
UNRESOLVED:doc_chuong-iii_muc-2_dieu-34_khoan-1_diem-e_p15442:e5 | Nghĩa vụ tài chính
UNRESOLVED:doc_chuong-iii_muc-2_dieu-34_khoan-2_p15825:e6 | Quyền góp vốn
UNRESOLVED:doc_chuong-iii_muc-2_dieu-34_khoan-2_p15825:e7 | Quyền thuê
UNRESOLVED:doc_chuong-iii_muc-2_dieu-34_khoan-2_p15825:e8 | Mục đích khác
UNRESOLVED:doc_chuong-iii_muc-2_dieu-34_khoan-2_diem-a_p16355:e4 | Khai thác, sử dụng
UNRESOLVED:doc_chuong-iii_muc-2_dieu-34_khoan-2_diem-a_p16355:e5 | Phương án được cơ quan chủ quản phê duyệt
UNRESOLVED:doc_chuong-iii_muc-2_dieu-34_khoan-2_diem-a_p16355:e6 | Pháp luật về xây dựng
UNRESOLVED:doc_chuong-iii_muc-2_dieu-34_khoan-2_diem-a_p16355:e7 | Quy định của pháp luật
UNRESOLVED:doc_chuong-iii_muc-2_dieu-34_khoan-2_diem-b_p16777:e3 | Tài sản công
UNRESOLVED:doc_chuong-iii_muc-2_dieu-34_khoan-2_diem-b_p16777:e4 | Đề án sử dụng tài sản công
UNRESOLVED:doc_chuong-iii_muc-2_dieu-34_khoan-2_diem-b_p16777:e5 | Mục đích cho thuê, liên doanh, liên kết
UNRESOLVED:doc_chuong-iii_muc-2_dieu-34_khoan-3_p17074:e3 | Quyền và nghĩa vụ
UNRESOLVED:doc_chuong-iii_muc-2_dieu-35_khoan-1_p17394:e2 | Quyền và nghĩa vụ chung
UNRESOLVED:doc_chuong-iii_muc-2_dieu-35_khoan-1_p17394:e3 | Điều 26 và Điều 31
UNRESOLVED:doc_chuong-iii_muc-2_dieu-35_khoan-2_p17549:e4 | Quyền và nghĩa vụ
UNRESOLVED:doc_chuong-iii_muc-2_dieu-35_khoan-3_diem-a_p17947:e2 | Nhận chuyển nhượng
UNRESOLVED:doc_chuong-iii_muc-2_dieu-35_khoan-3_diem-a_p17947:e3 | Không chuyển mục đích sử dụng đất
UNRESOLVED:doc_chuong-iii_muc-2_dieu-35_khoan-3_diem-a_p17947:e4 | Quyền và nghĩa vụ quy định tại khoản 1 và khoản 3 Điều 33
UNRESOLVED:doc_chuong-iii_muc-2_dieu-35_khoan-3_diem-b_p18093:e4 | Chuyển mục đích sử dụng đất
UNRESOLVED:doc_chuong-iii_muc-2_dieu-35_khoan-3_diem-b_p18093:e5 | Quyền và nghĩa vụ
UNRESOLVED:doc_chuong-iii_muc-2_dieu-35_khoan-3_diem-b_p18093:e7 | Giao đất có thu tiền sử dụng đất
UNRESOLVED:doc_chuong-iii_muc-2_dieu-35_khoan-3_diem-b_p18093:e8 | Cho thuê đất thu tiền thuê đất một lần cho cả thời gian thuê
UNRESOLVED:doc_chuong-iii_muc-2_dieu-35_khoan-3_diem-c_p18366:e4 | Chuyển mục đích sử dụng đất
UNRESOLVED:doc_chuong-iii_muc-2_dieu-35_khoan-3_diem-c_p18366:e5 | Quyền và nghĩa vụ
UNRESOLVED:doc_chuong-iii_muc-2_dieu-35_khoan-3_diem-c_p18366:e6 | Điều 34
UNRESOLVED:doc_chuong-iii_muc-2_dieu-35_khoan-3_diem-c_p18366:e7 | Thuê đất thu tiền thuê đất hằng năm
UNRESOLVED:doc_chuong-iii_muc-2_dieu-35_khoan-4_diem-a_p18800:e2 | Quyền và nghĩa vụ
UNRESOLVED:doc_chuong-iii_muc-2_dieu-35_khoan-4_diem-b_p19014:e2 | cho thuê đất
UNRESOLVED:doc_chuong-iii_muc-2_dieu-35_khoan-4_diem-b_p19014:e4 | quyền và nghĩa vụ
UNRESOLVED:doc_chuong-iii_muc-2_dieu-35_khoan-4_diem-b_p19014:e5 | khoản 1 Điều 34
UNRESOLVED:doc_chuong-iii_muc-2_dieu-36_khoan-1_p19302:e3 | Quyền và nghĩa vụ quy định tại Điều 33 của Luật này
UNRESOLVED:doc_chuong-iii_muc-2_dieu-36_khoan-1_p19302:e5 | Trong các trường hợp sau đây
UNRESOLVED:doc_chuong-iii_muc-2_dieu-36_khoan-2_diem-a_p19897:e2 | Thu hồi đất
UNRESOLVED:doc_chuong-iii_muc-2_dieu-36_khoan-2_diem-b_p20347:e2 | Hợp tác xã
UNRESOLVED:doc_chuong-iii_muc-2_dieu-36_khoan-2_diem-b_p20347:e4 | Điều lệ của hợp tác xã
UNRESOLVED:doc_chuong-iii_muc-2_dieu-36_khoan-2_diem-b_p20347:e5 | Nghị quyết của đại hội thành viên
UNRESOLVED:doc_chuong-iii_muc-2_dieu-36_khoan-3_p20984:e4 | giải thể
UNRESOLVED:doc_chuong-iii_muc-2_dieu-36_khoan-3_p20984:e5 | phá sản
UNRESOLVED:doc_chuong-iii_muc-3_dieu-37_khoan-1_diem-b_p21698:e2 | Chuyển đổi
UNRESOLVED:doc_chuong-iii_muc-3_dieu-37_khoan-1_diem-d_p21866:e5 | Thuê
UNRESOLVED:doc_chuong-iii_muc-3_dieu-37_khoan-1_diem-d_p22025:e5 | Giá trị của phần thừa kế đó
UNRESOLVED:doc_chuong-iii_muc-3_dieu-37_khoan-1_diem-e_p22461:e6 | Nhà tình nghĩa, nhà tình thương, nhà đại đoàn kết
UNRESOLVED:doc_chuong-iii_muc-3_dieu-37_khoan-1_diem-g_p22984:e5 | tổ chức kinh tế khác hoặc cá nhân
UNRESOLVED:doc_chuong-iii_muc-3_dieu-37_khoan-2_diem-b_p23547:e3 | Bán tài sản thuộc sở hữu của mình gắn liền với đất
UNRESOLVED:doc_chuong-iii_muc-3_dieu-37_khoan-2_diem-b_p23547:e4 | Quyền thuê trong hợp đồng thuê đất
UNRESOLVED:doc_chuong-iii_muc-3_dieu-37_khoan-2_diem-b_p23547:e7 | Kế thừa các quyền và nghĩa vụ của người sử dụng đất
UNRESOLVED:doc_chuong-iii_muc-3_dieu-37_khoan-2_diem-c_p24048:e2 | Người được tặng cho tài sản
UNRESOLVED:doc_chuong-iii_muc-3_dieu-37_khoan-2_diem-c_p24048:e3 | Quyền thuê trong hợp đồng thuê đất
UNRESOLVED:doc_chuong-iii_muc-3_dieu-37_khoan-2_diem-c_p24048:e6 | Cho thuê đất
UNRESOLVED:doc_chuong-iii_muc-3_dieu-37_khoan-2_diem-d_p24309:e4 | Quyền thuê trong hợp đồng thuê đất
UNRESOLVED:doc_chuong-iii_muc-3_dieu-37_khoan-2_diem-d_p24415:e3 | Tài sản
UNRESOLVED:doc_chuong-iii_muc-3_dieu-37_khoan-2_diem-e_p24600:e3 | Tài sản
UNRESOLVED:doc_chuong-iii_muc-3_dieu-37_khoan-2_diem-e_p24600:e4 | Thời hạn
UNRESOLVED:doc_chuong-iii_muc-3_dieu-37_khoan-3_diem-a_p24987:e1 | Cá nhân thuê lại đất
UNRESOLVED:doc_chuong-iii_muc-3_dieu-37_khoan-3_diem-a_p24987:e2 | Trả tiền thuê đất một lần cho cả thời gian thuê
UNRESOLVED:doc_chuong-iii_muc-3_dieu-37_khoan-3_diem-a_p24987:e3 | Quyền và nghĩa vụ quy định tại khoản 1 Điều này
UNRESOLVED:doc_chuong-iii_muc-3_dieu-37_khoan-3_diem-b_p25125:e1 | Cá nhân thuê lại đất
UNRESOLVED:doc_chuong-iii_muc-3_dieu-37_khoan-3_diem-b_p25125:e2 | Quyền và nghĩa vụ
UNRESOLVED:doc_chuong-iii_muc-3_dieu-37_khoan-3_diem-b_p25125:e4 | Trong khu công nghiệp, cụm công nghiệp, khu công nghệ cao
UNRESOLVED:doc_chuong-iii_muc-3_dieu-37_khoan-3_diem-b_p25125:e5 | khoản 2 Điều này
UNRESOLVED:doc_chuong-iii_muc-3_dieu-37_khoan-4_p25242:e3 | Giao đất
UNRESOLVED:doc_chuong-iii_muc-3_dieu-37_khoan-4_p25242:e4 | Cho thuê đất
UNRESOLVED:doc_chuong-iii_muc-3_dieu-37_khoan-4_p25242:e5 | Miễn, giảm tiền sử dụng đất, tiền thuê đất
UNRESOLVED:doc_chuong-iii_muc-3_dieu-37_khoan-4_p25242:e6 | Không được miễn, không được giảm tiền sử dụng đất, tiền thuê đất
UNRESOLVED:doc_chuong-iii_muc-3_dieu-37_khoan-5_p25444:e2 | Tổ chức, cá nhân
UNRESOLVED:doc_chuong-iii_muc-3_dieu-37_khoan-5_p25444:e3 | Quyền và nghĩa vụ
UNRESOLVED:doc_chuong-iii_muc-3_dieu-38_khoan-1_p25756:e2 | Chuyển mục đích sử dụng đất
UNRESOLVED:doc_chuong-iii_muc-3_dieu-38_khoan-1_p25756:e3 | Đất được Nhà nước giao đất không thu tiền sử dụng đất
UNRESOLVED:doc_chuong-iii_muc-3_dieu-38_khoan-1_p25756:e4 | Đất được Nhà nước giao đất có thu tiền sử dụng đất
UNRESOLVED:doc_chuong-iii_muc-3_dieu-38_khoan-2_diem-a_p26278:e2 | Quyền và nghĩa vụ quy định tại khoản 1 Điều 37 của Luật này
UNRESOLVED:doc_chuong-iii_muc-3_dieu-38_khoan-2_diem-a_p26278:e3 | Chuyển mục đích sử dụng đất
UNRESOLVED:doc_chuong-iii_muc-3_dieu-38_khoan-2_diem-a_p26278:e7 | Thời gian thuê
UNRESOLVED:doc_chuong-iii_muc-3_dieu-38_khoan-2_diem-b_p26470:e2 | Quyền và nghĩa vụ
UNRESOLVED:doc_chuong-iii_muc-3_dieu-38_khoan-2_diem-b_p26470:e4 | Trường hợp
UNRESOLVED:doc_chuong-iii_muc-3_dieu-38_khoan-2_diem-b_p26470:e5 | khoản 2 Điều 37
UNRESOLVED:doc_chuong-iii_muc-3_dieu-39_khoan-1_p26663:e2 | quyền và nghĩa vụ chung
UNRESOLVED:doc_chuong-iii_muc-3_dieu-39_khoan-2_p26765:e2 | quyền và nghĩa vụ
UNRESOLVED:doc_chuong-iii_muc-3_dieu-39_khoan-2_p26765:e3 | quyền để thừa kế
UNRESOLVED:doc_chuong-iii_muc-3_dieu-39_khoan-2_p26765:e5 | giao đất không thu tiền sử dụng đất
UNRESOLVED:doc_chuong-iii_muc-3_dieu-39_khoan-2_p26765:e6 | quyền chuyển đổi, chuyển nhượng, tặng cho, cho thuê quyền sử dụng đất, thế chấp, góp vốn bằng quyền sử dụng đất
UNRESOLVED:doc_chuong-iii_muc-4_dieu-40_khoan-1_diem-a_p27536:e2 | Quyền và nghĩa vụ chung
UNRESOLVED:doc_chuong-iii_muc-4_dieu-40_khoan-1_diem-a_p27536:e3 | Điều 26 và Điều 31 của Luật này
UNRESOLVED:doc_chuong-iii_muc-4_dieu-40_khoan-1_diem-b_p27606:e2 | Xây dựng
UNRESOLVED:doc_chuong-iii_muc-4_dieu-40_khoan-1_diem-b_p27606:e4 | giấy phép
UNRESOLVED:doc_chuong-iii_muc-4_dieu-40_khoan-1_diem-b_p27606:e5 | cơ quan nhà nước Việt Nam có thẩm quyền
UNRESOLVED:doc_chuong-iii_muc-4_dieu-40_khoan-1_diem-c_p27699:e2 | Sở hữu công trình do mình xây dựng trên đất thuê trong thời hạn thuê đất
UNRESOLVED:doc_chuong-iii_muc-4_dieu-40_khoan-1_diem-c_p27699:e3 | đất thuê
UNRESOLVED:doc_chuong-iii_muc-4_dieu-40_khoan-1_diem-d_p27773:e2 | Trả lại đất
UNRESOLVED:doc_chuong-iii_muc-4_dieu-40_khoan-1_diem-d_p27773:e4 | Điều ước quốc tế
UNRESOLVED:doc_chuong-iii_muc-4_dieu-40_khoan-1_diem-d_p27773:e5 | Thỏa thuận quốc tế
UNRESOLVED:doc_chuong-iii_muc-4_dieu-40_khoan-1_diem-d_p27773:e6 | Quy định của pháp luật
UNRESOLVED:doc_chuong-iii_muc-4_dieu-40_khoan-2_p28006:e2 | Quyền và nghĩa vụ
UNRESOLVED:doc_chuong-iii_muc-4_dieu-40_khoan-2_p28006:e3 | Điều ước quốc tế
UNRESOLVED:doc_chuong-iii_muc-4_dieu-40_khoan-2_p28006:e5 | Điều ước quốc tế đó
UNRESOLVED:doc_chuong-iii_muc-4_dieu-41_khoan-1_p28366:e5 | Quyền và nghĩa vụ
UNRESOLVED:doc_chuong-iii_muc-4_dieu-41_khoan-2_p28544:e4 | Cho thuê đất
UNRESOLVED:doc_chuong-iii_muc-4_dieu-41_khoan-2_p28544:e5 | Thu tiền thuê đất hằng năm
UNRESOLVED:doc_chuong-iii_muc-4_dieu-41_khoan-2_diem-b_p28784:e1 | Người gốc Việt Nam định cư ở nước ngoài, tổ chức kinh tế có vốn đầu tư nước ngoài
UNRESOLVED:doc_chuong-iii_muc-4_dieu-41_khoan-2_diem-c_p28899:e3 | Góp vốn bằng tài sản thuộc sở hữu của mình gắn liền với đất
UNRESOLVED:doc_chuong-iii_muc-4_dieu-41_khoan-2_diem-c_p28899:e7 | Người nhận góp vốn bằng tài sản
UNRESOLVED:doc_chuong-iii_muc-4_dieu-41_khoan-2_diem-c_p28899:e8 | Cho thuê đất
UNRESOLVED:doc_chuong-iii_muc-4_dieu-41_khoan-2_diem-c_p28899:e9 | Mục đích đã được xác định
UNRESOLVED:doc_chuong-iii_muc-4_dieu-41_khoan-2_diem-d_p29112:e3 | Bán tài sản thuộc sở hữu của mình gắn liền với đất
UNRESOLVED:doc_chuong-iii_muc-4_dieu-41_khoan-2_diem-d_p29112:e4 | Quyền thuê trong hợp đồng thuê đất
UNRESOLVED:doc_chuong-iii_muc-4_dieu-41_khoan-2_diem-d_p29112:e5 | Điều kiện quy định tại Điều 46 của Luật này
UNRESOLVED:doc_chuong-iii_muc-4_dieu-41_khoan-2_diem-d_p29112:e7 | Tiếp tục thuê đất
UNRESOLVED:doc_chuong-iii_muc-4_dieu-41_khoan-2_diem-d_p29112:e8 | Mục đích đã được xác định
UNRESOLVED:doc_chuong-iii_muc-4_dieu-41_khoan-2_diem-d_p29112:e9 | Thời hạn sử dụng đất còn lại
UNRESOLVED:doc_chuong-iii_muc-4_dieu-41_khoan-2_diem-d_p29572:e1 | Người gốc Việt Nam định cư ở nước ngoài, tổ chức kinh tế có vốn đầu tư nước ngoài
UNRESOLVED:doc_chuong-iii_muc-4_dieu-41_khoan-2_diem-d_p29572:e3 | Tài sản thuộc sở hữu của mình gắn liền với đất và quyền thuê trong hợp đồng thuê đất
UNRESOLVED:doc_chuong-iii_muc-4_dieu-41_khoan-2_diem-e_p29670:e5 | Đất đã được xây dựng xong kết cấu hạ tầng
UNRESOLVED:doc_chuong-iii_muc-4_dieu-41_khoan-2_diem-e_p29670:e6 | Sử dụng đất đúng mục đích
UNRESOLVED:doc_chuong-iii_muc-4_dieu-41_khoan-2_diem-e_p29670:e7 | Thực hiện nghĩa vụ tài chính
UNRESOLVED:doc_chuong-iii_muc-4_dieu-41_khoan-2_diem-e_p29670:e8 | Đất khu công nghiệp, cụm công nghiệp, khu công nghệ cao
UNRESOLVED:doc_chuong-iii_muc-4_dieu-41_khoan-3_p30039:e4 | Cho thuê đất
UNRESOLVED:doc_chuong-iii_muc-4_dieu-41_khoan-3_p30039:e5 | Giao đất
UNRESOLVED:doc_chuong-iii_muc-4_dieu-41_khoan-3_diem-c_p30516:e5 | Cho thuê lại
UNRESOLVED:doc_chuong-iii_muc-4_dieu-41_khoan-4_p30850:e2 | Sử dụng đất
UNRESOLVED:doc_chuong-iii_muc-4_dieu-41_khoan-4_p30850:e3 | Nộp tiền sử dụng đất
UNRESOLVED:doc_chuong-iii_muc-4_dieu-41_khoan-4_p30850:e4 | Trả tiền thuê đất
UNRESOLVED:doc_chuong-iii_muc-4_dieu-41_khoan-4_p30850:e5 | Quyền và nghĩa vụ
UNRESOLVED:doc_chuong-iii_muc-4_dieu-41_khoan-4_p30850:e6 | Điều này
UNRESOLVED:doc_chuong-iii_muc-4_dieu-41_khoan-5_p31108:e4 | Giao đất
UNRESOLVED:doc_chuong-iii_muc-4_dieu-41_khoan-5_p31108:e5 | Cho thuê đất
UNRESOLVED:doc_chuong-iii_muc-4_dieu-41_khoan-5_p31108:e6 | Miễn, giảm tiền sử dụng đất, tiền thuê đất
UNRESOLVED:doc_chuong-iii_muc-4_dieu-41_khoan-5_p31108:e7 | Quyền và nghĩa vụ quy định tại khoản 3 Điều 33
UNRESOLVED:doc_chuong-iii_muc-4_dieu-42_khoan-1_p31581:e5 | Quyền và nghĩa vụ quy định tại khoản 3 Điều 41
UNRESOLVED:doc_chuong-iii_muc-4_dieu-42_khoan-2_diem-a_p32028:e2 | Quyền và nghĩa vụ
UNRESOLVED:doc_chuong-iii_muc-4_dieu-42_khoan-2_diem-a_p32028:e5 | thu tiền thuê đất hằng năm
UNRESOLVED:doc_chuong-iii_muc-4_dieu-42_khoan-2_diem-b_p32355:e4 | Điều 41
UNRESOLVED:doc_chuong-iii_muc-4_dieu-42_khoan-2_diem-c_p32703:e4 | Điều 41
UNRESOLVED:doc_chuong-iii_muc-4_dieu-42_khoan-3_p33000:e6 | Quyền
UNRESOLVED:doc_chuong-iii_muc-4_dieu-42_khoan-3_p33000:e7 | Nghĩa vụ
UNRESOLVED:doc_chuong-iii_muc-4_dieu-43_khoan-1_p33702:e4 | khu công nghiệp, cụm công nghiệp, khu công nghệ cao
UNRESOLVED:doc_chuong-iii_muc-4_dieu-43_khoan-2_diem-a_p34109:e3 | Trả tiền thuê đất một lần cho cả thời gian thuê
UNRESOLVED:doc_chuong-iii_muc-4_dieu-43_khoan-2_diem-a_p34109:e4 | Trả tiền thuê lại đất một lần cho cả thời gian thuê lại
UNRESOLVED:doc_chuong-iii_muc-4_dieu-43_khoan-2_diem-a_p34109:e5 | Quyền và nghĩa vụ quy định tại khoản 1 và khoản 3 Điều 33
UNRESOLVED:doc_chuong-iii_muc-4_dieu-43_khoan-2_diem-b_p34304:e3 | Trả tiền thuê đất, thuê lại đất hằng năm
UNRESOLVED:doc_chuong-iii_muc-4_dieu-43_khoan-2_diem-b_p34304:e4 | Quyền và nghĩa vụ quy định tại khoản 1 Điều 34 của Luật này
UNRESOLVED:doc_chuong-iii_muc-4_dieu-44_khoan-1_p34692:e4 | Nhập cảnh vào Việt Nam
UNRESOLVED:doc_chuong-iii_muc-4_dieu-44_khoan-1_p34692:e5 | Chuyển quyền sử dụng đất ở
UNRESOLVED:doc_chuong-iii_muc-4_dieu-44_khoan-2_p34926:e2 | quyền
UNRESOLVED:doc_chuong-iii_muc-4_dieu-44_khoan-2_p34926:e3 | nghĩa vụ
UNRESOLVED:doc_chuong-iii_muc-4_dieu-44_khoan-2_diem-a_p35046:e2 | Quyền và nghĩa vụ chung
UNRESOLVED:doc_chuong-iii_muc-4_dieu-44_khoan-2_diem-a_p35046:e3 | Điều 26 và Điều 31
UNRESOLVED:doc_chuong-iii_muc-4_dieu-44_khoan-2_diem-b_p35116:e2 | Chuyển quyền sử dụng đất ở
UNRESOLVED:doc_chuong-iii_muc-4_dieu-44_khoan-2_diem-b_p35116:e4 | Giấy chứng nhận quyền sử dụng đất
UNRESOLVED:doc_chuong-iii_muc-4_dieu-44_khoan-3_p35912:e2 | Giấy chứng nhận quyền sử dụng đất, quyền sở hữu tài sản gắn liền với đất
UNRESOLVED:doc_chuong-iii_muc-4_dieu-44_khoan-3_diem-b_p36548:e1 | Người được tặng cho
UNRESOLVED:doc_chuong-iii_muc-4_dieu-44_khoan-3_diem-b_p36548:e3 | Điểm e khoản 1 Điều 37
UNRESOLVED:doc_chuong-iii_muc-4_dieu-44_khoan-3_diem-c_p36840:e3 | Tổ chức đăng ký đất đai
UNRESOLVED:doc_chuong-iii_muc-4_dieu-44_khoan-3_diem-c_p36840:e4 | Sổ địa chính
UNRESOLVED:doc_chuong-iii_muc-4_dieu-44_khoan-3_diem-c_p36840:e5 | Trong trường hợp chưa chuyển nhượng hoặc chưa tặng cho quyền sử dụng đất
UNRESOLVED:doc_chuong-iii_muc-4_dieu-44_khoan-4_p37072:e2 | Nhà ở
UNRESOLVED:doc_chuong-iii_muc-4_dieu-44_khoan-4_p37072:e4 | Giấy chứng nhận quyền sử dụng đất, quyền sở hữu tài sản gắn liền với đất
UNRESOLVED:doc_chuong-iii_muc-4_dieu-44_khoan-4_p37072:e5 | Hồ sơ về việc nhận thừa kế
UNRESOLVED:doc_chuong-iii_muc-4_dieu-44_khoan-4_p37072:e6 | Sổ địa chính
UNRESOLVED:doc_chuong-iii_muc-4_dieu-44_khoan-4_p37072:e7 | Phân chia thừa kế
UNRESOLVED:doc_chuong-iii_muc-4_dieu-44_khoan-4_p37072:e9 | Người đại diện theo ủy quyền
UNRESOLVED:doc_chuong-iii_muc-4_dieu-44_khoan-5_p38031:e2 | Ủy quyền
UNRESOLVED:doc_chuong-iii_muc-4_dieu-44_khoan-5_p38031:e3 | Trông nom hoặc tạm sử dụng đất
UNRESOLVED:doc_chuong-iii_muc-4_dieu-44_khoan-5_p38031:e4 | Nghĩa vụ
UNRESOLVED:doc_chuong-iii_muc-4_dieu-44_khoan-5_p38031:e5 | Quy định của pháp luật về đất đai
UNRESOLVED:doc_chuong-iii_muc-5_dieu-45_khoan-1_p38579:e2 | Chuyển đổi
UNRESOLVED:doc_chuong-iii_muc-5_dieu-45_khoan-1_p38579:e5 | Cho thuê lại
UNRESOLVED:doc_chuong-iii_muc-5_dieu-45_khoan-1_p38579:e6 | Thừa kế
UNRESOLVED:doc_chuong-iii_muc-5_dieu-45_khoan-1_diem-a_p38784:e2 | Giấy chứng nhận quyền sử dụng đất
UNRESOLVED:doc_chuong-iii_muc-5_dieu-45_khoan-1_diem-a_p38784:e3 | Giấy chứng nhận quyền sở hữu nhà ở và quyền sử dụng đất ở
UNRESOLVED:doc_chuong-iii_muc-5_dieu-45_khoan-1_diem-a_p38784:e4 | Giấy chứng nhận quyền sử dụng đất, quyền sở hữu nhà ở và tài sản khác gắn liền với đất
UNRESOLVED:doc_chuong-iii_muc-5_dieu-45_khoan-1_diem-a_p38784:e5 | Giấy chứng nhận quyền sử dụng đất, quyền sở hữu tài sản gắn liền với đất
UNRESOLVED:doc_chuong-iii_muc-5_dieu-45_khoan-1_diem-a_p38784:e6 | thừa kế quyền sử dụng đất
UNRESOLVED:doc_chuong-iii_muc-5_dieu-45_khoan-1_diem-a_p38784:e9 | khoản 7 Điều 124
UNRESOLVED:doc_chuong-iii_muc-5_dieu-45_khoan-1_diem-b_p39292:e2 | Chuyển đổi
UNRESOLVED:doc_chuong-iii_muc-5_dieu-45_khoan-1_diem-b_p39292:e5 | Cho thuê lại
UNRESOLVED:doc_chuong-iii_muc-5_dieu-45_khoan-1_diem-b_p39292:e6 | Thừa kế
UNRESOLVED:doc_chuong-iii_muc-5_dieu-45_khoan-1_diem-b_p39292:e12 | Tranh chấp đã được giải quyết
UNRESOLVED:doc_chuong-iii_muc-5_dieu-45_khoan-1_diem-c_p39485:e3 | Không bị kê biên
UNRESOLVED:doc_chuong-iii_muc-5_dieu-45_khoan-1_diem-d_p39643:e3 | biện pháp khẩn cấp tạm thời
UNRESOLVED:doc_chuong-iii_muc-5_dieu-45_khoan-2_p39738:e4 | Điều kiện khác
UNRESOLVED:doc_chuong-iii_muc-5_dieu-45_khoan-3_p39986:e2 | Chuyển đổi
UNRESOLVED:doc_chuong-iii_muc-5_dieu-45_khoan-3_p39986:e5 | Cho thuê lại
UNRESOLVED:doc_chuong-iii_muc-5_dieu-45_khoan-3_p39986:e6 | Thừa kế
UNRESOLVED:doc_chuong-iii_muc-5_dieu-45_khoan-3_p39986:e11 | Điều kiện
UNRESOLVED:doc_chuong-iii_muc-5_dieu-45_khoan-3_diem-a_p40271:e2 | Mua, bán tài sản gắn liền với đất
UNRESOLVED:doc_chuong-iii_muc-5_dieu-45_khoan-3_diem-a_p40271:e3 | Quyền thuê trong hợp đồng thuê đất
UNRESOLVED:doc_chuong-iii_muc-5_dieu-45_khoan-3_diem-b_p40472:e2 | Chuyển đổi quyền sử dụng đất nông nghiệp
UNRESOLVED:doc_chuong-iii_muc-5_dieu-45_khoan-3_diem-c_p40594:e5 | khoản 3 Điều 16
UNRESOLVED:doc_chuong-iii_muc-5_dieu-45_khoan-4_p40816:e2 | Giấy chứng nhận quyền sử dụng đất
UNRESOLVED:doc_chuong-iii_muc-5_dieu-45_khoan-4_p40816:e3 | Giấy chứng nhận quyền sở hữu nhà ở và quyền sử dụng đất ở
UNRESOLVED:doc_chuong-iii_muc-5_dieu-45_khoan-4_p40816:e4 | Giấy chứng nhận quyền sử dụng đất, quyền sở hữu nhà ở và tài sản khác gắn liền với đất
UNRESOLVED:doc_chuong-iii_muc-5_dieu-45_khoan-4_p40816:e5 | Giấy chứng nhận quyền sử dụng đất, quyền sở hữu tài sản gắn liền với đất
UNRESOLVED:doc_chuong-iii_muc-5_dieu-45_khoan-5_p41303:e2 | Nghĩa vụ tài chính
UNRESOLVED:doc_chuong-iii_muc-5_dieu-45_khoan-5_p41303:e3 | Chậm thực hiện
UNRESOLVED:doc_chuong-iii_muc-5_dieu-45_khoan-5_p41303:e4 | Ghi nợ
UNRESOLVED:doc_chuong-iii_muc-5_dieu-45_khoan-5_p41303:e5 | Các quyền chuyển đổi, chuyển nhượng, cho thuê, cho thuê lại, tặng cho quyền sử dụng đất, thế chấp, góp vốn bằng quyền sử dụng đất
UNRESOLVED:doc_chuong-iii_muc-5_dieu-45_khoan-7_p41970:e1 | Cá nhân không trực tiếp sản xuất nông nghiệp
UNRESOLVED:doc_chuong-iii_muc-5_dieu-45_khoan-7_p41970:e2 | Nhận chuyển nhượng
UNRESOLVED:doc_chuong-iii_muc-5_dieu-45_khoan-7_p41970:e3 | Nhận tặng cho
UNRESOLVED:doc_chuong-iii_muc-5_dieu-45_khoan-7_p41970:e5 | Quá hạn mức quy định tại Điều 176
UNRESOLVED:doc_chuong-iii_muc-5_dieu-45_khoan-7_p41970:e6 | Trừ trường hợp người nhận tặng cho là người thuộc hàng thừa kế
UNRESOLVED:doc_chuong-iii_muc-5_dieu-45_khoan-7_p41970:e7 | Điều 176
UNRESOLVED:doc_chuong-iii_muc-5_dieu-45_khoan-8_diem-a_p42458:e2 | Nhận chuyển nhượng
UNRESOLVED:doc_chuong-iii_muc-5_dieu-45_khoan-8_diem-a_p42458:e3 | Quyền sử dụng đất rừng phòng hộ, đất rừng đặc dụng
UNRESOLVED:doc_chuong-iii_muc-5_dieu-45_khoan-8_diem-a_p42458:e4 | Trừ trường hợp được chuyển mục đích sử dụng đất theo quy hoạch, kế hoạch sử dụng đất đã được cơ quan có thẩm quyền phê duyệt
UNRESOLVED:doc_chuong-iii_muc-5_dieu-45_khoan-8_diem-a_p42458:e5 | Chuyển mục đích sử dụng đất theo quy hoạch, kế hoạch sử dụng đất đã được cơ quan có thẩm quyền phê duyệt
UNRESOLVED:doc_chuong-iii_muc-5_dieu-45_khoan-8_diem-b_p42694:e2 | Nhận chuyển nhượng
UNRESOLVED:doc_chuong-iii_muc-5_dieu-45_khoan-8_diem-b_p42694:e3 | Nhận tặng cho
UNRESOLVED:doc_chuong-iii_muc-5_dieu-45_khoan-8_diem-b_p42694:e5 | Khu vực rừng phòng hộ
UNRESOLVED:doc_chuong-iii_muc-5_dieu-45_khoan-8_diem-b_p42694:e6 | Rừng đặc dụng
UNRESOLVED:doc_chuong-iii_muc-5_dieu-45_khoan-8_diem-c_p42959:e1 | Tổ chức, cá nhân, cộng đồng dân cư, tổ chức tôn giáo, tổ chức tôn giáo trực thuộc, người gốc Việt Nam định cư ở nước ngoài, tổ chức kinh tế có vốn đầu tư nước ngoài
UNRESOLVED:doc_chuong-iii_muc-5_dieu-45_khoan-8_diem-c_p42959:e3 | pháp luật không cho phép
UNRESOLVED:doc_chuong-iii_muc-5_dieu-46_khoan-1_diem-a_p43572:e1 | Tổ chức kinh tế, cá nhân, người gốc Việt Nam định cư ở nước ngoài, tổ chức kinh tế có vốn đầu tư nước ngoài
UNRESOLVED:doc_chuong-iii_muc-5_dieu-46_khoan-1_diem-a_p43572:e2 | Bán tài sản gắn liền với đất
UNRESOLVED:doc_chuong-iii_muc-5_dieu-46_khoan-1_diem-a_p43572:e4 | Được tạo lập hợp pháp và đã được đăng ký theo quy định của pháp luật
UNRESOLVED:doc_chuong-iii_muc-5_dieu-46_khoan-1_diem-b_p43672:e1 | Tổ chức kinh tế, cá nhân, người gốc Việt Nam định cư ở nước ngoài, tổ chức kinh tế có vốn đầu tư nước ngoài
UNRESOLVED:doc_chuong-iii_muc-5_dieu-46_khoan-1_diem-b_p43672:e2 | Bán tài sản gắn liền với đất
UNRESOLVED:doc_chuong-iii_muc-5_dieu-46_khoan-1_diem-b_p43672:e4 | Đã hoàn thành việc xây dựng theo đúng quy hoạch xây dựng chi tiết và dự án đầu tư đã được phê duyệt, chấp thuận (nếu có)
UNRESOLVED:doc_chuong-iii_muc-5_dieu-46_khoan-1_diem-b_p43672:e5 | Trừ trường hợp phải thực hiện theo bản án, quyết định của Tòa án đã có hiệu lực thi hành, quyết định cưỡng chế của cơ quan thi hành án dân sự hoặc kết luận của cơ quan nhà nước có thẩm quyền về thanh tra, kiểm tra
UNRESOLVED:doc_chuong-iii_muc-5_dieu-46_khoan-3_p44416:e2 | Sử dụng đất đúng mục đích
UNRESOLVED:doc_chuong-iii_muc-5_dieu-46_khoan-3_p44416:e5 | Điều này
UNRESOLVED:doc_chuong-iii_muc-5_dieu-46_khoan-4_p44769:e3 | Giấy chứng nhận quyền sử dụng đất
UNRESOLVED:doc_chuong-iii_muc-5_dieu-46_khoan-4_p44769:e4 | Quyền sở hữu tài sản gắn liền với đất
UNRESOLVED:doc_chuong-iii_muc-5_dieu-46_khoan-4_p44769:e5 | Điều kiện tách thửa
UNRESOLVED:doc_chuong-iii_muc-5_dieu-46_khoan-5_p44959:e2 | Bán tài sản gắn liền với đất
UNRESOLVED:doc_chuong-iii_muc-5_dieu-46_khoan-5_p44959:e3 | Điều kiện quy định tại khoản 1 Điều 45 của Luật này
UNRESOLVED:doc_chuong-iii_muc-5_dieu-46_khoan-5_p44959:e4 | Điều kiện khác theo quy định của Luật Kinh doanh bất động sản
UNRESOLVED:doc_chuong-iii_muc-5_dieu-47_p45245:e2 | Chuyển đổi
UNRESOLVED:doc_chuong-iii_muc-5_dieu-47_p45245:e4 | Không phải nộp thuế thu nhập
UNRESOLVED:doc_chuong-iii_muc-5_dieu-48_khoan-1_p45727:e4 | thừa kế
UNRESOLVED:doc_chuong-iii_muc-5_dieu-48_khoan-1_p45727:e7 | thu hồi đất
UNRESOLVED:doc_chuong-iii_muc-5_dieu-48_khoan-1_p45727:e8 | bồi thường tài sản gắn liền với đất
UNRESOLVED:doc_chuong-iii_muc-5_dieu-48_khoan-1_p45727:e11 | người có đất thu hồi
UNRESOLVED:doc_chuong-iii_muc-5_dieu-48_khoan-1_p45727:e13 | giao đất
UNRESOLVED:doc_chuong-iii_muc-5_dieu-48_khoan-1_p45727:e14 | cho thuê đất
UNRESOLVED:doc_chuong-iii_muc-5_dieu-48_khoan-2_p46774:e5 | Khoản 3 Điều 16
UNRESOLVED:doc_chuong-iii_muc-5_dieu-48_khoan-3_p46954:e7 | Thừa kế
UNRESOLVED:doc_chuong-iii_muc-5_dieu-48_khoan-3_p46954:e9 | Trừ trường hợp quy định tại khoản 1 và khoản 2
UNRESOLVED:doc_chuong-iii_muc-5_dieu-48_khoan-3_p46954:e10 | Khoản 3 Điều 16
UNRESOLVED:doc_chuong-iii_muc-5_dieu-48_khoan-4_p47212:e2 | quản lý
UNRESOLVED:doc_chuong-iii_muc-5_dieu-48_khoan-4_p47212:e4 | theo quy định tại khoản 1 Điều này
UNRESOLVED:doc_chuong-iii_muc-1_dieu-26_khoan-1_p223:e2 | Cấp Giấy chứng nhận quyền sử dụng đất
UNRESOLVED:doc_chuong-iii_muc-1_dieu-26_khoan-1_p223:e3 | Quyền sở hữu tài sản gắn liền với đất
UNRESOLVED:doc_chuong-iii_muc-1_dieu-26_khoan-1_p223:e4 | Điều kiện
UNRESOLVED:doc_chuong-iii_muc-1_dieu-26_khoan-1_p223:e5 | Quy định của pháp luật về đất đai
UNRESOLVED:doc_chuong-iii_muc-1_dieu-26_khoan-3_p433:e2 | Hưởng các lợi ích
UNRESOLVED:doc_chuong-iii_muc-1_dieu-26_khoan-4_p521:e2 | Hướng dẫn
UNRESOLVED:doc_chuong-iii_muc-1_dieu-26_khoan-4_p521:e3 | Giúp đỡ
UNRESOLVED:doc_chuong-iii_muc-1_dieu-26_khoan-4_p521:e4 | Cải tạo, phục hồi đất nông nghiệp
UNRESOLVED:doc_chuong-iii_muc-1_dieu-26_khoan-5_p602:e2 | Người khác
UNRESOLVED:doc_chuong-iii_muc-1_dieu-26_khoan-5_p602:e3 | Bảo hộ
UNRESOLVED:doc_chuong-iii_muc-1_dieu-26_khoan-5_p602:e4 | Quyền, lợi ích hợp pháp về đất đai
UNRESOLVED:doc_chuong-iii_muc-1_dieu-26_khoan-6_p692:e2 | Chuyển mục đích sử dụng đất
UNRESOLVED:doc_chuong-iii_muc-1_dieu-26_khoan-7_p803:e5 | Quy định của Luật này
UNRESOLVED:doc_chuong-iii_muc-1_dieu-26_khoan-8_p893:e5 | Hành vi vi phạm quyền sử dụng đất hợp pháp
UNRESOLVED:doc_chuong-iii_muc-1_dieu-26_khoan-8_p893:e6 | Hành vi khác vi phạm pháp luật về đất đai
UNRESOLVED:doc_chuong-iii_muc-1_dieu-27_khoan-1_p1179:e2 | Chuyển đổi
UNRESOLVED:doc_chuong-iii_muc-1_dieu-27_khoan-1_p1179:e5 | Cho thuê lại
UNRESOLVED:doc_chuong-iii_muc-1_dieu-27_khoan-1_p1179:e6 | Thừa kế
UNRESOLVED:doc_chuong-iii_muc-1_dieu-27_khoan-2_diem-a_p1496:e4 | Quyền và nghĩa vụ
UNRESOLVED:doc_chuong-iii_muc-1_dieu-27_khoan-2_diem-a_p1496:e5 | Quy định của Luật này
UNRESOLVED:doc_chuong-iii_muc-1_dieu-27_khoan-2_diem-b_p1814:e3 | Đăng ký biến động
UNRESOLVED:doc_chuong-iii_muc-1_dieu-27_khoan-2_diem-b_p1814:e4 | Tách thửa
UNRESOLVED:doc_chuong-iii_muc-1_dieu-27_khoan-2_diem-b_p1814:e5 | Cấp Giấy chứng nhận quyền sử dụng đất
UNRESOLVED:doc_chuong-iii_muc-1_dieu-27_khoan-2_diem-b_p1814:e6 | Quyền và nghĩa vụ của người sử dụng đất
UNRESOLVED:doc_chuong-iii_muc-1_dieu-27_khoan-2_diem-b_p1814:e7 | Ủy quyền
UNRESOLVED:doc_chuong-iii_muc-1_dieu-27_khoan-3_p2476:e3 | Hợp đồng
UNRESOLVED:doc_chuong-iii_muc-1_dieu-27_khoan-3_p2476:e4 | Văn bản
UNRESOLVED:doc_chuong-iii_muc-1_dieu-27_khoan-3_p2476:e5 | Quyền
UNRESOLVED:doc_chuong-iii_muc-1_dieu-27_khoan-3_diem-a_p2588:e1 | Hợp đồng chuyển nhượng
UNRESOLVED:doc_chuong-iii_muc-1_dieu-27_khoan-3_diem-a_p2588:e9 | Trừ trường hợp quy định tại điểm b khoản này
UNRESOLVED:doc_chuong-iii_muc-1_dieu-27_khoan-3_diem-b_p2794:e1 | Hợp đồng cho thuê
UNRESOLVED:doc_chuong-iii_muc-1_dieu-27_khoan-3_diem-b_p2794:e5 | Hợp đồng chuyển đổi quyền sử dụng đất nông nghiệp
UNRESOLVED:doc_chuong-iii_muc-1_dieu-27_khoan-3_diem-b_p2794:e6 | Hợp đồng chuyển nhượng
UNRESOLVED:doc_chuong-iii_muc-1_dieu-27_khoan-3_diem-b_p2794:e7 | Góp vốn bằng quyền sử dụng đất
UNRESOLVED:doc_chuong-iii_muc-1_dieu-28_khoan-1_diem-a_p3549:e2 | Chuyển đổi
UNRESOLVED:doc_chuong-iii_muc-1_dieu-28_khoan-1_diem-a_p3549:e4 | Điểm b khoản 1 Điều 37
UNRESOLVED:doc_chuong-iii_muc-1_dieu-28_khoan-1_diem-c_p3714:e4 | Khu công nghiệp, cụm công nghiệp, khu công nghệ cao
UNRESOLVED:doc_chuong-iii_muc-1_dieu-28_khoan-1_diem-d_p3930:e3 | Vốn đầu tư
UNRESOLVED:doc_chuong-iii_muc-1_dieu-28_khoan-1_diem-d_p3930:e5 | Quy định của Chính phủ
UNRESOLVED:doc_chuong-iii_muc-1_dieu-28_khoan-1_diem-h_p4356:e5 | Tặng cho nhà ở gắn liền với quyền sử dụng đất ở
UNRESOLVED:doc_chuong-iii_muc-1_dieu-28_khoan-1_diem-k_p5095:e10 | Cho thuê đất
UNRESOLVED:doc_chuong-iii_muc-1_dieu-28_khoan-1_diem-m_p5524:e6 | Kết quả hòa giải thành về tranh chấp đất đai
UNRESOLVED:doc_chuong-iii_muc-1_dieu-28_khoan-1_diem-m_p5524:e7 | Thỏa thuận trong hợp đồng thế chấp để xử lý nợ
UNRESOLVED:doc_chuong-iii_muc-1_dieu-28_khoan-1_diem-m_p5524:e8 | Quyết định của cơ quan nhà nước có thẩm quyền về giải quyết tranh chấp đất đai
UNRESOLVED:doc_chuong-iii_muc-1_dieu-28_khoan-1_diem-m_p5524:e9 | Bản án, quyết định của Tòa án
UNRESOLVED:doc_chuong-iii_muc-1_dieu-28_khoan-1_diem-m_p5524:e10 | Quyết định thi hành án của cơ quan thi hành án
UNRESOLVED:doc_chuong-iii_muc-1_dieu-28_khoan-1_diem-m_p5524:e11 | Quyết định hoặc phán quyết của Trọng tài thương mại Việt Nam
UNRESOLVED:doc_chuong-iii_muc-1_dieu-28_khoan-1_diem-m_p5524:e12 | Văn bản công nhận kết quả đấu giá quyền sử dụng đất
UNRESOLVED:doc_chuong-iii_muc-1_dieu-28_khoan-1_diem-m_p5524:e13 | Văn bản về việc chia, tách quyền sử dụng đất
UNRESOLVED:doc_chuong-iii_muc-1_dieu-28_khoan-1_diem-n_p6316:e5 | Kết quả hòa giải thành về tranh chấp đất đai
UNRESOLVED:doc_chuong-iii_muc-1_dieu-28_khoan-1_diem-n_p6316:e6 | Ủy ban nhân dân cấp có thẩm quyền
UNRESOLVED:doc_chuong-iii_muc-1_dieu-28_khoan-2_p7178:e5 | trừ trường hợp quy định tại khoản 8 Điều 45 và Điều 48
UNRESOLVED:doc_chuong-iii_muc-1_dieu-28_khoan-3_p7394:e1 | Khu vực hạn chế tiếp cận đất đai
UNRESOLVED:doc_chuong-iii_muc-1_dieu-28_khoan-3_p7394:e2 | Nhận quyền sử dụng đất
UNRESOLVED:doc_chuong-iii_muc-1_dieu-28_khoan-3_p7394:e3 | Trình tự, thủ tục
UNRESOLVED:doc_chuong-iii_muc-1_dieu-29_khoan-1_p7605:e1 | Quyền đối với thửa đất liền kề
UNRESOLVED:doc_chuong-iii_muc-1_dieu-29_khoan-1_p7605:e2 | lối đi
UNRESOLVED:doc_chuong-iii_muc-1_dieu-29_khoan-1_p7605:e3 | cấp nước
UNRESOLVED:doc_chuong-iii_muc-1_dieu-29_khoan-1_p7605:e4 | thoát nước
UNRESOLVED:doc_chuong-iii_muc-1_dieu-29_khoan-1_p7605:e5 | tưới nước
UNRESOLVED:doc_chuong-iii_muc-1_dieu-29_khoan-1_p7605:e6 | tiêu nước
UNRESOLVED:doc_chuong-iii_muc-1_dieu-29_khoan-1_p7605:e7 | cấp khí ga
UNRESOLVED:doc_chuong-iii_muc-1_dieu-29_khoan-1_p7605:e8 | lắp đường dây tải điện
UNRESOLVED:doc_chuong-iii_muc-1_dieu-29_khoan-1_p7605:e9 | thông tin liên lạc
UNRESOLVED:doc_chuong-iii_muc-1_dieu-29_khoan-1_p7605:e10 | các nhu cầu cần thiết khác
UNRESOLVED:doc_chuong-iii_muc-1_dieu-29_khoan-2_p7834:e1 | Quyền đối với thửa đất liền kề
UNRESOLVED:doc_chuong-iii_muc-1_dieu-29_khoan-2_p7834:e2 | Đăng ký
UNRESOLVED:doc_chuong-iii_muc-1_dieu-30_khoan-1_p8171:e3 | Chuyển sang thuê đất trả tiền thuê đất một lần
UNRESOLVED:doc_chuong-iii_muc-1_dieu-30_khoan-1_p8171:e4 | Giá đất
UNRESOLVED:doc_chuong-iii_muc-1_dieu-30_khoan-1_p8171:e5 | Thời gian thuê đất còn lại
UNRESOLVED:doc_chuong-iii_muc-1_dieu-30_khoan-3_p9133:e3 | Chuyển sang hình thức Nhà nước cho thuê đất thu tiền thuê đất hằng năm
UNRESOLVED:doc_chuong-iii_muc-1_dieu-30_khoan-3_p9133:e4 | Phần diện tích đó
UNRESOLVED:doc_chuong-iii_muc-1_dieu-31_khoan-1_p9477:e2 | Sử dụng đất
UNRESOLVED:doc_chuong-iii_muc-1_dieu-31_khoan-1_p9477:e3 | Mục đích
UNRESOLVED:doc_chuong-iii_muc-1_dieu-31_khoan-1_p9477:e4 | Ranh giới thửa đất
UNRESOLVED:doc_chuong-iii_muc-1_dieu-31_khoan-1_p9477:e5 | Quy định về sử dụng độ sâu trong lòng đất
UNRESOLVED:doc_chuong-iii_muc-1_dieu-31_khoan-1_p9477:e6 | Chiều cao trên không
UNRESOLVED:doc_chuong-iii_muc-1_dieu-31_khoan-1_p9477:e7 | Công trình công cộng trong lòng đất
UNRESOLVED:doc_chuong-iii_muc-1_dieu-31_khoan-1_p9477:e8 | Quy định khác của pháp luật có liên quan
UNRESOLVED:doc_chuong-iii_muc-1_dieu-31_khoan-2_p9703:e3 | Thủ tục
UNRESOLVED:doc_chuong-iii_muc-1_dieu-31_khoan-2_p9703:e4 | Chuyển đổi
UNRESOLVED:doc_chuong-iii_muc-1_dieu-31_khoan-2_p9703:e7 | Cho thuê lại
UNRESOLVED:doc_chuong-iii_muc-1_dieu-31_khoan-2_p9703:e8 | Thừa kế
UNRESOLVED:doc_chuong-iii_muc-1_dieu-31_khoan-3_p9925:e2 | Thực hiện nghĩa vụ tài chính về đất đai
UNRESOLVED:doc_chuong-iii_muc-1_dieu-31_khoan-4_p9994:e2 | Thực hiện biện pháp bảo vệ đất
UNRESOLVED:doc_chuong-iii_muc-1_dieu-31_khoan-4_p9994:e3 | Khu vực đất bị ô nhiễm, thoái hóa
UNRESOLVED:doc_chuong-iii_muc-1_dieu-31_khoan-5_p10115:e2 | Tuân thủ quy định về bảo vệ môi trường
UNRESOLVED:doc_chuong-iii_muc-1_dieu-31_khoan-5_p10115:e3 | Tài sản và lợi ích hợp pháp
UNRESOLVED:doc_chuong-iii_muc-1_dieu-31_khoan-7_p10310:e2 | Bàn giao lại đất
UNRESOLVED:doc_chuong-iii_muc-1_dieu-31_khoan-7_p10310:e4 | Theo quy định của pháp luật
UNRESOLVED:doc_chuong-iii_muc-2_dieu-32_khoan-1_p10650:e1 | Tổ chức trong nước, tổ chức tôn giáo, tổ chức tôn giáo trực thuộc
UNRESOLVED:doc_chuong-iii_muc-2_dieu-32_khoan-1_p10650:e4 | Quyền và nghĩa vụ chung
UNRESOLVED:doc_chuong-iii_muc-2_dieu-32_khoan-2_p10839:e1 | Tổ chức trong nước, tổ chức tôn giáo, tổ chức tôn giáo trực thuộc
UNRESOLVED:doc_chuong-iii_muc-2_dieu-32_khoan-2_p10839:e3 | Quyền chuyển đổi, chuyển nhượng, tặng cho, cho thuê quyền sử dụng đất, thế chấp, góp vốn bằng quyền sử dụng đất
UNRESOLVED:doc_chuong-iii_muc-2_dieu-33_khoan-1_p11236:e3 | Giao đất
UNRESOLVED:doc_chuong-iii_muc-2_dieu-33_khoan-1_p11236:e4 | Thu tiền sử dụng đất
UNRESOLVED:doc_chuong-iii_muc-2_dieu-33_khoan-1_p11236:e5 | Cho thuê đất
UNRESOLVED:doc_chuong-iii_muc-2_dieu-33_khoan-1_p11236:e6 | Thu tiền thuê đất
UNRESOLVED:doc_chuong-iii_muc-2_dieu-33_khoan-1_p11236:e7 | Một lần cho cả thời gian thuê
UNRESOLVED:doc_chuong-iii_muc-2_dieu-33_khoan-1_diem-a_p11392:e2 | Quyền và nghĩa vụ chung
UNRESOLVED:doc_chuong-iii_muc-2_dieu-33_khoan-1_diem-a_p11392:e3 | Điều 26 và Điều 31 của Luật này
UNRESOLVED:doc_chuong-iii_muc-2_dieu-33_khoan-1_diem-d_p12187:e8 | quy định của pháp luật
UNRESOLVED:doc_chuong-iii_muc-2_dieu-33_khoan-2_p12614:e3 | Thuê đất
UNRESOLVED:doc_chuong-iii_muc-2_dieu-33_khoan-2_p12614:e5 | Thời gian thuê
UNRESOLVED:doc_chuong-iii_muc-2_dieu-33_khoan-2_p12614:e6 | Điều 202
UNRESOLVED:doc_chuong-iii_muc-2_dieu-33_khoan-2_p12614:e7 | Quyền và nghĩa vụ
UNRESOLVED:doc_chuong-iii_muc-2_dieu-33_khoan-3_diem-a_p13127:e4 | quyền và nghĩa vụ
UNRESOLVED:doc_chuong-iii_muc-2_dieu-33_khoan-3_diem-a_p13127:e5 | miễn hoặc giảm tiền sử dụng đất
UNRESOLVED:doc_chuong-iii_muc-2_dieu-33_khoan-3_diem-b_p13433:e3 | Giao đất
UNRESOLVED:doc_chuong-iii_muc-2_dieu-33_khoan-3_diem-b_p13433:e4 | Cho thuê đất
UNRESOLVED:doc_chuong-iii_muc-2_dieu-33_khoan-3_diem-b_p13433:e5 | Quyền và nghĩa vụ
UNRESOLVED:doc_chuong-iii_muc-2_dieu-33_khoan-3_diem-b_p13433:e8 | Miễn, giảm tiền sử dụng đất, tiền thuê đất
UNRESOLVED:doc_chuong-iii_muc-2_dieu-33_khoan-3_diem-b_p13433:e9 | Trừ trường hợp pháp luật có liên quan có quy định khác
UNRESOLVED:doc_chuong-iii_muc-2_dieu-34_khoan-1_diem-a_p14396:e1 | Tổ chức kinh tế, tổ chức tôn giáo, tổ chức tôn giáo trực thuộc
UNRESOLVED:doc_chuong-iii_muc-2_dieu-34_khoan-1_diem-a_p14396:e3 | Quyền và nghĩa vụ chung
UNRESOLVED:doc_chuong-iii_muc-2_dieu-34_khoan-1_diem-a_p14396:e4 | Điều 26 và Điều 31 của Luật này
UNRESOLVED:doc_chuong-iii_muc-2_dieu-34_khoan-1_diem-b_p14466:e2 | Thế chấp tài sản thuộc sở hữu của mình gắn liền với đất
UNRESOLVED:doc_chuong-iii_muc-2_dieu-34_khoan-1_diem-b_p14466:e3 | Tài sản
UNRESOLVED:doc_chuong-iii_muc-2_dieu-34_khoan-1_diem-c_p14648:e1 | Tổ chức kinh tế, tổ chức tôn giáo, tổ chức tôn giáo trực thuộc
UNRESOLVED:doc_chuong-iii_muc-2_dieu-34_khoan-1_diem-c_p14648:e2 | Bán tài sản thuộc sở hữu của mình gắn liền với đất
UNRESOLVED:doc_chuong-iii_muc-2_dieu-34_khoan-1_diem-c_p14648:e3 | Quyền thuê trong hợp đồng thuê đất
UNRESOLVED:doc_chuong-iii_muc-2_dieu-34_khoan-1_diem-c_p14648:e5 | Người mua tài sản gắn liền với đất và quyền thuê trong hợp đồng thuê đất
UNRESOLVED:doc_chuong-iii_muc-2_dieu-34_khoan-1_diem-c_p14648:e6 | Tiếp tục thuê đất
UNRESOLVED:doc_chuong-iii_muc-2_dieu-34_khoan-1_diem-c_p14648:e7 | Các quyền và nghĩa vụ của người sử dụng đất
UNRESOLVED:doc_chuong-iii_muc-2_dieu-34_khoan-1_diem-d_p15135:e1 | Tổ chức kinh tế, tổ chức tôn giáo, tổ chức tôn giáo trực thuộc
UNRESOLVED:doc_chuong-iii_muc-2_dieu-34_khoan-1_diem-d_p15135:e2 | Góp vốn bằng tài sản thuộc sở hữu của mình gắn liền với đất
UNRESOLVED:doc_chuong-iii_muc-2_dieu-34_khoan-1_diem-d_p15135:e6 | Tiếp tục cho thuê đất
UNRESOLVED:doc_chuong-iii_muc-2_dieu-34_khoan-1_diem-d_p15343:e1 | Tổ chức kinh tế, tổ chức tôn giáo, tổ chức tôn giáo trực thuộc
UNRESOLVED:doc_chuong-iii_muc-2_dieu-34_khoan-1_diem-d_p15343:e2 | Cho thuê tài sản thuộc sở hữu của mình gắn liền với đất và quyền thuê trong hợp đồng thuê đất
UNRESOLVED:doc_chuong-iii_muc-2_dieu-34_khoan-1_diem-e_p15442:e1 | Tổ chức kinh tế, tổ chức tôn giáo, tổ chức tôn giáo trực thuộc
UNRESOLVED:doc_chuong-iii_muc-2_dieu-34_khoan-1_diem-e_p15442:e5 | Nghĩa vụ tài chính
UNRESOLVED:doc_chuong-iii_muc-2_dieu-34_khoan-2_p15825:e6 | Quyền góp vốn
UNRESOLVED:doc_chuong-iii_muc-2_dieu-34_khoan-2_p15825:e7 | Quyền thuê
UNRESOLVED:doc_chuong-iii_muc-2_dieu-34_khoan-2_p15825:e8 | Mục đích khác
UNRESOLVED:doc_chuong-iii_muc-2_dieu-34_khoan-2_diem-a_p16355:e4 | Khai thác, sử dụng
UNRESOLVED:doc_chuong-iii_muc-2_dieu-34_khoan-2_diem-a_p16355:e5 | Phương án được cơ quan chủ quản phê duyệt
UNRESOLVED:doc_chuong-iii_muc-2_dieu-34_khoan-2_diem-a_p16355:e6 | Pháp luật về xây dựng
UNRESOLVED:doc_chuong-iii_muc-2_dieu-34_khoan-2_diem-a_p16355:e7 | Quy định của pháp luật
UNRESOLVED:doc_chuong-iii_muc-2_dieu-34_khoan-2_diem-b_p16777:e3 | Tài sản công
UNRESOLVED:doc_chuong-iii_muc-2_dieu-34_khoan-2_diem-b_p16777:e4 | Đề án sử dụng tài sản công
UNRESOLVED:doc_chuong-iii_muc-2_dieu-34_khoan-2_diem-b_p16777:e5 | Mục đích cho thuê, liên doanh, liên kết
UNRESOLVED:doc_chuong-iii_muc-2_dieu-34_khoan-3_p17074:e3 | Quyền và nghĩa vụ
UNRESOLVED:doc_chuong-iii_muc-2_dieu-35_khoan-1_p17394:e2 | Quyền và nghĩa vụ chung
UNRESOLVED:doc_chuong-iii_muc-2_dieu-35_khoan-1_p17394:e3 | Điều 26 và Điều 31
UNRESOLVED:doc_chuong-iii_muc-2_dieu-35_khoan-2_p17549:e4 | Quyền và nghĩa vụ
UNRESOLVED:doc_chuong-iii_muc-2_dieu-35_khoan-3_diem-a_p17947:e2 | Nhận chuyển nhượng
UNRESOLVED:doc_chuong-iii_muc-2_dieu-35_khoan-3_diem-a_p17947:e3 | Không chuyển mục đích sử dụng đất
UNRESOLVED:doc_chuong-iii_muc-2_dieu-35_khoan-3_diem-a_p17947:e4 | Quyền và nghĩa vụ quy định tại khoản 1 và khoản 3 Điều 33
UNRESOLVED:doc_chuong-iii_muc-2_dieu-35_khoan-3_diem-b_p18093:e4 | Chuyển mục đích sử dụng đất
UNRESOLVED:doc_chuong-iii_muc-2_dieu-35_khoan-3_diem-b_p18093:e5 | Quyền và nghĩa vụ
UNRESOLVED:doc_chuong-iii_muc-2_dieu-35_khoan-3_diem-b_p18093:e7 | Giao đất có thu tiền sử dụng đất
UNRESOLVED:doc_chuong-iii_muc-2_dieu-35_khoan-3_diem-b_p18093:e8 | Cho thuê đất thu tiền thuê đất một lần cho cả thời gian thuê
UNRESOLVED:doc_chuong-iii_muc-2_dieu-35_khoan-3_diem-c_p18366:e4 | Chuyển mục đích sử dụng đất
UNRESOLVED:doc_chuong-iii_muc-2_dieu-35_khoan-3_diem-c_p18366:e5 | Quyền và nghĩa vụ
UNRESOLVED:doc_chuong-iii_muc-2_dieu-35_khoan-3_diem-c_p18366:e6 | Điều 34
UNRESOLVED:doc_chuong-iii_muc-2_dieu-35_khoan-3_diem-c_p18366:e7 | Thuê đất thu tiền thuê đất hằng năm
UNRESOLVED:doc_chuong-iii_muc-2_dieu-35_khoan-4_diem-a_p18800:e2 | Quyền và nghĩa vụ
UNRESOLVED:doc_chuong-iii_muc-2_dieu-35_khoan-4_diem-b_p19014:e2 | cho thuê đất
UNRESOLVED:doc_chuong-iii_muc-2_dieu-35_khoan-4_diem-b_p19014:e4 | quyền và nghĩa vụ
UNRESOLVED:doc_chuong-iii_muc-2_dieu-35_khoan-4_diem-b_p19014:e5 | khoản 1 Điều 34
UNRESOLVED:doc_chuong-iii_muc-2_dieu-36_khoan-1_p19302:e3 | Quyền và nghĩa vụ quy định tại Điều 33 của Luật này
UNRESOLVED:doc_chuong-iii_muc-2_dieu-36_khoan-1_p19302:e5 | Trong các trường hợp sau đây
UNRESOLVED:doc_chuong-iii_muc-2_dieu-36_khoan-2_diem-a_p19897:e2 | Thu hồi đất
UNRESOLVED:doc_chuong-iii_muc-2_dieu-36_khoan-2_diem-b_p20347:e2 | Hợp tác xã
UNRESOLVED:doc_chuong-iii_muc-2_dieu-36_khoan-2_diem-b_p20347:e4 | Điều lệ của hợp tác xã
UNRESOLVED:doc_chuong-iii_muc-2_dieu-36_khoan-2_diem-b_p20347:e5 | Nghị quyết của đại hội thành viên
UNRESOLVED:doc_chuong-iii_muc-2_dieu-36_khoan-3_p20984:e4 | giải thể
UNRESOLVED:doc_chuong-iii_muc-2_dieu-36_khoan-3_p20984:e5 | phá sản
UNRESOLVED:doc_chuong-iii_muc-3_dieu-37_khoan-1_diem-b_p21698:e2 | Chuyển đổi
UNRESOLVED:doc_chuong-iii_muc-3_dieu-37_khoan-1_diem-d_p21866:e5 | Thuê
UNRESOLVED:doc_chuong-iii_muc-3_dieu-37_khoan-1_diem-d_p22025:e5 | Giá trị của phần thừa kế đó
UNRESOLVED:doc_chuong-iii_muc-3_dieu-37_khoan-1_diem-e_p22461:e6 | Nhà tình nghĩa, nhà tình thương, nhà đại đoàn kết
UNRESOLVED:doc_chuong-iii_muc-3_dieu-37_khoan-1_diem-g_p22984:e5 | tổ chức kinh tế khác hoặc cá nhân
UNRESOLVED:doc_chuong-iii_muc-3_dieu-37_khoan-2_diem-b_p23547:e3 | Bán tài sản thuộc sở hữu của mình gắn liền với đất
UNRESOLVED:doc_chuong-iii_muc-3_dieu-37_khoan-2_diem-b_p23547:e4 | Quyền thuê trong hợp đồng thuê đất
UNRESOLVED:doc_chuong-iii_muc-3_dieu-37_khoan-2_diem-b_p23547:e7 | Kế thừa các quyền và nghĩa vụ của người sử dụng đất
UNRESOLVED:doc_chuong-iii_muc-3_dieu-37_khoan-2_diem-c_p24048:e2 | Người được tặng cho tài sản
UNRESOLVED:doc_chuong-iii_muc-3_dieu-37_khoan-2_diem-c_p24048:e3 | Quyền thuê trong hợp đồng thuê đất
UNRESOLVED:doc_chuong-iii_muc-3_dieu-37_khoan-2_diem-c_p24048:e6 | Cho thuê đất
UNRESOLVED:doc_chuong-iii_muc-3_dieu-37_khoan-2_diem-d_p24309:e4 | Quyền thuê trong hợp đồng thuê đất
UNRESOLVED:doc_chuong-iii_muc-3_dieu-37_khoan-2_diem-d_p24415:e3 | Tài sản
UNRESOLVED:doc_chuong-iii_muc-3_dieu-37_khoan-2_diem-e_p24600:e3 | Tài sản
UNRESOLVED:doc_chuong-iii_muc-3_dieu-37_khoan-2_diem-e_p24600:e4 | Thời hạn
UNRESOLVED:doc_chuong-iii_muc-3_dieu-37_khoan-3_diem-a_p24987:e1 | Cá nhân thuê lại đất
UNRESOLVED:doc_chuong-iii_muc-3_dieu-37_khoan-3_diem-a_p24987:e2 | Trả tiền thuê đất một lần cho cả thời gian thuê
UNRESOLVED:doc_chuong-iii_muc-3_dieu-37_khoan-3_diem-a_p24987:e3 | Quyền và nghĩa vụ quy định tại khoản 1 Điều này
UNRESOLVED:doc_chuong-iii_muc-3_dieu-37_khoan-3_diem-b_p25125:e1 | Cá nhân thuê lại đất
UNRESOLVED:doc_chuong-iii_muc-3_dieu-37_khoan-3_diem-b_p25125:e2 | Quyền và nghĩa vụ
UNRESOLVED:doc_chuong-iii_muc-3_dieu-37_khoan-3_diem-b_p25125:e4 | Trong khu công nghiệp, cụm công nghiệp, khu công nghệ cao
UNRESOLVED:doc_chuong-iii_muc-3_dieu-37_khoan-3_diem-b_p25125:e5 | khoản 2 Điều này
UNRESOLVED:doc_chuong-iii_muc-3_dieu-37_khoan-4_p25242:e3 | Giao đất
UNRESOLVED:doc_chuong-iii_muc-3_dieu-37_khoan-4_p25242:e4 | Cho thuê đất
UNRESOLVED:doc_chuong-iii_muc-3_dieu-37_khoan-4_p25242:e5 | Miễn, giảm tiền sử dụng đất, tiền thuê đất
UNRESOLVED:doc_chuong-iii_muc-3_dieu-37_khoan-4_p25242:e6 | Không được miễn, không được giảm tiền sử dụng đất, tiền thuê đất
UNRESOLVED:doc_chuong-iii_muc-3_dieu-37_khoan-5_p25444:e2 | Tổ chức, cá nhân
UNRESOLVED:doc_chuong-iii_muc-3_dieu-37_khoan-5_p25444:e3 | Quyền và nghĩa vụ
UNRESOLVED:doc_chuong-iii_muc-3_dieu-38_khoan-1_p25756:e2 | Chuyển mục đích sử dụng đất
UNRESOLVED:doc_chuong-iii_muc-3_dieu-38_khoan-1_p25756:e3 | Đất được Nhà nước giao đất không thu tiền sử dụng đất
UNRESOLVED:doc_chuong-iii_muc-3_dieu-38_khoan-1_p25756:e4 | Đất được Nhà nước giao đất có thu tiền sử dụng đất
UNRESOLVED:doc_chuong-iii_muc-3_dieu-38_khoan-2_diem-a_p26278:e2 | Quyền và nghĩa vụ quy định tại khoản 1 Điều 37 của Luật này
UNRESOLVED:doc_chuong-iii_muc-3_dieu-38_khoan-2_diem-a_p26278:e3 | Chuyển mục đích sử dụng đất
UNRESOLVED:doc_chuong-iii_muc-3_dieu-38_khoan-2_diem-a_p26278:e7 | Thời gian thuê
UNRESOLVED:doc_chuong-iii_muc-3_dieu-38_khoan-2_diem-b_p26470:e2 | Quyền và nghĩa vụ
UNRESOLVED:doc_chuong-iii_muc-3_dieu-38_khoan-2_diem-b_p26470:e4 | Trường hợp
UNRESOLVED:doc_chuong-iii_muc-3_dieu-38_khoan-2_diem-b_p26470:e5 | khoản 2 Điều 37
UNRESOLVED:doc_chuong-iii_muc-3_dieu-39_khoan-1_p26663:e2 | quyền và nghĩa vụ chung
UNRESOLVED:doc_chuong-iii_muc-3_dieu-39_khoan-2_p26765:e2 | quyền và nghĩa vụ
UNRESOLVED:doc_chuong-iii_muc-3_dieu-39_khoan-2_p26765:e3 | quyền để thừa kế
UNRESOLVED:doc_chuong-iii_muc-3_dieu-39_khoan-2_p26765:e5 | giao đất không thu tiền sử dụng đất
UNRESOLVED:doc_chuong-iii_muc-3_dieu-39_khoan-2_p26765:e6 | quyền chuyển đổi, chuyển nhượng, tặng cho, cho thuê quyền sử dụng đất, thế chấp, góp vốn bằng quyền sử dụng đất
UNRESOLVED:doc_chuong-iii_muc-4_dieu-40_khoan-1_diem-a_p27536:e2 | Quyền và nghĩa vụ chung
UNRESOLVED:doc_chuong-iii_muc-4_dieu-40_khoan-1_diem-a_p27536:e3 | Điều 26 và Điều 31 của Luật này
UNRESOLVED:doc_chuong-iii_muc-4_dieu-40_khoan-1_diem-b_p27606:e2 | Xây dựng
UNRESOLVED:doc_chuong-iii_muc-4_dieu-40_khoan-1_diem-b_p27606:e4 | giấy phép
UNRESOLVED:doc_chuong-iii_muc-4_dieu-40_khoan-1_diem-b_p27606:e5 | cơ quan nhà nước Việt Nam có thẩm quyền
UNRESOLVED:doc_chuong-iii_muc-4_dieu-40_khoan-1_diem-c_p27699:e2 | Sở hữu công trình do mình xây dựng trên đất thuê trong thời hạn thuê đất
UNRESOLVED:doc_chuong-iii_muc-4_dieu-40_khoan-1_diem-c_p27699:e3 | đất thuê
UNRESOLVED:doc_chuong-iii_muc-4_dieu-40_khoan-1_diem-d_p27773:e2 | Trả lại đất
UNRESOLVED:doc_chuong-iii_muc-4_dieu-40_khoan-1_diem-d_p27773:e4 | Điều ước quốc tế
UNRESOLVED:doc_chuong-iii_muc-4_dieu-40_khoan-1_diem-d_p27773:e5 | Thỏa thuận quốc tế
UNRESOLVED:doc_chuong-iii_muc-4_dieu-40_khoan-1_diem-d_p27773:e6 | Quy định của pháp luật
UNRESOLVED:doc_chuong-iii_muc-4_dieu-40_khoan-2_p28006:e2 | Quyền và nghĩa vụ
UNRESOLVED:doc_chuong-iii_muc-4_dieu-40_khoan-2_p28006:e3 | Điều ước quốc tế
UNRESOLVED:doc_chuong-iii_muc-4_dieu-40_khoan-2_p28006:e5 | Điều ước quốc tế đó
UNRESOLVED:doc_chuong-iii_muc-4_dieu-41_khoan-1_p28366:e5 | Quyền và nghĩa vụ
UNRESOLVED:doc_chuong-iii_muc-4_dieu-41_khoan-2_p28544:e4 | Cho thuê đất
UNRESOLVED:doc_chuong-iii_muc-4_dieu-41_khoan-2_p28544:e5 | Thu tiền thuê đất hằng năm
UNRESOLVED:doc_chuong-iii_muc-4_dieu-41_khoan-2_diem-b_p28784:e1 | Người gốc Việt Nam định cư ở nước ngoài, tổ chức kinh tế có vốn đầu tư nước ngoài
UNRESOLVED:doc_chuong-iii_muc-4_dieu-41_khoan-2_diem-c_p28899:e3 | Góp vốn bằng tài sản thuộc sở hữu của mình gắn liền với đất
UNRESOLVED:doc_chuong-iii_muc-4_dieu-41_khoan-2_diem-c_p28899:e7 | Người nhận góp vốn bằng tài sản
UNRESOLVED:doc_chuong-iii_muc-4_dieu-41_khoan-2_diem-c_p28899:e8 | Cho thuê đất
UNRESOLVED:doc_chuong-iii_muc-4_dieu-41_khoan-2_diem-c_p28899:e9 | Mục đích đã được xác định
UNRESOLVED:doc_chuong-iii_muc-4_dieu-41_khoan-2_diem-d_p29112:e3 | Bán tài sản thuộc sở hữu của mình gắn liền với đất
UNRESOLVED:doc_chuong-iii_muc-4_dieu-41_khoan-2_diem-d_p29112:e4 | Quyền thuê trong hợp đồng thuê đất
UNRESOLVED:doc_chuong-iii_muc-4_dieu-41_khoan-2_diem-d_p29112:e5 | Điều kiện quy định tại Điều 46 của Luật này
UNRESOLVED:doc_chuong-iii_muc-4_dieu-41_khoan-2_diem-d_p29112:e7 | Tiếp tục thuê đất
UNRESOLVED:doc_chuong-iii_muc-4_dieu-41_khoan-2_diem-d_p29112:e8 | Mục đích đã được xác định
UNRESOLVED:doc_chuong-iii_muc-4_dieu-41_khoan-2_diem-d_p29112:e9 | Thời hạn sử dụng đất còn lại
UNRESOLVED:doc_chuong-iii_muc-4_dieu-41_khoan-2_diem-d_p29572:e1 | Người gốc Việt Nam định cư ở nước ngoài, tổ chức kinh tế có vốn đầu tư nước ngoài
UNRESOLVED:doc_chuong-iii_muc-4_dieu-41_khoan-2_diem-d_p29572:e3 | Tài sản thuộc sở hữu của mình gắn liền với đất và quyền thuê trong hợp đồng thuê đất
UNRESOLVED:doc_chuong-iii_muc-4_dieu-41_khoan-2_diem-e_p29670:e5 | Đất đã được xây dựng xong kết cấu hạ tầng
UNRESOLVED:doc_chuong-iii_muc-4_dieu-41_khoan-2_diem-e_p29670:e6 | Sử dụng đất đúng mục đích
UNRESOLVED:doc_chuong-iii_muc-4_dieu-41_khoan-2_diem-e_p29670:e7 | Thực hiện nghĩa vụ tài chính
UNRESOLVED:doc_chuong-iii_muc-4_dieu-41_khoan-2_diem-e_p29670:e8 | Đất khu công nghiệp, cụm công nghiệp, khu công nghệ cao
UNRESOLVED:doc_chuong-iii_muc-4_dieu-41_khoan-3_p30039:e4 | Cho thuê đất
UNRESOLVED:doc_chuong-iii_muc-4_dieu-41_khoan-3_p30039:e5 | Giao đất
UNRESOLVED:doc_chuong-iii_muc-4_dieu-41_khoan-3_diem-c_p30516:e5 | Cho thuê lại
UNRESOLVED:doc_chuong-iii_muc-4_dieu-41_khoan-4_p30850:e2 | Sử dụng đất
UNRESOLVED:doc_chuong-iii_muc-4_dieu-41_khoan-4_p30850:e3 | Nộp tiền sử dụng đất
UNRESOLVED:doc_chuong-iii_muc-4_dieu-41_khoan-4_p30850:e4 | Trả tiền thuê đất
UNRESOLVED:doc_chuong-iii_muc-4_dieu-41_khoan-4_p30850:e5 | Quyền và nghĩa vụ
UNRESOLVED:doc_chuong-iii_muc-4_dieu-41_khoan-4_p30850:e6 | Điều này
UNRESOLVED:doc_chuong-iii_muc-4_dieu-41_khoan-5_p31108:e4 | Giao đất
UNRESOLVED:doc_chuong-iii_muc-4_dieu-41_khoan-5_p31108:e5 | Cho thuê đất
UNRESOLVED:doc_chuong-iii_muc-4_dieu-41_khoan-5_p31108:e6 | Miễn, giảm tiền sử dụng đất, tiền thuê đất
UNRESOLVED:doc_chuong-iii_muc-4_dieu-41_khoan-5_p31108:e7 | Quyền và nghĩa vụ quy định tại khoản 3 Điều 33
UNRESOLVED:doc_chuong-iii_muc-4_dieu-42_khoan-1_p31581:e5 | Quyền và nghĩa vụ quy định tại khoản 3 Điều 41
UNRESOLVED:doc_chuong-iii_muc-4_dieu-42_khoan-2_diem-a_p32028:e2 | Quyền và nghĩa vụ
UNRESOLVED:doc_chuong-iii_muc-4_dieu-42_khoan-2_diem-a_p32028:e5 | thu tiền thuê đất hằng năm
UNRESOLVED:doc_chuong-iii_muc-4_dieu-42_khoan-2_diem-b_p32355:e4 | Điều 41
UNRESOLVED:doc_chuong-iii_muc-4_dieu-42_khoan-2_diem-c_p32703:e4 | Điều 41
UNRESOLVED:doc_chuong-iii_muc-4_dieu-42_khoan-3_p33000:e6 | Quyền
UNRESOLVED:doc_chuong-iii_muc-4_dieu-42_khoan-3_p33000:e7 | Nghĩa vụ
UNRESOLVED:doc_chuong-iii_muc-4_dieu-43_khoan-1_p33702:e4 | khu công nghiệp, cụm công nghiệp, khu công nghệ cao
UNRESOLVED:doc_chuong-iii_muc-4_dieu-43_khoan-2_diem-a_p34109:e3 | Trả tiền thuê đất một lần cho cả thời gian thuê
UNRESOLVED:doc_chuong-iii_muc-4_dieu-43_khoan-2_diem-a_p34109:e4 | Trả tiền thuê lại đất một lần cho cả thời gian thuê lại
UNRESOLVED:doc_chuong-iii_muc-4_dieu-43_khoan-2_diem-a_p34109:e5 | Quyền và nghĩa vụ quy định tại khoản 1 và khoản 3 Điều 33
UNRESOLVED:doc_chuong-iii_muc-4_dieu-43_khoan-2_diem-b_p34304:e3 | Trả tiền thuê đất, thuê lại đất hằng năm
UNRESOLVED:doc_chuong-iii_muc-4_dieu-43_khoan-2_diem-b_p34304:e4 | Quyền và nghĩa vụ quy định tại khoản 1 Điều 34 của Luật này
UNRESOLVED:doc_chuong-iii_muc-4_dieu-44_khoan-1_p34692:e4 | Nhập cảnh vào Việt Nam
UNRESOLVED:doc_chuong-iii_muc-4_dieu-44_khoan-1_p34692:e5 | Chuyển quyền sử dụng đất ở
UNRESOLVED:doc_chuong-iii_muc-4_dieu-44_khoan-2_p34926:e2 | quyền
UNRESOLVED:doc_chuong-iii_muc-4_dieu-44_khoan-2_p34926:e3 | nghĩa vụ
UNRESOLVED:doc_chuong-iii_muc-4_dieu-44_khoan-2_diem-a_p35046:e2 | Quyền và nghĩa vụ chung
UNRESOLVED:doc_chuong-iii_muc-4_dieu-44_khoan-2_diem-a_p35046:e3 | Điều 26 và Điều 31
UNRESOLVED:doc_chuong-iii_muc-4_dieu-44_khoan-2_diem-b_p35116:e2 | Chuyển quyền sử dụng đất ở
UNRESOLVED:doc_chuong-iii_muc-4_dieu-44_khoan-2_diem-b_p35116:e4 | Giấy chứng nhận quyền sử dụng đất
UNRESOLVED:doc_chuong-iii_muc-4_dieu-44_khoan-3_p35912:e2 | Giấy chứng nhận quyền sử dụng đất, quyền sở hữu tài sản gắn liền với đất
UNRESOLVED:doc_chuong-iii_muc-4_dieu-44_khoan-3_diem-b_p36548:e1 | Người được tặng cho
UNRESOLVED:doc_chuong-iii_muc-4_dieu-44_khoan-3_diem-b_p36548:e3 | Điểm e khoản 1 Điều 37
UNRESOLVED:doc_chuong-iii_muc-4_dieu-44_khoan-3_diem-c_p36840:e3 | Tổ chức đăng ký đất đai
UNRESOLVED:doc_chuong-iii_muc-4_dieu-44_khoan-3_diem-c_p36840:e4 | Sổ địa chính
UNRESOLVED:doc_chuong-iii_muc-4_dieu-44_khoan-3_diem-c_p36840:e5 | Trong trường hợp chưa chuyển nhượng hoặc chưa tặng cho quyền sử dụng đất
UNRESOLVED:doc_chuong-iii_muc-4_dieu-44_khoan-4_p37072:e2 | Nhà ở
UNRESOLVED:doc_chuong-iii_muc-4_dieu-44_khoan-4_p37072:e4 | Giấy chứng nhận quyền sử dụng đất, quyền sở hữu tài sản gắn liền với đất
UNRESOLVED:doc_chuong-iii_muc-4_dieu-44_khoan-4_p37072:e5 | Hồ sơ về việc nhận thừa kế
UNRESOLVED:doc_chuong-iii_muc-4_dieu-44_khoan-4_p37072:e6 | Sổ địa chính
UNRESOLVED:doc_chuong-iii_muc-4_dieu-44_khoan-4_p37072:e7 | Phân chia thừa kế
UNRESOLVED:doc_chuong-iii_muc-4_dieu-44_khoan-4_p37072:e9 | Người đại diện theo ủy quyền
UNRESOLVED:doc_chuong-iii_muc-4_dieu-44_khoan-5_p38031:e2 | Ủy quyền
UNRESOLVED:doc_chuong-iii_muc-4_dieu-44_khoan-5_p38031:e3 | Trông nom hoặc tạm sử dụng đất
UNRESOLVED:doc_chuong-iii_muc-4_dieu-44_khoan-5_p38031:e4 | Nghĩa vụ
UNRESOLVED:doc_chuong-iii_muc-4_dieu-44_khoan-5_p38031:e5 | Quy định của pháp luật về đất đai
UNRESOLVED:doc_chuong-iii_muc-5_dieu-45_khoan-1_p38579:e2 | Chuyển đổi
UNRESOLVED:doc_chuong-iii_muc-5_dieu-45_khoan-1_p38579:e5 | Cho thuê lại
UNRESOLVED:doc_chuong-iii_muc-5_dieu-45_khoan-1_p38579:e6 | Thừa kế
UNRESOLVED:doc_chuong-iii_muc-5_dieu-45_khoan-1_diem-a_p38784:e2 | Giấy chứng nhận quyền sử dụng đất
UNRESOLVED:doc_chuong-iii_muc-5_dieu-45_khoan-1_diem-a_p38784:e3 | Giấy chứng nhận quyền sở hữu nhà ở và quyền sử dụng đất ở
UNRESOLVED:doc_chuong-iii_muc-5_dieu-45_khoan-1_diem-a_p38784:e4 | Giấy chứng nhận quyền sử dụng đất, quyền sở hữu nhà ở và tài sản khác gắn liền với đất
UNRESOLVED:doc_chuong-iii_muc-5_dieu-45_khoan-1_diem-a_p38784:e5 | Giấy chứng nhận quyền sử dụng đất, quyền sở hữu tài sản gắn liền với đất
UNRESOLVED:doc_chuong-iii_muc-5_dieu-45_khoan-1_diem-a_p38784:e6 | thừa kế quyền sử dụng đất
UNRESOLVED:doc_chuong-iii_muc-5_dieu-45_khoan-1_diem-a_p38784:e9 | khoản 7 Điều 124
UNRESOLVED:doc_chuong-iii_muc-5_dieu-45_khoan-1_diem-b_p39292:e2 | Chuyển đổi
UNRESOLVED:doc_chuong-iii_muc-5_dieu-45_khoan-1_diem-b_p39292:e5 | Cho thuê lại
UNRESOLVED:doc_chuong-iii_muc-5_dieu-45_khoan-1_diem-b_p39292:e6 | Thừa kế
UNRESOLVED:doc_chuong-iii_muc-5_dieu-45_khoan-1_diem-b_p39292:e12 | Tranh chấp đã được giải quyết
UNRESOLVED:doc_chuong-iii_muc-5_dieu-45_khoan-1_diem-c_p39485:e3 | Không bị kê biên
UNRESOLVED:doc_chuong-iii_muc-5_dieu-45_khoan-1_diem-d_p39643:e3 | biện pháp khẩn cấp tạm thời
UNRESOLVED:doc_chuong-iii_muc-5_dieu-45_khoan-2_p39738:e4 | Điều kiện khác
UNRESOLVED:doc_chuong-iii_muc-5_dieu-45_khoan-3_p39986:e2 | Chuyển đổi
UNRESOLVED:doc_chuong-iii_muc-5_dieu-45_khoan-3_p39986:e5 | Cho thuê lại
UNRESOLVED:doc_chuong-iii_muc-5_dieu-45_khoan-3_p39986:e6 | Thừa kế
UNRESOLVED:doc_chuong-iii_muc-5_dieu-45_khoan-3_p39986:e11 | Điều kiện
UNRESOLVED:doc_chuong-iii_muc-5_dieu-45_khoan-3_diem-a_p40271:e2 | Mua, bán tài sản gắn liền với đất
UNRESOLVED:doc_chuong-iii_muc-5_dieu-45_khoan-3_diem-a_p40271:e3 | Quyền thuê trong hợp đồng thuê đất
UNRESOLVED:doc_chuong-iii_muc-5_dieu-45_khoan-3_diem-b_p40472:e2 | Chuyển đổi quyền sử dụng đất nông nghiệp
UNRESOLVED:doc_chuong-iii_muc-5_dieu-45_khoan-3_diem-c_p40594:e5 | khoản 3 Điều 16
UNRESOLVED:doc_chuong-iii_muc-5_dieu-45_khoan-4_p40816:e2 | Giấy chứng nhận quyền sử dụng đất
UNRESOLVED:doc_chuong-iii_muc-5_dieu-45_khoan-4_p40816:e3 | Giấy chứng nhận quyền sở hữu nhà ở và quyền sử dụng đất ở
UNRESOLVED:doc_chuong-iii_muc-5_dieu-45_khoan-4_p40816:e4 | Giấy chứng nhận quyền sử dụng đất, quyền sở hữu nhà ở và tài sản khác gắn liền với đất
UNRESOLVED:doc_chuong-iii_muc-5_dieu-45_khoan-4_p40816:e5 | Giấy chứng nhận quyền sử dụng đất, quyền sở hữu tài sản gắn liền với đất
UNRESOLVED:doc_chuong-iii_muc-5_dieu-45_khoan-5_p41303:e2 | Nghĩa vụ tài chính
UNRESOLVED:doc_chuong-iii_muc-5_dieu-45_khoan-5_p41303:e3 | Chậm thực hiện
UNRESOLVED:doc_chuong-iii_muc-5_dieu-45_khoan-5_p41303:e4 | Ghi nợ
UNRESOLVED:doc_chuong-iii_muc-5_dieu-45_khoan-5_p41303:e5 | Các quyền chuyển đổi, chuyển nhượng, cho thuê, cho thuê lại, tặng cho quyền sử dụng đất, thế chấp, góp vốn bằng quyền sử dụng đất
UNRESOLVED:doc_chuong-iii_muc-5_dieu-45_khoan-7_p41970:e1 | Cá nhân không trực tiếp sản xuất nông nghiệp
UNRESOLVED:doc_chuong-iii_muc-5_dieu-45_khoan-7_p41970:e2 | Nhận chuyển nhượng
UNRESOLVED:doc_chuong-iii_muc-5_dieu-45_khoan-7_p41970:e3 | Nhận tặng cho
UNRESOLVED:doc_chuong-iii_muc-5_dieu-45_khoan-7_p41970:e5 | Quá hạn mức quy định tại Điều 176
UNRESOLVED:doc_chuong-iii_muc-5_dieu-45_khoan-7_p41970:e6 | Trừ trường hợp người nhận tặng cho là người thuộc hàng thừa kế
UNRESOLVED:doc_chuong-iii_muc-5_dieu-45_khoan-7_p41970:e7 | Điều 176
UNRESOLVED:doc_chuong-iii_muc-5_dieu-45_khoan-8_diem-a_p42458:e2 | Nhận chuyển nhượng
UNRESOLVED:doc_chuong-iii_muc-5_dieu-45_khoan-8_diem-a_p42458:e3 | Quyền sử dụng đất rừng phòng hộ, đất rừng đặc dụng
UNRESOLVED:doc_chuong-iii_muc-5_dieu-45_khoan-8_diem-a_p42458:e4 | Trừ trường hợp được chuyển mục đích sử dụng đất theo quy hoạch, kế hoạch sử dụng đất đã được cơ quan có thẩm quyền phê duyệt
UNRESOLVED:doc_chuong-iii_muc-5_dieu-45_khoan-8_diem-a_p42458:e5 | Chuyển mục đích sử dụng đất theo quy hoạch, kế hoạch sử dụng đất đã được cơ quan có thẩm quyền phê duyệt
UNRESOLVED:doc_chuong-iii_muc-5_dieu-45_khoan-8_diem-b_p42694:e2 | Nhận chuyển nhượng
UNRESOLVED:doc_chuong-iii_muc-5_dieu-45_khoan-8_diem-b_p42694:e3 | Nhận tặng cho
UNRESOLVED:doc_chuong-iii_muc-5_dieu-45_khoan-8_diem-b_p42694:e5 | Khu vực rừng phòng hộ
UNRESOLVED:doc_chuong-iii_muc-5_dieu-45_khoan-8_diem-b_p42694:e6 | Rừng đặc dụng
UNRESOLVED:doc_chuong-iii_muc-5_dieu-45_khoan-8_diem-c_p42959:e1 | Tổ chức, cá nhân, cộng đồng dân cư, tổ chức tôn giáo, tổ chức tôn giáo trực thuộc, người gốc Việt Nam định cư ở nước ngoài, tổ chức kinh tế có vốn đầu tư nước ngoài
UNRESOLVED:doc_chuong-iii_muc-5_dieu-45_khoan-8_diem-c_p42959:e3 | pháp luật không cho phép
UNRESOLVED:doc_chuong-iii_muc-5_dieu-46_khoan-1_diem-a_p43572:e1 | Tổ chức kinh tế, cá nhân, người gốc Việt Nam định cư ở nước ngoài, tổ chức kinh tế có vốn đầu tư nước ngoài
UNRESOLVED:doc_chuong-iii_muc-5_dieu-46_khoan-1_diem-a_p43572:e2 | Bán tài sản gắn liền với đất
UNRESOLVED:doc_chuong-iii_muc-5_dieu-46_khoan-1_diem-a_p43572:e4 | Được tạo lập hợp pháp và đã được đăng ký theo quy định của pháp luật
UNRESOLVED:doc_chuong-iii_muc-5_dieu-46_khoan-1_diem-b_p43672:e1 | Tổ chức kinh tế, cá nhân, người gốc Việt Nam định cư ở nước ngoài, tổ chức kinh tế có vốn đầu tư nước ngoài
UNRESOLVED:doc_chuong-iii_muc-5_dieu-46_khoan-1_diem-b_p43672:e2 | Bán tài sản gắn liền với đất
UNRESOLVED:doc_chuong-iii_muc-5_dieu-46_khoan-1_diem-b_p43672:e4 | Đã hoàn thành việc xây dựng theo đúng quy hoạch xây dựng chi tiết và dự án đầu tư đã được phê duyệt, chấp thuận (nếu có)
UNRESOLVED:doc_chuong-iii_muc-5_dieu-46_khoan-1_diem-b_p43672:e5 | Trừ trường hợp phải thực hiện theo bản án, quyết định của Tòa án đã có hiệu lực thi hành, quyết định cưỡng chế của cơ quan thi hành án dân sự hoặc kết luận của cơ quan nhà nước có thẩm quyền về thanh tra, kiểm tra
UNRESOLVED:doc_chuong-iii_muc-5_dieu-46_khoan-3_p44416:e2 | Sử dụng đất đúng mục đích
UNRESOLVED:doc_chuong-iii_muc-5_dieu-46_khoan-3_p44416:e5 | Điều này
UNRESOLVED:doc_chuong-iii_muc-5_dieu-46_khoan-4_p44769:e3 | Giấy chứng nhận quyền sử dụng đất
UNRESOLVED:doc_chuong-iii_muc-5_dieu-46_khoan-4_p44769:e4 | Quyền sở hữu tài sản gắn liền với đất
UNRESOLVED:doc_chuong-iii_muc-5_dieu-46_khoan-4_p44769:e5 | Điều kiện tách thửa
UNRESOLVED:doc_chuong-iii_muc-5_dieu-46_khoan-5_p44959:e2 | Bán tài sản gắn liền với đất
UNRESOLVED:doc_chuong-iii_muc-5_dieu-46_khoan-5_p44959:e3 | Điều kiện quy định tại khoản 1 Điều 45 của Luật này
UNRESOLVED:doc_chuong-iii_muc-5_dieu-46_khoan-5_p44959:e4 | Điều kiện khác theo quy định của Luật Kinh doanh bất động sản
UNRESOLVED:doc_chuong-iii_muc-5_dieu-47_p45245:e2 | Chuyển đổi
UNRESOLVED:doc_chuong-iii_muc-5_dieu-47_p45245:e4 | Không phải nộp thuế thu nhập
UNRESOLVED:doc_chuong-iii_muc-5_dieu-48_khoan-1_p45727:e4 | thừa kế
UNRESOLVED:doc_chuong-iii_muc-5_dieu-48_khoan-1_p45727:e7 | thu hồi đất
UNRESOLVED:doc_chuong-iii_muc-5_dieu-48_khoan-1_p45727:e8 | bồi thường tài sản gắn liền với đất
UNRESOLVED:doc_chuong-iii_muc-5_dieu-48_khoan-1_p45727:e11 | người có đất thu hồi
UNRESOLVED:doc_chuong-iii_muc-5_dieu-48_khoan-1_p45727:e13 | giao đất
UNRESOLVED:doc_chuong-iii_muc-5_dieu-48_khoan-1_p45727:e14 | cho thuê đất
UNRESOLVED:doc_chuong-iii_muc-5_dieu-48_khoan-2_p46774:e5 | Khoản 3 Điều 16
UNRESOLVED:doc_chuong-iii_muc-5_dieu-48_khoan-3_p46954:e7 | Thừa kế
UNRESOLVED:doc_chuong-iii_muc-5_dieu-48_khoan-3_p46954:e9 | Trừ trường hợp quy định tại khoản 1 và khoản 2
UNRESOLVED:doc_chuong-iii_muc-5_dieu-48_khoan-3_p46954:e10 | Khoản 3 Điều 16
UNRESOLVED:doc_chuong-iii_muc-5_dieu-48_khoan-4_p47212:e2 | quản lý
UNRESOLVED:doc_chuong-iii_muc-5_dieu-48_khoan-4_p47212:e4 | theo quy định tại khoản 1 Điều này
UNRESOLVED:doc_chuong-iii_muc-1_dieu-26_khoan-1_p223:e2 | Cấp Giấy chứng nhận quyền sử dụng đất
UNRESOLVED:doc_chuong-iii_muc-1_dieu-26_khoan-1_p223:e3 | Quyền sở hữu tài sản gắn liền với đất
UNRESOLVED:doc_chuong-iii_muc-1_dieu-26_khoan-1_p223:e4 | Điều kiện
UNRESOLVED:doc_chuong-iii_muc-1_dieu-26_khoan-1_p223:e5 | Quy định của pháp luật về đất đai
UNRESOLVED:doc_chuong-iii_muc-1_dieu-26_khoan-3_p433:e2 | Hưởng các lợi ích
UNRESOLVED:doc_chuong-iii_muc-1_dieu-26_khoan-4_p521:e2 | Hướng dẫn
UNRESOLVED:doc_chuong-iii_muc-1_dieu-26_khoan-4_p521:e3 | Giúp đỡ
UNRESOLVED:doc_chuong-iii_muc-1_dieu-26_khoan-4_p521:e4 | Cải tạo, phục hồi đất nông nghiệp
UNRESOLVED:doc_chuong-iii_muc-1_dieu-26_khoan-5_p602:e2 | Người khác
UNRESOLVED:doc_chuong-iii_muc-1_dieu-26_khoan-5_p602:e3 | Bảo hộ
UNRESOLVED:doc_chuong-iii_muc-1_dieu-26_khoan-5_p602:e4 | Quyền, lợi ích hợp pháp về đất đai
UNRESOLVED:doc_chuong-iii_muc-1_dieu-26_khoan-6_p692:e2 | Chuyển mục đích sử dụng đất
UNRESOLVED:doc_chuong-iii_muc-1_dieu-26_khoan-7_p803:e5 | Quy định của Luật này
UNRESOLVED:doc_chuong-iii_muc-1_dieu-26_khoan-8_p893:e5 | Hành vi vi phạm quyền sử dụng đất hợp pháp
UNRESOLVED:doc_chuong-iii_muc-1_dieu-26_khoan-8_p893:e6 | Hành vi khác vi phạm pháp luật về đất đai
UNRESOLVED:doc_chuong-iii_muc-1_dieu-27_khoan-1_p1179:e2 | Chuyển đổi
UNRESOLVED:doc_chuong-iii_muc-1_dieu-27_khoan-1_p1179:e5 | Cho thuê lại
UNRESOLVED:doc_chuong-iii_muc-1_dieu-27_khoan-1_p1179:e6 | Thừa kế
UNRESOLVED:doc_chuong-iii_muc-1_dieu-27_khoan-2_diem-a_p1496:e4 | Quyền và nghĩa vụ
UNRESOLVED:doc_chuong-iii_muc-1_dieu-27_khoan-2_diem-a_p1496:e5 | Quy định của Luật này
UNRESOLVED:doc_chuong-iii_muc-1_dieu-27_khoan-2_diem-b_p1814:e3 | Đăng ký biến động
UNRESOLVED:doc_chuong-iii_muc-1_dieu-27_khoan-2_diem-b_p1814:e4 | Tách thửa
UNRESOLVED:doc_chuong-iii_muc-1_dieu-27_khoan-2_diem-b_p1814:e5 | Cấp Giấy chứng nhận quyền sử dụng đất
UNRESOLVED:doc_chuong-iii_muc-1_dieu-27_khoan-2_diem-b_p1814:e6 | Quyền và nghĩa vụ của người sử dụng đất
UNRESOLVED:doc_chuong-iii_muc-1_dieu-27_khoan-2_diem-b_p1814:e7 | Ủy quyền
UNRESOLVED:doc_chuong-iii_muc-1_dieu-27_khoan-3_p2476:e3 | Hợp đồng
UNRESOLVED:doc_chuong-iii_muc-1_dieu-27_khoan-3_p2476:e4 | Văn bản
UNRESOLVED:doc_chuong-iii_muc-1_dieu-27_khoan-3_p2476:e5 | Quyền
UNRESOLVED:doc_chuong-iii_muc-1_dieu-27_khoan-3_diem-a_p2588:e1 | Hợp đồng chuyển nhượng
UNRESOLVED:doc_chuong-iii_muc-1_dieu-27_khoan-3_diem-a_p2588:e9 | Trừ trường hợp quy định tại điểm b khoản này
UNRESOLVED:doc_chuong-iii_muc-1_dieu-27_khoan-3_diem-b_p2794:e1 | Hợp đồng cho thuê
UNRESOLVED:doc_chuong-iii_muc-1_dieu-27_khoan-3_diem-b_p2794:e5 | Hợp đồng chuyển đổi quyền sử dụng đất nông nghiệp
UNRESOLVED:doc_chuong-iii_muc-1_dieu-27_khoan-3_diem-b_p2794:e6 | Hợp đồng chuyển nhượng
UNRESOLVED:doc_chuong-iii_muc-1_dieu-27_khoan-3_diem-b_p2794:e7 | Góp vốn bằng quyền sử dụng đất
UNRESOLVED:doc_chuong-iii_muc-1_dieu-28_khoan-1_diem-a_p3549:e2 | Chuyển đổi
UNRESOLVED:doc_chuong-iii_muc-1_dieu-28_khoan-1_diem-a_p3549:e4 | Điểm b khoản 1 Điều 37
UNRESOLVED:doc_chuong-iii_muc-1_dieu-28_khoan-1_diem-c_p3714:e4 | Khu công nghiệp, cụm công nghiệp, khu công nghệ cao
UNRESOLVED:doc_chuong-iii_muc-1_dieu-28_khoan-1_diem-d_p3930:e3 | Vốn đầu tư
UNRESOLVED:doc_chuong-iii_muc-1_dieu-28_khoan-1_diem-d_p3930:e5 | Quy định của Chính phủ
UNRESOLVED:doc_chuong-iii_muc-1_dieu-28_khoan-1_diem-h_p4356:e5 | Tặng cho nhà ở gắn liền với quyền sử dụng đất ở
UNRESOLVED:doc_chuong-iii_muc-1_dieu-28_khoan-1_diem-k_p5095:e10 | Cho thuê đất
UNRESOLVED:doc_chuong-iii_muc-1_dieu-28_khoan-1_diem-m_p5524:e6 | Kết quả hòa giải thành về tranh chấp đất đai
UNRESOLVED:doc_chuong-iii_muc-1_dieu-28_khoan-1_diem-m_p5524:e7 | Thỏa thuận trong hợp đồng thế chấp để xử lý nợ
UNRESOLVED:doc_chuong-iii_muc-1_dieu-28_khoan-1_diem-m_p5524:e8 | Quyết định của cơ quan nhà nước có thẩm quyền về giải quyết tranh chấp đất đai
UNRESOLVED:doc_chuong-iii_muc-1_dieu-28_khoan-1_diem-m_p5524:e9 | Bản án, quyết định của Tòa án
UNRESOLVED:doc_chuong-iii_muc-1_dieu-28_khoan-1_diem-m_p5524:e10 | Quyết định thi hành án của cơ quan thi hành án
UNRESOLVED:doc_chuong-iii_muc-1_dieu-28_khoan-1_diem-m_p5524:e11 | Quyết định hoặc phán quyết của Trọng tài thương mại Việt Nam
UNRESOLVED:doc_chuong-iii_muc-1_dieu-28_khoan-1_diem-m_p5524:e12 | Văn bản công nhận kết quả đấu giá quyền sử dụng đất
UNRESOLVED:doc_chuong-iii_muc-1_dieu-28_khoan-1_diem-m_p5524:e13 | Văn bản về việc chia, tách quyền sử dụng đất
UNRESOLVED:doc_chuong-iii_muc-1_dieu-28_khoan-1_diem-n_p6316:e5 | Kết quả hòa giải thành về tranh chấp đất đai
UNRESOLVED:doc_chuong-iii_muc-1_dieu-28_khoan-1_diem-n_p6316:e6 | Ủy ban nhân dân cấp có thẩm quyền
UNRESOLVED:doc_chuong-iii_muc-1_dieu-28_khoan-2_p7178:e5 | trừ trường hợp quy định tại khoản 8 Điều 45 và Điều 48
UNRESOLVED:doc_chuong-iii_muc-1_dieu-28_khoan-3_p7394:e1 | Khu vực hạn chế tiếp cận đất đai
UNRESOLVED:doc_chuong-iii_muc-1_dieu-28_khoan-3_p7394:e2 | Nhận quyền sử dụng đất
UNRESOLVED:doc_chuong-iii_muc-1_dieu-28_khoan-3_p7394:e3 | Trình tự, thủ tục
UNRESOLVED:doc_chuong-iii_muc-1_dieu-29_khoan-1_p7605:e1 | Quyền đối với thửa đất liền kề
UNRESOLVED:doc_chuong-iii_muc-1_dieu-29_khoan-1_p7605:e2 | lối đi
UNRESOLVED:doc_chuong-iii_muc-1_dieu-29_khoan-1_p7605:e3 | cấp nước
UNRESOLVED:doc_chuong-iii_muc-1_dieu-29_khoan-1_p7605:e4 | thoát nước
UNRESOLVED:doc_chuong-iii_muc-1_dieu-29_khoan-1_p7605:e5 | tưới nước
UNRESOLVED:doc_chuong-iii_muc-1_dieu-29_khoan-1_p7605:e6 | tiêu nước
UNRESOLVED:doc_chuong-iii_muc-1_dieu-29_khoan-1_p7605:e7 | cấp khí ga
UNRESOLVED:doc_chuong-iii_muc-1_dieu-29_khoan-1_p7605:e8 | lắp đường dây tải điện
UNRESOLVED:doc_chuong-iii_muc-1_dieu-29_khoan-1_p7605:e9 | thông tin liên lạc
UNRESOLVED:doc_chuong-iii_muc-1_dieu-29_khoan-1_p7605:e10 | các nhu cầu cần thiết khác
UNRESOLVED:doc_chuong-iii_muc-1_dieu-29_khoan-2_p7834:e1 | Quyền đối với thửa đất liền kề
UNRESOLVED:doc_chuong-iii_muc-1_dieu-29_khoan-2_p7834:e2 | Đăng ký
UNRESOLVED:doc_chuong-iii_muc-1_dieu-30_khoan-1_p8171:e3 | Chuyển sang thuê đất trả tiền thuê đất một lần
UNRESOLVED:doc_chuong-iii_muc-1_dieu-30_khoan-1_p8171:e4 | Giá đất
UNRESOLVED:doc_chuong-iii_muc-1_dieu-30_khoan-1_p8171:e5 | Thời gian thuê đất còn lại
UNRESOLVED:doc_chuong-iii_muc-1_dieu-30_khoan-3_p9133:e3 | Chuyển sang hình thức Nhà nước cho thuê đất thu tiền thuê đất hằng năm
UNRESOLVED:doc_chuong-iii_muc-1_dieu-30_khoan-3_p9133:e4 | Phần diện tích đó
UNRESOLVED:doc_chuong-iii_muc-1_dieu-31_khoan-1_p9477:e2 | Sử dụng đất
UNRESOLVED:doc_chuong-iii_muc-1_dieu-31_khoan-1_p9477:e3 | Mục đích
UNRESOLVED:doc_chuong-iii_muc-1_dieu-31_khoan-1_p9477:e4 | Ranh giới thửa đất
UNRESOLVED:doc_chuong-iii_muc-1_dieu-31_khoan-1_p9477:e5 | Quy định về sử dụng độ sâu trong lòng đất
UNRESOLVED:doc_chuong-iii_muc-1_dieu-31_khoan-1_p9477:e6 | Chiều cao trên không
UNRESOLVED:doc_chuong-iii_muc-1_dieu-31_khoan-1_p9477:e7 | Công trình công cộng trong lòng đất
UNRESOLVED:doc_chuong-iii_muc-1_dieu-31_khoan-1_p9477:e8 | Quy định khác của pháp luật có liên quan
UNRESOLVED:doc_chuong-iii_muc-1_dieu-31_khoan-2_p9703:e3 | Thủ tục
UNRESOLVED:doc_chuong-iii_muc-1_dieu-31_khoan-2_p9703:e4 | Chuyển đổi
UNRESOLVED:doc_chuong-iii_muc-1_dieu-31_khoan-2_p9703:e7 | Cho thuê lại
UNRESOLVED:doc_chuong-iii_muc-1_dieu-31_khoan-2_p9703:e8 | Thừa kế
UNRESOLVED:doc_chuong-iii_muc-1_dieu-31_khoan-3_p9925:e2 | Thực hiện nghĩa vụ tài chính về đất đai
UNRESOLVED:doc_chuong-iii_muc-1_dieu-31_khoan-4_p9994:e2 | Thực hiện biện pháp bảo vệ đất
UNRESOLVED:doc_chuong-iii_muc-1_dieu-31_khoan-4_p9994:e3 | Khu vực đất bị ô nhiễm, thoái hóa
UNRESOLVED:doc_chuong-iii_muc-1_dieu-31_khoan-5_p10115:e2 | Tuân thủ quy định về bảo vệ môi trường
UNRESOLVED:doc_chuong-iii_muc-1_dieu-31_khoan-5_p10115:e3 | Tài sản và lợi ích hợp pháp
UNRESOLVED:doc_chuong-iii_muc-1_dieu-31_khoan-7_p10310:e2 | Bàn giao lại đất
UNRESOLVED:doc_chuong-iii_muc-1_dieu-31_khoan-7_p10310:e4 | Theo quy định của pháp luật
UNRESOLVED:doc_chuong-iii_muc-2_dieu-32_khoan-1_p10650:e1 | Tổ chức trong nước, tổ chức tôn giáo, tổ chức tôn giáo trực thuộc
UNRESOLVED:doc_chuong-iii_muc-2_dieu-32_khoan-1_p10650:e4 | Quyền và nghĩa vụ chung
UNRESOLVED:doc_chuong-iii_muc-2_dieu-32_khoan-2_p10839:e1 | Tổ chức trong nước, tổ chức tôn giáo, tổ chức tôn giáo trực thuộc
UNRESOLVED:doc_chuong-iii_muc-2_dieu-32_khoan-2_p10839:e3 | Quyền chuyển đổi, chuyển nhượng, tặng cho, cho thuê quyền sử dụng đất, thế chấp, góp vốn bằng quyền sử dụng đất
UNRESOLVED:doc_chuong-iii_muc-2_dieu-33_khoan-1_p11236:e3 | Giao đất
UNRESOLVED:doc_chuong-iii_muc-2_dieu-33_khoan-1_p11236:e4 | Thu tiền sử dụng đất
UNRESOLVED:doc_chuong-iii_muc-2_dieu-33_khoan-1_p11236:e5 | Cho thuê đất
UNRESOLVED:doc_chuong-iii_muc-2_dieu-33_khoan-1_p11236:e6 | Thu tiền thuê đất
UNRESOLVED:doc_chuong-iii_muc-2_dieu-33_khoan-1_p11236:e7 | Một lần cho cả thời gian thuê
UNRESOLVED:doc_chuong-iii_muc-2_dieu-33_khoan-1_diem-a_p11392:e2 | Quyền và nghĩa vụ chung
UNRESOLVED:doc_chuong-iii_muc-2_dieu-33_khoan-1_diem-a_p11392:e3 | Điều 26 và Điều 31 của Luật này
UNRESOLVED:doc_chuong-iii_muc-2_dieu-33_khoan-1_diem-d_p12187:e8 | quy định của pháp luật
UNRESOLVED:doc_chuong-iii_muc-2_dieu-33_khoan-2_p12614:e3 | Thuê đất
UNRESOLVED:doc_chuong-iii_muc-2_dieu-33_khoan-2_p12614:e5 | Thời gian thuê
UNRESOLVED:doc_chuong-iii_muc-2_dieu-33_khoan-2_p12614:e6 | Điều 202
UNRESOLVED:doc_chuong-iii_muc-2_dieu-33_khoan-2_p12614:e7 | Quyền và nghĩa vụ
UNRESOLVED:doc_chuong-iii_muc-2_dieu-33_khoan-3_diem-a_p13127:e4 | quyền và nghĩa vụ
UNRESOLVED:doc_chuong-iii_muc-2_dieu-33_khoan-3_diem-a_p13127:e5 | miễn hoặc giảm tiền sử dụng đất
UNRESOLVED:doc_chuong-iii_muc-2_dieu-33_khoan-3_diem-b_p13433:e3 | Giao đất
UNRESOLVED:doc_chuong-iii_muc-2_dieu-33_khoan-3_diem-b_p13433:e4 | Cho thuê đất
UNRESOLVED:doc_chuong-iii_muc-2_dieu-33_khoan-3_diem-b_p13433:e5 | Quyền và nghĩa vụ
UNRESOLVED:doc_chuong-iii_muc-2_dieu-33_khoan-3_diem-b_p13433:e8 | Miễn, giảm tiền sử dụng đất, tiền thuê đất
UNRESOLVED:doc_chuong-iii_muc-2_dieu-33_khoan-3_diem-b_p13433:e9 | Trừ trường hợp pháp luật có liên quan có quy định khác
UNRESOLVED:doc_chuong-iii_muc-2_dieu-34_khoan-1_diem-a_p14396:e1 | Tổ chức kinh tế, tổ chức tôn giáo, tổ chức tôn giáo trực thuộc
UNRESOLVED:doc_chuong-iii_muc-2_dieu-34_khoan-1_diem-a_p14396:e3 | Quyền và nghĩa vụ chung
UNRESOLVED:doc_chuong-iii_muc-2_dieu-34_khoan-1_diem-a_p14396:e4 | Điều 26 và Điều 31 của Luật này
UNRESOLVED:doc_chuong-iii_muc-2_dieu-34_khoan-1_diem-b_p14466:e2 | Thế chấp tài sản thuộc sở hữu của mình gắn liền với đất
UNRESOLVED:doc_chuong-iii_muc-2_dieu-34_khoan-1_diem-b_p14466:e3 | Tài sản
UNRESOLVED:doc_chuong-iii_muc-2_dieu-34_khoan-1_diem-c_p14648:e1 | Tổ chức kinh tế, tổ chức tôn giáo, tổ chức tôn giáo trực thuộc
UNRESOLVED:doc_chuong-iii_muc-2_dieu-34_khoan-1_diem-c_p14648:e2 | Bán tài sản thuộc sở hữu của mình gắn liền với đất
UNRESOLVED:doc_chuong-iii_muc-2_dieu-34_khoan-1_diem-c_p14648:e3 | Quyền thuê trong hợp đồng thuê đất
UNRESOLVED:doc_chuong-iii_muc-2_dieu-34_khoan-1_diem-c_p14648:e5 | Người mua tài sản gắn liền với đất và quyền thuê trong hợp đồng thuê đất
UNRESOLVED:doc_chuong-iii_muc-2_dieu-34_khoan-1_diem-c_p14648:e6 | Tiếp tục thuê đất
UNRESOLVED:doc_chuong-iii_muc-2_dieu-34_khoan-1_diem-c_p14648:e7 | Các quyền và nghĩa vụ của người sử dụng đất
UNRESOLVED:doc_chuong-iii_muc-2_dieu-34_khoan-1_diem-d_p15135:e1 | Tổ chức kinh tế, tổ chức tôn giáo, tổ chức tôn giáo trực thuộc
UNRESOLVED:doc_chuong-iii_muc-2_dieu-34_khoan-1_diem-d_p15135:e2 | Góp vốn bằng tài sản thuộc sở hữu của mình gắn liền với đất
UNRESOLVED:doc_chuong-iii_muc-2_dieu-34_khoan-1_diem-d_p15135:e6 | Tiếp tục cho thuê đất
UNRESOLVED:doc_chuong-iii_muc-2_dieu-34_khoan-1_diem-d_p15343:e1 | Tổ chức kinh tế, tổ chức tôn giáo, tổ chức tôn giáo trực thuộc
UNRESOLVED:doc_chuong-iii_muc-2_dieu-34_khoan-1_diem-d_p15343:e2 | Cho thuê tài sản thuộc sở hữu của mình gắn liền với đất và quyền thuê trong hợp đồng thuê đất
UNRESOLVED:doc_chuong-iii_muc-2_dieu-34_khoan-1_diem-e_p15442:e1 | Tổ chức kinh tế, tổ chức tôn giáo, tổ chức tôn giáo trực thuộc
UNRESOLVED:doc_chuong-iii_muc-2_dieu-34_khoan-1_diem-e_p15442:e5 | Nghĩa vụ tài chính
UNRESOLVED:doc_chuong-iii_muc-2_dieu-34_khoan-2_p15825:e6 | Quyền góp vốn
UNRESOLVED:doc_chuong-iii_muc-2_dieu-34_khoan-2_p15825:e7 | Quyền thuê
UNRESOLVED:doc_chuong-iii_muc-2_dieu-34_khoan-2_p15825:e8 | Mục đích khác
UNRESOLVED:doc_chuong-iii_muc-2_dieu-34_khoan-2_diem-a_p16355:e4 | Khai thác, sử dụng
UNRESOLVED:doc_chuong-iii_muc-2_dieu-34_khoan-2_diem-a_p16355:e5 | Phương án được cơ quan chủ quản phê duyệt
UNRESOLVED:doc_chuong-iii_muc-2_dieu-34_khoan-2_diem-a_p16355:e6 | Pháp luật về xây dựng
UNRESOLVED:doc_chuong-iii_muc-2_dieu-34_khoan-2_diem-a_p16355:e7 | Quy định của pháp luật
UNRESOLVED:doc_chuong-iii_muc-2_dieu-34_khoan-2_diem-b_p16777:e3 | Tài sản công
UNRESOLVED:doc_chuong-iii_muc-2_dieu-34_khoan-2_diem-b_p16777:e4 | Đề án sử dụng tài sản công
UNRESOLVED:doc_chuong-iii_muc-2_dieu-34_khoan-2_diem-b_p16777:e5 | Mục đích cho thuê, liên doanh, liên kết
UNRESOLVED:doc_chuong-iii_muc-2_dieu-34_khoan-3_p17074:e3 | Quyền và nghĩa vụ
UNRESOLVED:doc_chuong-iii_muc-2_dieu-35_khoan-1_p17394:e2 | Quyền và nghĩa vụ chung
UNRESOLVED:doc_chuong-iii_muc-2_dieu-35_khoan-1_p17394:e3 | Điều 26 và Điều 31
UNRESOLVED:doc_chuong-iii_muc-2_dieu-35_khoan-2_p17549:e4 | Quyền và nghĩa vụ
UNRESOLVED:doc_chuong-iii_muc-2_dieu-35_khoan-3_diem-a_p17947:e2 | Nhận chuyển nhượng
UNRESOLVED:doc_chuong-iii_muc-2_dieu-35_khoan-3_diem-a_p17947:e3 | Không chuyển mục đích sử dụng đất
UNRESOLVED:doc_chuong-iii_muc-2_dieu-35_khoan-3_diem-a_p17947:e4 | Quyền và nghĩa vụ quy định tại khoản 1 và khoản 3 Điều 33
UNRESOLVED:doc_chuong-iii_muc-2_dieu-35_khoan-3_diem-b_p18093:e4 | Chuyển mục đích sử dụng đất
UNRESOLVED:doc_chuong-iii_muc-2_dieu-35_khoan-3_diem-b_p18093:e5 | Quyền và nghĩa vụ
UNRESOLVED:doc_chuong-iii_muc-2_dieu-35_khoan-3_diem-b_p18093:e7 | Giao đất có thu tiền sử dụng đất
UNRESOLVED:doc_chuong-iii_muc-2_dieu-35_khoan-3_diem-b_p18093:e8 | Cho thuê đất thu tiền thuê đất một lần cho cả thời gian thuê
UNRESOLVED:doc_chuong-iii_muc-2_dieu-35_khoan-3_diem-c_p18366:e4 | Chuyển mục đích sử dụng đất
UNRESOLVED:doc_chuong-iii_muc-2_dieu-35_khoan-3_diem-c_p18366:e5 | Quyền và nghĩa vụ
UNRESOLVED:doc_chuong-iii_muc-2_dieu-35_khoan-3_diem-c_p18366:e6 | Điều 34
UNRESOLVED:doc_chuong-iii_muc-2_dieu-35_khoan-3_diem-c_p18366:e7 | Thuê đất thu tiền thuê đất hằng năm
UNRESOLVED:doc_chuong-iii_muc-2_dieu-35_khoan-4_diem-a_p18800:e2 | Quyền và nghĩa vụ
UNRESOLVED:doc_chuong-iii_muc-2_dieu-35_khoan-4_diem-b_p19014:e2 | cho thuê đất
UNRESOLVED:doc_chuong-iii_muc-2_dieu-35_khoan-4_diem-b_p19014:e4 | quyền và nghĩa vụ
UNRESOLVED:doc_chuong-iii_muc-2_dieu-35_khoan-4_diem-b_p19014:e5 | khoản 1 Điều 34
UNRESOLVED:doc_chuong-iii_muc-2_dieu-36_khoan-1_p19302:e3 | Quyền và nghĩa vụ quy định tại Điều 33 của Luật này
UNRESOLVED:doc_chuong-iii_muc-2_dieu-36_khoan-1_p19302:e5 | Trong các trường hợp sau đây
UNRESOLVED:doc_chuong-iii_muc-2_dieu-36_khoan-2_diem-a_p19897:e2 | Thu hồi đất
UNRESOLVED:doc_chuong-iii_muc-2_dieu-36_khoan-2_diem-b_p20347:e2 | Hợp tác xã
UNRESOLVED:doc_chuong-iii_muc-2_dieu-36_khoan-2_diem-b_p20347:e4 | Điều lệ của hợp tác xã
UNRESOLVED:doc_chuong-iii_muc-2_dieu-36_khoan-2_diem-b_p20347:e5 | Nghị quyết của đại hội thành viên
UNRESOLVED:doc_chuong-iii_muc-2_dieu-36_khoan-3_p20984:e4 | giải thể
UNRESOLVED:doc_chuong-iii_muc-2_dieu-36_khoan-3_p20984:e5 | phá sản
UNRESOLVED:doc_chuong-iii_muc-3_dieu-37_khoan-1_diem-b_p21698:e2 | Chuyển đổi
UNRESOLVED:doc_chuong-iii_muc-3_dieu-37_khoan-1_diem-d_p21866:e5 | Thuê
UNRESOLVED:doc_chuong-iii_muc-3_dieu-37_khoan-1_diem-d_p22025:e5 | Giá trị của phần thừa kế đó
UNRESOLVED:doc_chuong-iii_muc-3_dieu-37_khoan-1_diem-e_p22461:e6 | Nhà tình nghĩa, nhà tình thương, nhà đại đoàn kết
UNRESOLVED:doc_chuong-iii_muc-3_dieu-37_khoan-1_diem-g_p22984:e5 | tổ chức kinh tế khác hoặc cá nhân
UNRESOLVED:doc_chuong-iii_muc-3_dieu-37_khoan-2_diem-b_p23547:e3 | Bán tài sản thuộc sở hữu của mình gắn liền với đất
UNRESOLVED:doc_chuong-iii_muc-3_dieu-37_khoan-2_diem-b_p23547:e4 | Quyền thuê trong hợp đồng thuê đất
UNRESOLVED:doc_chuong-iii_muc-3_dieu-37_khoan-2_diem-b_p23547:e7 | Kế thừa các quyền và nghĩa vụ của người sử dụng đất
UNRESOLVED:doc_chuong-iii_muc-3_dieu-37_khoan-2_diem-c_p24048:e2 | Người được tặng cho tài sản
UNRESOLVED:doc_chuong-iii_muc-3_dieu-37_khoan-2_diem-c_p24048:e3 | Quyền thuê trong hợp đồng thuê đất
UNRESOLVED:doc_chuong-iii_muc-3_dieu-37_khoan-2_diem-c_p24048:e6 | Cho thuê đất
UNRESOLVED:doc_chuong-iii_muc-3_dieu-37_khoan-2_diem-d_p24309:e4 | Quyền thuê trong hợp đồng thuê đất
UNRESOLVED:doc_chuong-iii_muc-3_dieu-37_khoan-2_diem-d_p24415:e3 | Tài sản
UNRESOLVED:doc_chuong-iii_muc-3_dieu-37_khoan-2_diem-e_p24600:e3 | Tài sản
UNRESOLVED:doc_chuong-iii_muc-3_dieu-37_khoan-2_diem-e_p24600:e4 | Thời hạn
UNRESOLVED:doc_chuong-iii_muc-3_dieu-37_khoan-3_diem-a_p24987:e1 | Cá nhân thuê lại đất
UNRESOLVED:doc_chuong-iii_muc-3_dieu-37_khoan-3_diem-a_p24987:e2 | Trả tiền thuê đất một lần cho cả thời gian thuê
UNRESOLVED:doc_chuong-iii_muc-3_dieu-37_khoan-3_diem-a_p24987:e3 | Quyền và nghĩa vụ quy định tại khoản 1 Điều này
UNRESOLVED:doc_chuong-iii_muc-3_dieu-37_khoan-3_diem-b_p25125:e1 | Cá nhân thuê lại đất
UNRESOLVED:doc_chuong-iii_muc-3_dieu-37_khoan-3_diem-b_p25125:e2 | Quyền và nghĩa vụ
UNRESOLVED:doc_chuong-iii_muc-3_dieu-37_khoan-3_diem-b_p25125:e4 | Trong khu công nghiệp, cụm công nghiệp, khu công nghệ cao
UNRESOLVED:doc_chuong-iii_muc-3_dieu-37_khoan-3_diem-b_p25125:e5 | khoản 2 Điều này
UNRESOLVED:doc_chuong-iii_muc-3_dieu-37_khoan-4_p25242:e3 | Giao đất
UNRESOLVED:doc_chuong-iii_muc-3_dieu-37_khoan-4_p25242:e4 | Cho thuê đất
UNRESOLVED:doc_chuong-iii_muc-3_dieu-37_khoan-4_p25242:e5 | Miễn, giảm tiền sử dụng đất, tiền thuê đất
UNRESOLVED:doc_chuong-iii_muc-3_dieu-37_khoan-4_p25242:e6 | Không được miễn, không được giảm tiền sử dụng đất, tiền thuê đất
UNRESOLVED:doc_chuong-iii_muc-3_dieu-37_khoan-5_p25444:e2 | Tổ chức, cá nhân
UNRESOLVED:doc_chuong-iii_muc-3_dieu-37_khoan-5_p25444:e3 | Quyền và nghĩa vụ
UNRESOLVED:doc_chuong-iii_muc-3_dieu-38_khoan-1_p25756:e2 | Chuyển mục đích sử dụng đất
UNRESOLVED:doc_chuong-iii_muc-3_dieu-38_khoan-1_p25756:e3 | Đất được Nhà nước giao đất không thu tiền sử dụng đất
UNRESOLVED:doc_chuong-iii_muc-3_dieu-38_khoan-1_p25756:e4 | Đất được Nhà nước giao đất có thu tiền sử dụng đất
UNRESOLVED:doc_chuong-iii_muc-3_dieu-38_khoan-2_diem-a_p26278:e2 | Quyền và nghĩa vụ quy định tại khoản 1 Điều 37 của Luật này
UNRESOLVED:doc_chuong-iii_muc-3_dieu-38_khoan-2_diem-a_p26278:e3 | Chuyển mục đích sử dụng đất
UNRESOLVED:doc_chuong-iii_muc-3_dieu-38_khoan-2_diem-a_p26278:e7 | Thời gian thuê
UNRESOLVED:doc_chuong-iii_muc-3_dieu-38_khoan-2_diem-b_p26470:e2 | Quyền và nghĩa vụ
UNRESOLVED:doc_chuong-iii_muc-3_dieu-38_khoan-2_diem-b_p26470:e4 | Trường hợp
UNRESOLVED:doc_chuong-iii_muc-3_dieu-38_khoan-2_diem-b_p26470:e5 | khoản 2 Điều 37
UNRESOLVED:doc_chuong-iii_muc-3_dieu-39_khoan-1_p26663:e2 | quyền và nghĩa vụ chung
UNRESOLVED:doc_chuong-iii_muc-3_dieu-39_khoan-2_p26765:e2 | quyền và nghĩa vụ
UNRESOLVED:doc_chuong-iii_muc-3_dieu-39_khoan-2_p26765:e3 | quyền để thừa kế
UNRESOLVED:doc_chuong-iii_muc-3_dieu-39_khoan-2_p26765:e5 | giao đất không thu tiền sử dụng đất
UNRESOLVED:doc_chuong-iii_muc-3_dieu-39_khoan-2_p26765:e6 | quyền chuyển đổi, chuyển nhượng, tặng cho, cho thuê quyền sử dụng đất, thế chấp, góp vốn bằng quyền sử dụng đất
UNRESOLVED:doc_chuong-iii_muc-4_dieu-40_khoan-1_diem-a_p27536:e2 | Quyền và nghĩa vụ chung
UNRESOLVED:doc_chuong-iii_muc-4_dieu-40_khoan-1_diem-a_p27536:e3 | Điều 26 và Điều 31 của Luật này
UNRESOLVED:doc_chuong-iii_muc-4_dieu-40_khoan-1_diem-b_p27606:e2 | Xây dựng
UNRESOLVED:doc_chuong-iii_muc-4_dieu-40_khoan-1_diem-b_p27606:e4 | giấy phép
UNRESOLVED:doc_chuong-iii_muc-4_dieu-40_khoan-1_diem-b_p27606:e5 | cơ quan nhà nước Việt Nam có thẩm quyền
UNRESOLVED:doc_chuong-iii_muc-4_dieu-40_khoan-1_diem-c_p27699:e2 | Sở hữu công trình do mình xây dựng trên đất thuê trong thời hạn thuê đất
UNRESOLVED:doc_chuong-iii_muc-4_dieu-40_khoan-1_diem-c_p27699:e3 | đất thuê
UNRESOLVED:doc_chuong-iii_muc-4_dieu-40_khoan-1_diem-d_p27773:e2 | Trả lại đất
UNRESOLVED:doc_chuong-iii_muc-4_dieu-40_khoan-1_diem-d_p27773:e4 | Điều ước quốc tế
UNRESOLVED:doc_chuong-iii_muc-4_dieu-40_khoan-1_diem-d_p27773:e5 | Thỏa thuận quốc tế
UNRESOLVED:doc_chuong-iii_muc-4_dieu-40_khoan-1_diem-d_p27773:e6 | Quy định của pháp luật
UNRESOLVED:doc_chuong-iii_muc-4_dieu-40_khoan-2_p28006:e2 | Quyền và nghĩa vụ
UNRESOLVED:doc_chuong-iii_muc-4_dieu-40_khoan-2_p28006:e3 | Điều ước quốc tế
UNRESOLVED:doc_chuong-iii_muc-4_dieu-40_khoan-2_p28006:e5 | Điều ước quốc tế đó
UNRESOLVED:doc_chuong-iii_muc-4_dieu-41_khoan-1_p28366:e5 | Quyền và nghĩa vụ
UNRESOLVED:doc_chuong-iii_muc-4_dieu-41_khoan-2_p28544:e4 | Cho thuê đất
UNRESOLVED:doc_chuong-iii_muc-4_dieu-41_khoan-2_p28544:e5 | Thu tiền thuê đất hằng năm
UNRESOLVED:doc_chuong-iii_muc-4_dieu-41_khoan-2_diem-b_p28784:e1 | Người gốc Việt Nam định cư ở nước ngoài, tổ chức kinh tế có vốn đầu tư nước ngoài
UNRESOLVED:doc_chuong-iii_muc-4_dieu-41_khoan-2_diem-c_p28899:e3 | Góp vốn bằng tài sản thuộc sở hữu của mình gắn liền với đất
UNRESOLVED:doc_chuong-iii_muc-4_dieu-41_khoan-2_diem-c_p28899:e7 | Người nhận góp vốn bằng tài sản
UNRESOLVED:doc_chuong-iii_muc-4_dieu-41_khoan-2_diem-c_p28899:e8 | Cho thuê đất
UNRESOLVED:doc_chuong-iii_muc-4_dieu-41_khoan-2_diem-c_p28899:e9 | Mục đích đã được xác định
UNRESOLVED:doc_chuong-iii_muc-4_dieu-41_khoan-2_diem-d_p29112:e3 | Bán tài sản thuộc sở hữu của mình gắn liền với đất
UNRESOLVED:doc_chuong-iii_muc-4_dieu-41_khoan-2_diem-d_p29112:e4 | Quyền thuê trong hợp đồng thuê đất
UNRESOLVED:doc_chuong-iii_muc-4_dieu-41_khoan-2_diem-d_p29112:e5 | Điều kiện quy định tại Điều 46 của Luật này
UNRESOLVED:doc_chuong-iii_muc-4_dieu-41_khoan-2_diem-d_p29112:e7 | Tiếp tục thuê đất
UNRESOLVED:doc_chuong-iii_muc-4_dieu-41_khoan-2_diem-d_p29112:e8 | Mục đích đã được xác định
UNRESOLVED:doc_chuong-iii_muc-4_dieu-41_khoan-2_diem-d_p29112:e9 | Thời hạn sử dụng đất còn lại
UNRESOLVED:doc_chuong-iii_muc-4_dieu-41_khoan-2_diem-d_p29572:e1 | Người gốc Việt Nam định cư ở nước ngoài, tổ chức kinh tế có vốn đầu tư nước ngoài
UNRESOLVED:doc_chuong-iii_muc-4_dieu-41_khoan-2_diem-d_p29572:e3 | Tài sản thuộc sở hữu của mình gắn liền với đất và quyền thuê trong hợp đồng thuê đất
UNRESOLVED:doc_chuong-iii_muc-4_dieu-41_khoan-2_diem-e_p29670:e5 | Đất đã được xây dựng xong kết cấu hạ tầng
UNRESOLVED:doc_chuong-iii_muc-4_dieu-41_khoan-2_diem-e_p29670:e6 | Sử dụng đất đúng mục đích
UNRESOLVED:doc_chuong-iii_muc-4_dieu-41_khoan-2_diem-e_p29670:e7 | Thực hiện nghĩa vụ tài chính
UNRESOLVED:doc_chuong-iii_muc-4_dieu-41_khoan-2_diem-e_p29670:e8 | Đất khu công nghiệp, cụm công nghiệp, khu công nghệ cao
UNRESOLVED:doc_chuong-iii_muc-4_dieu-41_khoan-3_p30039:e4 | Cho thuê đất
UNRESOLVED:doc_chuong-iii_muc-4_dieu-41_khoan-3_p30039:e5 | Giao đất
UNRESOLVED:doc_chuong-iii_muc-4_dieu-41_khoan-3_diem-c_p30516:e5 | Cho thuê lại
UNRESOLVED:doc_chuong-iii_muc-4_dieu-41_khoan-4_p30850:e2 | Sử dụng đất
UNRESOLVED:doc_chuong-iii_muc-4_dieu-41_khoan-4_p30850:e3 | Nộp tiền sử dụng đất
UNRESOLVED:doc_chuong-iii_muc-4_dieu-41_khoan-4_p30850:e4 | Trả tiền thuê đất
UNRESOLVED:doc_chuong-iii_muc-4_dieu-41_khoan-4_p30850:e5 | Quyền và nghĩa vụ
UNRESOLVED:doc_chuong-iii_muc-4_dieu-41_khoan-4_p30850:e6 | Điều này
UNRESOLVED:doc_chuong-iii_muc-4_dieu-41_khoan-5_p31108:e4 | Giao đất
UNRESOLVED:doc_chuong-iii_muc-4_dieu-41_khoan-5_p31108:e5 | Cho thuê đất
UNRESOLVED:doc_chuong-iii_muc-4_dieu-41_khoan-5_p31108:e6 | Miễn, giảm tiền sử dụng đất, tiền thuê đất
UNRESOLVED:doc_chuong-iii_muc-4_dieu-41_khoan-5_p31108:e7 | Quyền và nghĩa vụ quy định tại khoản 3 Điều 33
UNRESOLVED:doc_chuong-iii_muc-4_dieu-42_khoan-1_p31581:e5 | Quyền và nghĩa vụ quy định tại khoản 3 Điều 41
UNRESOLVED:doc_chuong-iii_muc-4_dieu-42_khoan-2_diem-a_p32028:e2 | Quyền và nghĩa vụ
UNRESOLVED:doc_chuong-iii_muc-4_dieu-42_khoan-2_diem-a_p32028:e5 | thu tiền thuê đất hằng năm
UNRESOLVED:doc_chuong-iii_muc-4_dieu-42_khoan-2_diem-b_p32355:e4 | Điều 41
UNRESOLVED:doc_chuong-iii_muc-4_dieu-42_khoan-2_diem-c_p32703:e4 | Điều 41
UNRESOLVED:doc_chuong-iii_muc-4_dieu-42_khoan-3_p33000:e6 | Quyền
UNRESOLVED:doc_chuong-iii_muc-4_dieu-42_khoan-3_p33000:e7 | Nghĩa vụ
UNRESOLVED:doc_chuong-iii_muc-4_dieu-43_khoan-1_p33702:e4 | khu công nghiệp, cụm công nghiệp, khu công nghệ cao
UNRESOLVED:doc_chuong-iii_muc-4_dieu-43_khoan-2_diem-a_p34109:e3 | Trả tiền thuê đất một lần cho cả thời gian thuê
UNRESOLVED:doc_chuong-iii_muc-4_dieu-43_khoan-2_diem-a_p34109:e4 | Trả tiền thuê lại đất một lần cho cả thời gian thuê lại
UNRESOLVED:doc_chuong-iii_muc-4_dieu-43_khoan-2_diem-a_p34109:e5 | Quyền và nghĩa vụ quy định tại khoản 1 và khoản 3 Điều 33
UNRESOLVED:doc_chuong-iii_muc-4_dieu-43_khoan-2_diem-b_p34304:e3 | Trả tiền thuê đất, thuê lại đất hằng năm
UNRESOLVED:doc_chuong-iii_muc-4_dieu-43_khoan-2_diem-b_p34304:e4 | Quyền và nghĩa vụ quy định tại khoản 1 Điều 34 của Luật này
UNRESOLVED:doc_chuong-iii_muc-4_dieu-44_khoan-1_p34692:e4 | Nhập cảnh vào Việt Nam
UNRESOLVED:doc_chuong-iii_muc-4_dieu-44_khoan-1_p34692:e5 | Chuyển quyền sử dụng đất ở
UNRESOLVED:doc_chuong-iii_muc-4_dieu-44_khoan-2_p34926:e2 | quyền
UNRESOLVED:doc_chuong-iii_muc-4_dieu-44_khoan-2_p34926:e3 | nghĩa vụ
UNRESOLVED:doc_chuong-iii_muc-4_dieu-44_khoan-2_diem-a_p35046:e2 | Quyền và nghĩa vụ chung
UNRESOLVED:doc_chuong-iii_muc-4_dieu-44_khoan-2_diem-a_p35046:e3 | Điều 26 và Điều 31
UNRESOLVED:doc_chuong-iii_muc-4_dieu-44_khoan-2_diem-b_p35116:e2 | Chuyển quyền sử dụng đất ở
UNRESOLVED:doc_chuong-iii_muc-4_dieu-44_khoan-2_diem-b_p35116:e4 | Giấy chứng nhận quyền sử dụng đất
UNRESOLVED:doc_chuong-iii_muc-4_dieu-44_khoan-3_p35912:e2 | Giấy chứng nhận quyền sử dụng đất, quyền sở hữu tài sản gắn liền với đất
UNRESOLVED:doc_chuong-iii_muc-4_dieu-44_khoan-3_diem-b_p36548:e1 | Người được tặng cho
UNRESOLVED:doc_chuong-iii_muc-4_dieu-44_khoan-3_diem-b_p36548:e3 | Điểm e khoản 1 Điều 37
UNRESOLVED:doc_chuong-iii_muc-4_dieu-44_khoan-3_diem-c_p36840:e3 | Tổ chức đăng ký đất đai
UNRESOLVED:doc_chuong-iii_muc-4_dieu-44_khoan-3_diem-c_p36840:e4 | Sổ địa chính
UNRESOLVED:doc_chuong-iii_muc-4_dieu-44_khoan-3_diem-c_p36840:e5 | Trong trường hợp chưa chuyển nhượng hoặc chưa tặng cho quyền sử dụng đất
UNRESOLVED:doc_chuong-iii_muc-4_dieu-44_khoan-4_p37072:e2 | Nhà ở
UNRESOLVED:doc_chuong-iii_muc-4_dieu-44_khoan-4_p37072:e4 | Giấy chứng nhận quyền sử dụng đất, quyền sở hữu tài sản gắn liền với đất
UNRESOLVED:doc_chuong-iii_muc-4_dieu-44_khoan-4_p37072:e5 | Hồ sơ về việc nhận thừa kế
UNRESOLVED:doc_chuong-iii_muc-4_dieu-44_khoan-4_p37072:e6 | Sổ địa chính
UNRESOLVED:doc_chuong-iii_muc-4_dieu-44_khoan-4_p37072:e7 | Phân chia thừa kế
UNRESOLVED:doc_chuong-iii_muc-4_dieu-44_khoan-4_p37072:e9 | Người đại diện theo ủy quyền
UNRESOLVED:doc_chuong-iii_muc-4_dieu-44_khoan-5_p38031:e2 | Ủy quyền
UNRESOLVED:doc_chuong-iii_muc-4_dieu-44_khoan-5_p38031:e3 | Trông nom hoặc tạm sử dụng đất
UNRESOLVED:doc_chuong-iii_muc-4_dieu-44_khoan-5_p38031:e4 | Nghĩa vụ
UNRESOLVED:doc_chuong-iii_muc-4_dieu-44_khoan-5_p38031:e5 | Quy định của pháp luật về đất đai
UNRESOLVED:doc_chuong-iii_muc-5_dieu-45_khoan-1_p38579:e2 | Chuyển đổi
UNRESOLVED:doc_chuong-iii_muc-5_dieu-45_khoan-1_p38579:e5 | Cho thuê lại
UNRESOLVED:doc_chuong-iii_muc-5_dieu-45_khoan-1_p38579:e6 | Thừa kế
UNRESOLVED:doc_chuong-iii_muc-5_dieu-45_khoan-1_diem-a_p38784:e2 | Giấy chứng nhận quyền sử dụng đất
UNRESOLVED:doc_chuong-iii_muc-5_dieu-45_khoan-1_diem-a_p38784:e3 | Giấy chứng nhận quyền sở hữu nhà ở và quyền sử dụng đất ở
UNRESOLVED:doc_chuong-iii_muc-5_dieu-45_khoan-1_diem-a_p38784:e4 | Giấy chứng nhận quyền sử dụng đất, quyền sở hữu nhà ở và tài sản khác gắn liền với đất
UNRESOLVED:doc_chuong-iii_muc-5_dieu-45_khoan-1_diem-a_p38784:e5 | Giấy chứng nhận quyền sử dụng đất, quyền sở hữu tài sản gắn liền với đất
UNRESOLVED:doc_chuong-iii_muc-5_dieu-45_khoan-1_diem-a_p38784:e6 | thừa kế quyền sử dụng đất
UNRESOLVED:doc_chuong-iii_muc-5_dieu-45_khoan-1_diem-a_p38784:e9 | khoản 7 Điều 124
UNRESOLVED:doc_chuong-iii_muc-5_dieu-45_khoan-1_diem-b_p39292:e2 | Chuyển đổi
UNRESOLVED:doc_chuong-iii_muc-5_dieu-45_khoan-1_diem-b_p39292:e5 | Cho thuê lại
UNRESOLVED:doc_chuong-iii_muc-5_dieu-45_khoan-1_diem-b_p39292:e6 | Thừa kế
UNRESOLVED:doc_chuong-iii_muc-5_dieu-45_khoan-1_diem-b_p39292:e12 | Tranh chấp đã được giải quyết
UNRESOLVED:doc_chuong-iii_muc-5_dieu-45_khoan-1_diem-c_p39485:e3 | Không bị kê biên
UNRESOLVED:doc_chuong-iii_muc-5_dieu-45_khoan-1_diem-d_p39643:e3 | biện pháp khẩn cấp tạm thời
UNRESOLVED:doc_chuong-iii_muc-5_dieu-45_khoan-2_p39738:e4 | Điều kiện khác
UNRESOLVED:doc_chuong-iii_muc-5_dieu-45_khoan-3_p39986:e2 | Chuyển đổi
UNRESOLVED:doc_chuong-iii_muc-5_dieu-45_khoan-3_p39986:e5 | Cho thuê lại
UNRESOLVED:doc_chuong-iii_muc-5_dieu-45_khoan-3_p39986:e6 | Thừa kế
UNRESOLVED:doc_chuong-iii_muc-5_dieu-45_khoan-3_p39986:e11 | Điều kiện
UNRESOLVED:doc_chuong-iii_muc-5_dieu-45_khoan-3_diem-a_p40271:e2 | Mua, bán tài sản gắn liền với đất
UNRESOLVED:doc_chuong-iii_muc-5_dieu-45_khoan-3_diem-a_p40271:e3 | Quyền thuê trong hợp đồng thuê đất
UNRESOLVED:doc_chuong-iii_muc-5_dieu-45_khoan-3_diem-b_p40472:e2 | Chuyển đổi quyền sử dụng đất nông nghiệp
UNRESOLVED:doc_chuong-iii_muc-5_dieu-45_khoan-3_diem-c_p40594:e5 | khoản 3 Điều 16
UNRESOLVED:doc_chuong-iii_muc-5_dieu-45_khoan-4_p40816:e2 | Giấy chứng nhận quyền sử dụng đất
UNRESOLVED:doc_chuong-iii_muc-5_dieu-45_khoan-4_p40816:e3 | Giấy chứng nhận quyền sở hữu nhà ở và quyền sử dụng đất ở
UNRESOLVED:doc_chuong-iii_muc-5_dieu-45_khoan-4_p40816:e4 | Giấy chứng nhận quyền sử dụng đất, quyền sở hữu nhà ở và tài sản khác gắn liền với đất
UNRESOLVED:doc_chuong-iii_muc-5_dieu-45_khoan-4_p40816:e5 | Giấy chứng nhận quyền sử dụng đất, quyền sở hữu tài sản gắn liền với đất
UNRESOLVED:doc_chuong-iii_muc-5_dieu-45_khoan-5_p41303:e2 | Nghĩa vụ tài chính
UNRESOLVED:doc_chuong-iii_muc-5_dieu-45_khoan-5_p41303:e3 | Chậm thực hiện
UNRESOLVED:doc_chuong-iii_muc-5_dieu-45_khoan-5_p41303:e4 | Ghi nợ
UNRESOLVED:doc_chuong-iii_muc-5_dieu-45_khoan-5_p41303:e5 | Các quyền chuyển đổi, chuyển nhượng, cho thuê, cho thuê lại, tặng cho quyền sử dụng đất, thế chấp, góp vốn bằng quyền sử dụng đất
UNRESOLVED:doc_chuong-iii_muc-5_dieu-45_khoan-7_p41970:e1 | Cá nhân không trực tiếp sản xuất nông nghiệp
UNRESOLVED:doc_chuong-iii_muc-5_dieu-45_khoan-7_p41970:e2 | Nhận chuyển nhượng
UNRESOLVED:doc_chuong-iii_muc-5_dieu-45_khoan-7_p41970:e3 | Nhận tặng cho
UNRESOLVED:doc_chuong-iii_muc-5_dieu-45_khoan-7_p41970:e5 | Quá hạn mức quy định tại Điều 176
UNRESOLVED:doc_chuong-iii_muc-5_dieu-45_khoan-7_p41970:e6 | Trừ trường hợp người nhận tặng cho là người thuộc hàng thừa kế
UNRESOLVED:doc_chuong-iii_muc-5_dieu-45_khoan-7_p41970:e7 | Điều 176
UNRESOLVED:doc_chuong-iii_muc-5_dieu-45_khoan-8_diem-a_p42458:e2 | Nhận chuyển nhượng
UNRESOLVED:doc_chuong-iii_muc-5_dieu-45_khoan-8_diem-a_p42458:e3 | Quyền sử dụng đất rừng phòng hộ, đất rừng đặc dụng
UNRESOLVED:doc_chuong-iii_muc-5_dieu-45_khoan-8_diem-a_p42458:e4 | Trừ trường hợp được chuyển mục đích sử dụng đất theo quy hoạch, kế hoạch sử dụng đất đã được cơ quan có thẩm quyền phê duyệt
UNRESOLVED:doc_chuong-iii_muc-5_dieu-45_khoan-8_diem-a_p42458:e5 | Chuyển mục đích sử dụng đất theo quy hoạch, kế hoạch sử dụng đất đã được cơ quan có thẩm quyền phê duyệt
UNRESOLVED:doc_chuong-iii_muc-5_dieu-45_khoan-8_diem-b_p42694:e2 | Nhận chuyển nhượng
UNRESOLVED:doc_chuong-iii_muc-5_dieu-45_khoan-8_diem-b_p42694:e3 | Nhận tặng cho
UNRESOLVED:doc_chuong-iii_muc-5_dieu-45_khoan-8_diem-b_p42694:e5 | Khu vực rừng phòng hộ
UNRESOLVED:doc_chuong-iii_muc-5_dieu-45_khoan-8_diem-b_p42694:e6 | Rừng đặc dụng
UNRESOLVED:doc_chuong-iii_muc-5_dieu-45_khoan-8_diem-c_p42959:e1 | Tổ chức, cá nhân, cộng đồng dân cư, tổ chức tôn giáo, tổ chức tôn giáo trực thuộc, người gốc Việt Nam định cư ở nước ngoài, tổ chức kinh tế có vốn đầu tư nước ngoài
UNRESOLVED:doc_chuong-iii_muc-5_dieu-45_khoan-8_diem-c_p42959:e3 | pháp luật không cho phép
UNRESOLVED:doc_chuong-iii_muc-5_dieu-46_khoan-1_diem-a_p43572:e1 | Tổ chức kinh tế, cá nhân, người gốc Việt Nam định cư ở nước ngoài, tổ chức kinh tế có vốn đầu tư nước ngoài
UNRESOLVED:doc_chuong-iii_muc-5_dieu-46_khoan-1_diem-a_p43572:e2 | Bán tài sản gắn liền với đất
UNRESOLVED:doc_chuong-iii_muc-5_dieu-46_khoan-1_diem-a_p43572:e4 | Được tạo lập hợp pháp và đã được đăng ký theo quy định của pháp luật
UNRESOLVED:doc_chuong-iii_muc-5_dieu-46_khoan-1_diem-b_p43672:e1 | Tổ chức kinh tế, cá nhân, người gốc Việt Nam định cư ở nước ngoài, tổ chức kinh tế có vốn đầu tư nước ngoài
UNRESOLVED:doc_chuong-iii_muc-5_dieu-46_khoan-1_diem-b_p43672:e2 | Bán tài sản gắn liền với đất
UNRESOLVED:doc_chuong-iii_muc-5_dieu-46_khoan-1_diem-b_p43672:e4 | Đã hoàn thành việc xây dựng theo đúng quy hoạch xây dựng chi tiết và dự án đầu tư đã được phê duyệt, chấp thuận (nếu có)
UNRESOLVED:doc_chuong-iii_muc-5_dieu-46_khoan-1_diem-b_p43672:e5 | Trừ trường hợp phải thực hiện theo bản án, quyết định của Tòa án đã có hiệu lực thi hành, quyết định cưỡng chế của cơ quan thi hành án dân sự hoặc kết luận của cơ quan nhà nước có thẩm quyền về thanh tra, kiểm tra
UNRESOLVED:doc_chuong-iii_muc-5_dieu-46_khoan-3_p44416:e2 | Sử dụng đất đúng mục đích
UNRESOLVED:doc_chuong-iii_muc-5_dieu-46_khoan-3_p44416:e5 | Điều này
UNRESOLVED:doc_chuong-iii_muc-5_dieu-46_khoan-4_p44769:e3 | Giấy chứng nhận quyền sử dụng đất
UNRESOLVED:doc_chuong-iii_muc-5_dieu-46_khoan-4_p44769:e4 | Quyền sở hữu tài sản gắn liền với đất
UNRESOLVED:doc_chuong-iii_muc-5_dieu-46_khoan-4_p44769:e5 | Điều kiện tách thửa
UNRESOLVED:doc_chuong-iii_muc-5_dieu-46_khoan-5_p44959:e2 | Bán tài sản gắn liền với đất
UNRESOLVED:doc_chuong-iii_muc-5_dieu-46_khoan-5_p44959:e3 | Điều kiện quy định tại khoản 1 Điều 45 của Luật này
UNRESOLVED:doc_chuong-iii_muc-5_dieu-46_khoan-5_p44959:e4 | Điều kiện khác theo quy định của Luật Kinh doanh bất động sản
UNRESOLVED:doc_chuong-iii_muc-5_dieu-47_p45245:e2 | Chuyển đổi
UNRESOLVED:doc_chuong-iii_muc-5_dieu-47_p45245:e4 | Không phải nộp thuế thu nhập
UNRESOLVED:doc_chuong-iii_muc-5_dieu-48_khoan-1_p45727:e4 | thừa kế
UNRESOLVED:doc_chuong-iii_muc-5_dieu-48_khoan-1_p45727:e7 | thu hồi đất
UNRESOLVED:doc_chuong-iii_muc-5_dieu-48_khoan-1_p45727:e8 | bồi thường tài sản gắn liền với đất
UNRESOLVED:doc_chuong-iii_muc-5_dieu-48_khoan-1_p45727:e11 | người có đất thu hồi
UNRESOLVED:doc_chuong-iii_muc-5_dieu-48_khoan-1_p45727:e13 | giao đất
UNRESOLVED:doc_chuong-iii_muc-5_dieu-48_khoan-1_p45727:e14 | cho thuê đất
UNRESOLVED:doc_chuong-iii_muc-5_dieu-48_khoan-2_p46774:e5 | Khoản 3 Điều 16
UNRESOLVED:doc_chuong-iii_muc-5_dieu-48_khoan-3_p46954:e7 | Thừa kế
UNRESOLVED:doc_chuong-iii_muc-5_dieu-48_khoan-3_p46954:e9 | Trừ trường hợp quy định tại khoản 1 và khoản 2
UNRESOLVED:doc_chuong-iii_muc-5_dieu-48_khoan-3_p46954:e10 | Khoản 3 Điều 16
UNRESOLVED:doc_chuong-iii_muc-5_dieu-48_khoan-4_p47212:e2 | quản lý
UNRESOLVED:doc_chuong-iii_muc-5_dieu-48_khoan-4_p47212:e4 | theo quy định tại khoản 1 Điều này
UNRESOLVED:doc_chuong-iii_muc-1_dieu-26_khoan-1_p223:e2 | Cấp Giấy chứng nhận quyền sử dụng đất
UNRESOLVED:doc_chuong-iii_muc-1_dieu-26_khoan-1_p223:e3 | Quyền sở hữu tài sản gắn liền với đất
UNRESOLVED:doc_chuong-iii_muc-1_dieu-26_khoan-1_p223:e4 | Điều kiện
UNRESOLVED:doc_chuong-iii_muc-1_dieu-26_khoan-1_p223:e5 | Quy định của pháp luật về đất đai
UNRESOLVED:doc_chuong-iii_muc-1_dieu-26_khoan-3_p433:e2 | Hưởng các lợi ích
UNRESOLVED:doc_chuong-iii_muc-1_dieu-26_khoan-3_p433:e3 | Đất nông nghiệp
UNRESOLVED:doc_chuong-iii_muc-1_dieu-26_khoan-4_p521:e2 | Hướng dẫn
UNRESOLVED:doc_chuong-iii_muc-1_dieu-26_khoan-4_p521:e3 | Giúp đỡ
UNRESOLVED:doc_chuong-iii_muc-1_dieu-26_khoan-4_p521:e4 | Cải tạo, phục hồi đất nông nghiệp
UNRESOLVED:doc_chuong-iii_muc-1_dieu-26_khoan-5_p602:e2 | Người khác
UNRESOLVED:doc_chuong-iii_muc-1_dieu-26_khoan-5_p602:e3 | Bảo hộ
UNRESOLVED:doc_chuong-iii_muc-1_dieu-26_khoan-5_p602:e4 | Quyền, lợi ích hợp pháp về đất đai
UNRESOLVED:doc_chuong-iii_muc-1_dieu-26_khoan-7_p803:e4 | Đất
UNRESOLVED:doc_chuong-iii_muc-1_dieu-26_khoan-7_p803:e5 | Quy định của Luật này
UNRESOLVED:doc_chuong-iii_muc-1_dieu-26_khoan-8_p893:e5 | Hành vi vi phạm quyền sử dụng đất hợp pháp
UNRESOLVED:doc_chuong-iii_muc-1_dieu-26_khoan-8_p893:e6 | Hành vi khác vi phạm pháp luật về đất đai
UNRESOLVED:doc_chuong-iii_muc-1_dieu-27_khoan-1_p1179:e2 | Chuyển đổi
UNRESOLVED:doc_chuong-iii_muc-1_dieu-27_khoan-1_p1179:e5 | Cho thuê lại
UNRESOLVED:doc_chuong-iii_muc-1_dieu-27_khoan-1_p1179:e6 | Thừa kế
UNRESOLVED:doc_chuong-iii_muc-1_dieu-27_khoan-1_p1179:e10 | Quyền sử dụng đất
UNRESOLVED:doc_chuong-iii_muc-1_dieu-27_khoan-2_diem-a_p1496:e5 | Quy định của Luật này
UNRESOLVED:doc_chuong-iii_muc-1_dieu-27_khoan-2_diem-b_p1814:e2 | Quyền sử dụng đất
UNRESOLVED:doc_chuong-iii_muc-1_dieu-27_khoan-2_diem-b_p1814:e3 | Đăng ký biến động
UNRESOLVED:doc_chuong-iii_muc-1_dieu-27_khoan-2_diem-b_p1814:e4 | Tách thửa
UNRESOLVED:doc_chuong-iii_muc-1_dieu-27_khoan-2_diem-b_p1814:e5 | Cấp Giấy chứng nhận quyền sử dụng đất
UNRESOLVED:doc_chuong-iii_muc-1_dieu-27_khoan-2_diem-b_p1814:e7 | Ủy quyền
UNRESOLVED:doc_chuong-iii_muc-1_dieu-27_khoan-3_p2476:e3 | Hợp đồng
UNRESOLVED:doc_chuong-iii_muc-1_dieu-27_khoan-3_p2476:e4 | Văn bản
UNRESOLVED:doc_chuong-iii_muc-1_dieu-27_khoan-3_p2476:e5 | Quyền
UNRESOLVED:doc_chuong-iii_muc-1_dieu-27_khoan-3_diem-a_p2588:e1 | Hợp đồng chuyển nhượng
UNRESOLVED:doc_chuong-iii_muc-1_dieu-27_khoan-3_diem-a_p2588:e5 | Quyền sử dụng đất
UNRESOLVED:doc_chuong-iii_muc-1_dieu-27_khoan-3_diem-a_p2588:e6 | Tài sản gắn liền với đất
UNRESOLVED:doc_chuong-iii_muc-1_dieu-27_khoan-3_diem-a_p2588:e9 | Trừ trường hợp quy định tại điểm b khoản này
UNRESOLVED:doc_chuong-iii_muc-1_dieu-27_khoan-3_diem-b_p2794:e1 | Hợp đồng cho thuê
UNRESOLVED:doc_chuong-iii_muc-1_dieu-27_khoan-3_diem-b_p2794:e3 | Quyền sử dụng đất
UNRESOLVED:doc_chuong-iii_muc-1_dieu-27_khoan-3_diem-b_p2794:e4 | Tài sản gắn liền với đất
UNRESOLVED:doc_chuong-iii_muc-1_dieu-27_khoan-3_diem-b_p2794:e5 | Hợp đồng chuyển đổi quyền sử dụng đất nông nghiệp
UNRESOLVED:doc_chuong-iii_muc-1_dieu-27_khoan-3_diem-b_p2794:e6 | Hợp đồng chuyển nhượng
UNRESOLVED:doc_chuong-iii_muc-1_dieu-27_khoan-3_diem-b_p2794:e7 | Góp vốn bằng quyền sử dụng đất
UNRESOLVED:doc_chuong-iii_muc-1_dieu-27_khoan-3_diem-c_p3217:e4 | Quyền sử dụng đất
UNRESOLVED:doc_chuong-iii_muc-1_dieu-27_khoan-3_diem-c_p3217:e5 | Tài sản gắn liền với đất
UNRESOLVED:doc_chuong-iii_muc-1_dieu-28_khoan-1_diem-a_p3549:e2 | Chuyển đổi
UNRESOLVED:doc_chuong-iii_muc-1_dieu-28_khoan-1_diem-a_p3549:e3 | Quyền sử dụng đất
UNRESOLVED:doc_chuong-iii_muc-1_dieu-28_khoan-1_diem-a_p3549:e4 | Điểm b khoản 1 Điều 37
UNRESOLVED:doc_chuong-iii_muc-1_dieu-28_khoan-1_diem-b_p3646:e4 | Quyền sử dụng đất
UNRESOLVED:doc_chuong-iii_muc-1_dieu-28_khoan-1_diem-c_p3714:e4 | Khu công nghiệp, cụm công nghiệp, khu công nghệ cao
UNRESOLVED:doc_chuong-iii_muc-1_dieu-28_khoan-1_diem-d_p3930:e3 | Vốn đầu tư
UNRESOLVED:doc_chuong-iii_muc-1_dieu-28_khoan-1_diem-d_p3930:e4 | Giá trị quyền sử dụng đất
UNRESOLVED:doc_chuong-iii_muc-1_dieu-28_khoan-1_diem-d_p3930:e5 | Quy định của Chính phủ
UNRESOLVED:doc_chuong-iii_muc-1_dieu-28_khoan-1_diem-d_p4064:e4 | Quyền sử dụng đất
UNRESOLVED:doc_chuong-iii_muc-1_dieu-28_khoan-1_diem-e_p4162:e4 | Quyền sử dụng đất
UNRESOLVED:doc_chuong-iii_muc-1_dieu-28_khoan-1_diem-g_p4273:e5 | Quyền sử dụng đất
UNRESOLVED:doc_chuong-iii_muc-1_dieu-28_khoan-1_diem-h_p4356:e2 | Nhà ở gắn liền với quyền sử dụng đất ở
UNRESOLVED:doc_chuong-iii_muc-1_dieu-28_khoan-1_diem-h_p4356:e3 | Quyền sử dụng đất ở
UNRESOLVED:doc_chuong-iii_muc-1_dieu-28_khoan-1_diem-h_p4356:e5 | Tặng cho nhà ở gắn liền với quyền sử dụng đất ở
UNRESOLVED:doc_chuong-iii_muc-1_dieu-28_khoan-1_diem-i_p4791:e9 | Đất
UNRESOLVED:doc_chuong-iii_muc-1_dieu-28_khoan-1_diem-k_p5095:e10 | Cho thuê đất
UNRESOLVED:doc_chuong-iii_muc-1_dieu-28_khoan-1_diem-l_p5350:e7 | Quyền sử dụng đất
UNRESOLVED:doc_chuong-iii_muc-1_dieu-28_khoan-1_diem-l_p5350:e8 | Đất
UNRESOLVED:doc_chuong-iii_muc-1_dieu-28_khoan-1_diem-m_p5524:e5 | Quyền sử dụng đất
UNRESOLVED:doc_chuong-iii_muc-1_dieu-28_khoan-1_diem-m_p5524:e6 | Kết quả hòa giải thành về tranh chấp đất đai
UNRESOLVED:doc_chuong-iii_muc-1_dieu-28_khoan-1_diem-m_p5524:e7 | Thỏa thuận trong hợp đồng thế chấp để xử lý nợ
UNRESOLVED:doc_chuong-iii_muc-1_dieu-28_khoan-1_diem-m_p5524:e8 | Quyết định của cơ quan nhà nước có thẩm quyền về giải quyết tranh chấp đất đai
UNRESOLVED:doc_chuong-iii_muc-1_dieu-28_khoan-1_diem-m_p5524:e9 | Bản án, quyết định của Tòa án
UNRESOLVED:doc_chuong-iii_muc-1_dieu-28_khoan-1_diem-m_p5524:e10 | Quyết định thi hành án của cơ quan thi hành án
UNRESOLVED:doc_chuong-iii_muc-1_dieu-28_khoan-1_diem-m_p5524:e11 | Quyết định hoặc phán quyết của Trọng tài thương mại Việt Nam
UNRESOLVED:doc_chuong-iii_muc-1_dieu-28_khoan-1_diem-m_p5524:e12 | Văn bản công nhận kết quả đấu giá quyền sử dụng đất
UNRESOLVED:doc_chuong-iii_muc-1_dieu-28_khoan-1_diem-m_p5524:e13 | Văn bản về việc chia, tách quyền sử dụng đất
UNRESOLVED:doc_chuong-iii_muc-1_dieu-28_khoan-1_diem-n_p6316:e4 | Quyền sử dụng đất
UNRESOLVED:doc_chuong-iii_muc-1_dieu-28_khoan-1_diem-n_p6316:e5 | Kết quả hòa giải thành về tranh chấp đất đai
UNRESOLVED:doc_chuong-iii_muc-1_dieu-28_khoan-1_diem-n_p6316:e6 | Ủy ban nhân dân cấp có thẩm quyền
UNRESOLVED:doc_chuong-iii_muc-1_dieu-28_khoan-1_diem-o_p6776:e2 | quyền sử dụng đất
UNRESOLVED:doc_chuong-iii_muc-1_dieu-28_khoan-2_p7178:e4 | quyền sử dụng đất
UNRESOLVED:doc_chuong-iii_muc-1_dieu-28_khoan-2_p7178:e5 | trừ trường hợp quy định tại khoản 8 Điều 45 và Điều 48
UNRESOLVED:doc_chuong-iii_muc-1_dieu-28_khoan-3_p7394:e1 | Khu vực hạn chế tiếp cận đất đai
UNRESOLVED:doc_chuong-iii_muc-1_dieu-28_khoan-3_p7394:e2 | Nhận quyền sử dụng đất
UNRESOLVED:doc_chuong-iii_muc-1_dieu-29_khoan-1_p7605:e1 | Quyền đối với thửa đất liền kề
UNRESOLVED:doc_chuong-iii_muc-1_dieu-29_khoan-1_p7605:e2 | lối đi
UNRESOLVED:doc_chuong-iii_muc-1_dieu-29_khoan-1_p7605:e9 | thông tin liên lạc
UNRESOLVED:doc_chuong-iii_muc-1_dieu-29_khoan-1_p7605:e10 | các nhu cầu cần thiết khác
UNRESOLVED:doc_chuong-iii_muc-1_dieu-29_khoan-2_p7834:e1 | Quyền đối với thửa đất liền kề
UNRESOLVED:doc_chuong-iii_muc-1_dieu-29_khoan-2_p7834:e2 | Đăng ký
UNRESOLVED:doc_chuong-iii_muc-1_dieu-30_khoan-1_p8171:e3 | Chuyển sang thuê đất trả tiền thuê đất một lần
UNRESOLVED:doc_chuong-iii_muc-1_dieu-30_khoan-1_p8171:e4 | Giá đất
UNRESOLVED:doc_chuong-iii_muc-1_dieu-30_khoan-1_p8171:e5 | Thời gian thuê đất còn lại
UNRESOLVED:doc_chuong-iii_muc-1_dieu-30_khoan-2_p8782:e6 | Tiền thuê đất
UNRESOLVED:doc_chuong-iii_muc-1_dieu-30_khoan-2_p8782:e7 | Tiền thuê đất hằng năm
UNRESOLVED:doc_chuong-iii_muc-1_dieu-30_khoan-3_p9133:e4 | Phần diện tích đó
UNRESOLVED:doc_chuong-iii_muc-1_dieu-31_khoan-1_p9477:e2 | Sử dụng đất
UNRESOLVED:doc_chuong-iii_muc-1_dieu-31_khoan-1_p9477:e3 | Mục đích
UNRESOLVED:doc_chuong-iii_muc-1_dieu-31_khoan-1_p9477:e4 | Ranh giới thửa đất
UNRESOLVED:doc_chuong-iii_muc-1_dieu-31_khoan-1_p9477:e5 | Quy định về sử dụng độ sâu trong lòng đất
UNRESOLVED:doc_chuong-iii_muc-1_dieu-31_khoan-1_p9477:e6 | Chiều cao trên không
UNRESOLVED:doc_chuong-iii_muc-1_dieu-31_khoan-1_p9477:e7 | Công trình công cộng trong lòng đất
UNRESOLVED:doc_chuong-iii_muc-1_dieu-31_khoan-1_p9477:e8 | Quy định khác của pháp luật có liên quan
UNRESOLVED:doc_chuong-iii_muc-1_dieu-31_khoan-2_p9703:e3 | Thủ tục
UNRESOLVED:doc_chuong-iii_muc-1_dieu-31_khoan-2_p9703:e4 | Chuyển đổi
UNRESOLVED:doc_chuong-iii_muc-1_dieu-31_khoan-2_p9703:e7 | Cho thuê lại
UNRESOLVED:doc_chuong-iii_muc-1_dieu-31_khoan-2_p9703:e8 | Thừa kế
UNRESOLVED:doc_chuong-iii_muc-1_dieu-31_khoan-2_p9703:e12 | Quyền sử dụng đất
UNRESOLVED:doc_chuong-iii_muc-1_dieu-31_khoan-4_p9994:e2 | Thực hiện biện pháp bảo vệ đất
UNRESOLVED:doc_chuong-iii_muc-1_dieu-31_khoan-4_p9994:e3 | Khu vực đất bị ô nhiễm, thoái hóa
UNRESOLVED:doc_chuong-iii_muc-1_dieu-31_khoan-5_p10115:e2 | Tuân thủ quy định về bảo vệ môi trường
UNRESOLVED:doc_chuong-iii_muc-1_dieu-31_khoan-5_p10115:e3 | Tài sản và lợi ích hợp pháp
UNRESOLVED:doc_chuong-iii_muc-1_dieu-31_khoan-7_p10310:e2 | Bàn giao lại đất
UNRESOLVED:doc_chuong-iii_muc-1_dieu-31_khoan-7_p10310:e3 | Đất
UNRESOLVED:doc_chuong-iii_muc-1_dieu-31_khoan-7_p10310:e4 | Theo quy định của pháp luật
UNRESOLVED:doc_chuong-iii_muc-2_dieu-32_khoan-1_p10650:e1 | Tổ chức trong nước, tổ chức tôn giáo, tổ chức tôn giáo trực thuộc
UNRESOLVED:doc_chuong-iii_muc-2_dieu-32_khoan-1_p10650:e3 | Đất
UNRESOLVED:doc_chuong-iii_muc-2_dieu-32_khoan-2_p10839:e1 | Tổ chức trong nước, tổ chức tôn giáo, tổ chức tôn giáo trực thuộc
UNRESOLVED:doc_chuong-iii_muc-2_dieu-32_khoan-2_p10839:e3 | Quyền chuyển đổi, chuyển nhượng, tặng cho, cho thuê quyền sử dụng đất, thế chấp, góp vốn bằng quyền sử dụng đất
UNRESOLVED:doc_chuong-iii_muc-2_dieu-33_khoan-1_p11236:e3 | Giao đất
UNRESOLVED:doc_chuong-iii_muc-2_dieu-33_khoan-1_p11236:e4 | Thu tiền sử dụng đất
UNRESOLVED:doc_chuong-iii_muc-2_dieu-33_khoan-1_p11236:e5 | Cho thuê đất
UNRESOLVED:doc_chuong-iii_muc-2_dieu-33_khoan-1_p11236:e6 | Thu tiền thuê đất
UNRESOLVED:doc_chuong-iii_muc-2_dieu-33_khoan-1_p11236:e7 | Một lần cho cả thời gian thuê
UNRESOLVED:doc_chuong-iii_muc-2_dieu-33_khoan-1_diem-a_p11392:e2 | Quyền và nghĩa vụ chung
UNRESOLVED:doc_chuong-iii_muc-2_dieu-33_khoan-1_diem-b_p11462:e3 | Quyền sử dụng đất
UNRESOLVED:doc_chuong-iii_muc-2_dieu-33_khoan-1_diem-c_p11543:e3 | Tài sản thuộc sở hữu của mình gắn liền với đất
UNRESOLVED:doc_chuong-iii_muc-2_dieu-33_khoan-1_diem-c_p11543:e5 | Quyền sử dụng đất
UNRESOLVED:doc_chuong-iii_muc-2_dieu-33_khoan-1_diem-d_p12187:e3 | quyền sử dụng đất
UNRESOLVED:doc_chuong-iii_muc-2_dieu-33_khoan-1_diem-d_p12187:e4 | tài sản thuộc sở hữu của mình gắn liền với đất
UNRESOLVED:doc_chuong-iii_muc-2_dieu-33_khoan-1_diem-d_p12187:e8 | quy định của pháp luật
UNRESOLVED:doc_chuong-iii_muc-2_dieu-33_khoan-1_diem-e_p12391:e3 | Quyền sử dụng đất
UNRESOLVED:doc_chuong-iii_muc-2_dieu-33_khoan-1_diem-e_p12391:e4 | Tài sản thuộc sở hữu của mình
UNRESOLVED:doc_chuong-iii_muc-2_dieu-33_khoan-2_p12614:e3 | Thuê đất
UNRESOLVED:doc_chuong-iii_muc-2_dieu-33_khoan-2_p12614:e4 | Tiền thuê đất
UNRESOLVED:doc_chuong-iii_muc-2_dieu-33_khoan-2_p12614:e5 | Thời gian thuê
UNRESOLVED:doc_chuong-iii_muc-2_dieu-33_khoan-2_p12614:e6 | Điều 202
UNRESOLVED:doc_chuong-iii_muc-2_dieu-33_khoan-3_diem-a_p13127:e3 | đất
UNRESOLVED:doc_chuong-iii_muc-2_dieu-33_khoan-3_diem-a_p13127:e5 | miễn hoặc giảm tiền sử dụng đất
UNRESOLVED:doc_chuong-iii_muc-2_dieu-33_khoan-3_diem-b_p13433:e3 | Giao đất
UNRESOLVED:doc_chuong-iii_muc-2_dieu-33_khoan-3_diem-b_p13433:e4 | Cho thuê đất
UNRESOLVED:doc_chuong-iii_muc-2_dieu-33_khoan-3_diem-b_p13433:e5 | Quyền và nghĩa vụ
UNRESOLVED:doc_chuong-iii_muc-2_dieu-33_khoan-3_diem-b_p13433:e6 | Tiền sử dụng đất
UNRESOLVED:doc_chuong-iii_muc-2_dieu-33_khoan-3_diem-b_p13433:e7 | Tiền thuê đất
UNRESOLVED:doc_chuong-iii_muc-2_dieu-33_khoan-3_diem-b_p13433:e8 | Miễn, giảm tiền sử dụng đất, tiền thuê đất
UNRESOLVED:doc_chuong-iii_muc-2_dieu-33_khoan-3_diem-b_p13433:e9 | Trừ trường hợp pháp luật có liên quan có quy định khác
UNRESOLVED:doc_chuong-iii_muc-2_dieu-34_khoan-1_diem-a_p14396:e1 | Tổ chức kinh tế, tổ chức tôn giáo, tổ chức tôn giáo trực thuộc
UNRESOLVED:doc_chuong-iii_muc-2_dieu-34_khoan-1_diem-a_p14396:e3 | Quyền và nghĩa vụ chung
UNRESOLVED:doc_chuong-iii_muc-2_dieu-34_khoan-1_diem-b_p14466:e2 | Thế chấp tài sản thuộc sở hữu của mình gắn liền với đất
UNRESOLVED:doc_chuong-iii_muc-2_dieu-34_khoan-1_diem-b_p14466:e3 | Tài sản
UNRESOLVED:doc_chuong-iii_muc-2_dieu-34_khoan-1_diem-b_p14466:e4 | Đất
UNRESOLVED:doc_chuong-iii_muc-2_dieu-34_khoan-1_diem-c_p14648:e1 | Tổ chức kinh tế, tổ chức tôn giáo, tổ chức tôn giáo trực thuộc
UNRESOLVED:doc_chuong-iii_muc-2_dieu-34_khoan-1_diem-c_p14648:e2 | Bán tài sản thuộc sở hữu của mình gắn liền với đất
UNRESOLVED:doc_chuong-iii_muc-2_dieu-34_khoan-1_diem-c_p14648:e3 | Quyền thuê trong hợp đồng thuê đất
UNRESOLVED:doc_chuong-iii_muc-2_dieu-34_khoan-1_diem-c_p14648:e6 | Tiếp tục thuê đất
UNRESOLVED:doc_chuong-iii_muc-2_dieu-34_khoan-1_diem-c_p14648:e7 | Các quyền và nghĩa vụ của người sử dụng đất
UNRESOLVED:doc_chuong-iii_muc-2_dieu-34_khoan-1_diem-d_p15135:e1 | Tổ chức kinh tế, tổ chức tôn giáo, tổ chức tôn giáo trực thuộc
UNRESOLVED:doc_chuong-iii_muc-2_dieu-34_khoan-1_diem-d_p15135:e2 | Góp vốn bằng tài sản thuộc sở hữu của mình gắn liền với đất
UNRESOLVED:doc_chuong-iii_muc-2_dieu-34_khoan-1_diem-d_p15135:e3 | Đất
UNRESOLVED:doc_chuong-iii_muc-2_dieu-34_khoan-1_diem-d_p15135:e6 | Tiếp tục cho thuê đất
UNRESOLVED:doc_chuong-iii_muc-2_dieu-34_khoan-1_diem-d_p15343:e1 | Tổ chức kinh tế, tổ chức tôn giáo, tổ chức tôn giáo trực thuộc
UNRESOLVED:doc_chuong-iii_muc-2_dieu-34_khoan-1_diem-d_p15343:e2 | Cho thuê tài sản thuộc sở hữu của mình gắn liền với đất và quyền thuê trong hợp đồng thuê đất
UNRESOLVED:doc_chuong-iii_muc-2_dieu-34_khoan-1_diem-d_p15343:e3 | Đất
UNRESOLVED:doc_chuong-iii_muc-2_dieu-34_khoan-1_diem-e_p15442:e1 | Tổ chức kinh tế, tổ chức tôn giáo, tổ chức tôn giáo trực thuộc
UNRESOLVED:doc_chuong-iii_muc-2_dieu-34_khoan-1_diem-e_p15442:e3 | Quyền sử dụng đất
UNRESOLVED:doc_chuong-iii_muc-2_dieu-34_khoan-2_p15825:e3 | Đất
UNRESOLVED:doc_chuong-iii_muc-2_dieu-34_khoan-2_p15825:e6 | Quyền góp vốn
UNRESOLVED:doc_chuong-iii_muc-2_dieu-34_khoan-2_p15825:e7 | Quyền thuê
UNRESOLVED:doc_chuong-iii_muc-2_dieu-34_khoan-2_p15825:e8 | Mục đích khác
UNRESOLVED:doc_chuong-iii_muc-2_dieu-34_khoan-2_diem-a_p16355:e3 | Đất
UNRESOLVED:doc_chuong-iii_muc-2_dieu-34_khoan-2_diem-a_p16355:e4 | Khai thác, sử dụng
UNRESOLVED:doc_chuong-iii_muc-2_dieu-34_khoan-2_diem-a_p16355:e6 | Pháp luật về xây dựng
UNRESOLVED:doc_chuong-iii_muc-2_dieu-34_khoan-2_diem-a_p16355:e7 | Quy định của pháp luật
UNRESOLVED:doc_chuong-iii_muc-2_dieu-34_khoan-2_diem-b_p16777:e3 | Tài sản công
UNRESOLVED:doc_chuong-iii_muc-2_dieu-34_khoan-2_diem-b_p16777:e4 | Đề án sử dụng tài sản công
UNRESOLVED:doc_chuong-iii_muc-2_dieu-34_khoan-2_diem-b_p16777:e5 | Mục đích cho thuê, liên doanh, liên kết
UNRESOLVED:doc_chuong-iii_muc-2_dieu-34_khoan-3_p17074:e3 | Quyền và nghĩa vụ
UNRESOLVED:doc_chuong-iii_muc-2_dieu-35_khoan-1_p17394:e3 | Điều 26 và Điều 31
UNRESOLVED:doc_chuong-iii_muc-2_dieu-35_khoan-3_diem-a_p17947:e2 | Nhận chuyển nhượng
UNRESOLVED:doc_chuong-iii_muc-2_dieu-35_khoan-3_diem-a_p17947:e3 | Không chuyển mục đích sử dụng đất
UNRESOLVED:doc_chuong-iii_muc-2_dieu-35_khoan-3_diem-a_p17947:e4 | Quyền và nghĩa vụ quy định tại khoản 1 và khoản 3 Điều 33
UNRESOLVED:doc_chuong-iii_muc-2_dieu-35_khoan-3_diem-b_p18093:e5 | Quyền và nghĩa vụ
UNRESOLVED:doc_chuong-iii_muc-2_dieu-35_khoan-3_diem-b_p18093:e7 | Giao đất có thu tiền sử dụng đất
UNRESOLVED:doc_chuong-iii_muc-2_dieu-35_khoan-3_diem-b_p18093:e8 | Cho thuê đất thu tiền thuê đất một lần cho cả thời gian thuê
UNRESOLVED:doc_chuong-iii_muc-2_dieu-35_khoan-3_diem-c_p18366:e5 | Quyền và nghĩa vụ
UNRESOLVED:doc_chuong-iii_muc-2_dieu-35_khoan-3_diem-c_p18366:e6 | Điều 34
UNRESOLVED:doc_chuong-iii_muc-2_dieu-35_khoan-3_diem-c_p18366:e7 | Thuê đất thu tiền thuê đất hằng năm
UNRESOLVED:doc_chuong-iii_muc-2_dieu-35_khoan-4_diem-a_p18800:e3 | đất có thu tiền sử dụng đất
UNRESOLVED:doc_chuong-iii_muc-2_dieu-35_khoan-4_diem-a_p18800:e4 | đất cho thuê
UNRESOLVED:doc_chuong-iii_muc-2_dieu-35_khoan-4_diem-b_p19014:e2 | cho thuê đất
UNRESOLVED:doc_chuong-iii_muc-2_dieu-35_khoan-4_diem-b_p19014:e3 | tiền thuê đất
UNRESOLVED:doc_chuong-iii_muc-2_dieu-35_khoan-4_diem-b_p19014:e4 | quyền và nghĩa vụ
UNRESOLVED:doc_chuong-iii_muc-2_dieu-36_khoan-1_p19302:e3 | Quyền và nghĩa vụ quy định tại Điều 33 của Luật này
UNRESOLVED:doc_chuong-iii_muc-2_dieu-36_khoan-1_p19302:e5 | Trong các trường hợp sau đây
UNRESOLVED:doc_chuong-iii_muc-2_dieu-36_khoan-1_diem-a_p19477:e2 | Đất
UNRESOLVED:doc_chuong-iii_muc-2_dieu-36_khoan-2_diem-a_p19897:e2 | Thu hồi đất
UNRESOLVED:doc_chuong-iii_muc-2_dieu-36_khoan-2_diem-a_p19897:e3 | Đất
UNRESOLVED:doc_chuong-iii_muc-2_dieu-36_khoan-2_diem-b_p20347:e3 | Quyền sử dụng đất
UNRESOLVED:doc_chuong-iii_muc-2_dieu-36_khoan-2_diem-b_p20347:e4 | Điều lệ của hợp tác xã
UNRESOLVED:doc_chuong-iii_muc-2_dieu-36_khoan-2_diem-b_p20347:e5 | Nghị quyết của đại hội thành viên
UNRESOLVED:doc_chuong-iii_muc-2_dieu-36_khoan-3_p20984:e1 | Quyền sử dụng đất
UNRESOLVED:doc_chuong-iii_muc-3_dieu-37_khoan-1_diem-b_p21698:e2 | Chuyển đổi
UNRESOLVED:doc_chuong-iii_muc-3_dieu-37_khoan-1_diem-b_p21698:e3 | Quyền sử dụng đất nông nghiệp
UNRESOLVED:doc_chuong-iii_muc-3_dieu-37_khoan-1_diem-c_p21757:e3 | Quyền sử dụng đất
UNRESOLVED:doc_chuong-iii_muc-3_dieu-37_khoan-1_diem-c_p21757:e4 | Tài sản thuộc sở hữu của mình gắn liền với đất
UNRESOLVED:doc_chuong-iii_muc-3_dieu-37_khoan-1_diem-d_p21866:e3 | Quyền sử dụng đất
UNRESOLVED:doc_chuong-iii_muc-3_dieu-37_khoan-1_diem-d_p21866:e4 | Tài sản thuộc sở hữu của mình gắn liền với đất
UNRESOLVED:doc_chuong-iii_muc-3_dieu-37_khoan-1_diem-d_p21866:e5 | Thuê
UNRESOLVED:doc_chuong-iii_muc-3_dieu-37_khoan-1_diem-d_p22025:e3 | Tài sản thuộc sở hữu của mình gắn liền với đất của mình
UNRESOLVED:doc_chuong-iii_muc-3_dieu-37_khoan-1_diem-d_p22025:e5 | Giá trị của phần thừa kế đó
UNRESOLVED:doc_chuong-iii_muc-3_dieu-37_khoan-1_diem-e_p22461:e4 | Quyền sử dụng đất
UNRESOLVED:doc_chuong-iii_muc-3_dieu-37_khoan-1_diem-e_p22461:e5 | Tài sản thuộc sở hữu của mình
UNRESOLVED:doc_chuong-iii_muc-3_dieu-37_khoan-1_diem-e_p22461:e6 | Nhà tình nghĩa, nhà tình thương, nhà đại đoàn kết
UNRESOLVED:doc_chuong-iii_muc-3_dieu-37_khoan-1_diem-g_p22984:e3 | tài sản thuộc sở hữu của mình gắn liền với đất
UNRESOLVED:doc_chuong-iii_muc-3_dieu-37_khoan-1_diem-g_p22984:e5 | tổ chức kinh tế khác hoặc cá nhân
UNRESOLVED:doc_chuong-iii_muc-3_dieu-37_khoan-1_diem-h_p23181:e3 | Quyền sử dụng đất
UNRESOLVED:doc_chuong-iii_muc-3_dieu-37_khoan-1_diem-h_p23181:e4 | Tài sản thuộc sở hữu của mình gắn liền với đất
UNRESOLVED:doc_chuong-iii_muc-3_dieu-37_khoan-2_p23381:e4 | Đất
UNRESOLVED:doc_chuong-iii_muc-3_dieu-37_khoan-2_p23381:e5 | Tiền thuê đất hằng năm
UNRESOLVED:doc_chuong-iii_muc-3_dieu-37_khoan-2_diem-b_p23547:e3 | Bán tài sản thuộc sở hữu của mình gắn liền với đất
UNRESOLVED:doc_chuong-iii_muc-3_dieu-37_khoan-2_diem-b_p23547:e4 | Quyền thuê trong hợp đồng thuê đất
UNRESOLVED:doc_chuong-iii_muc-3_dieu-37_khoan-2_diem-c_p24048:e2 | Người được tặng cho tài sản
UNRESOLVED:doc_chuong-iii_muc-3_dieu-37_khoan-2_diem-c_p24048:e3 | Quyền thuê trong hợp đồng thuê đất
UNRESOLVED:doc_chuong-iii_muc-3_dieu-37_khoan-2_diem-c_p24048:e4 | Đất
UNRESOLVED:doc_chuong-iii_muc-3_dieu-37_khoan-2_diem-c_p24048:e6 | Cho thuê đất
UNRESOLVED:doc_chuong-iii_muc-3_dieu-37_khoan-2_diem-d_p24309:e3 | Tài sản thuộc sở hữu của mình gắn liền với đất
UNRESOLVED:doc_chuong-iii_muc-3_dieu-37_khoan-2_diem-d_p24309:e4 | Quyền thuê trong hợp đồng thuê đất
UNRESOLVED:doc_chuong-iii_muc-3_dieu-37_khoan-2_diem-d_p24415:e3 | Tài sản
UNRESOLVED:doc_chuong-iii_muc-3_dieu-37_khoan-2_diem-d_p24415:e4 | Đất
UNRESOLVED:doc_chuong-iii_muc-3_dieu-37_khoan-2_diem-e_p24600:e3 | Tài sản
UNRESOLVED:doc_chuong-iii_muc-3_dieu-37_khoan-2_diem-e_p24600:e4 | Thời hạn
UNRESOLVED:doc_chuong-iii_muc-3_dieu-37_khoan-2_diem-e_p24600:e6 | Đất
UNRESOLVED:doc_chuong-iii_muc-3_dieu-37_khoan-3_diem-a_p24987:e1 | Cá nhân thuê lại đất
UNRESOLVED:doc_chuong-iii_muc-3_dieu-37_khoan-3_diem-a_p24987:e2 | Trả tiền thuê đất một lần cho cả thời gian thuê
UNRESOLVED:doc_chuong-iii_muc-3_dieu-37_khoan-3_diem-a_p24987:e3 | Quyền và nghĩa vụ quy định tại khoản 1 Điều này
UNRESOLVED:doc_chuong-iii_muc-3_dieu-37_khoan-3_diem-b_p25125:e1 | Cá nhân thuê lại đất
UNRESOLVED:doc_chuong-iii_muc-3_dieu-37_khoan-3_diem-b_p25125:e3 | Tiền thuê đất
UNRESOLVED:doc_chuong-iii_muc-3_dieu-37_khoan-3_diem-b_p25125:e4 | Trong khu công nghiệp, cụm công nghiệp, khu công nghệ cao
UNRESOLVED:doc_chuong-iii_muc-3_dieu-37_khoan-3_diem-b_p25125:e5 | khoản 2 Điều này
UNRESOLVED:doc_chuong-iii_muc-3_dieu-37_khoan-4_p25242:e3 | Giao đất
UNRESOLVED:doc_chuong-iii_muc-3_dieu-37_khoan-4_p25242:e4 | Cho thuê đất
UNRESOLVED:doc_chuong-iii_muc-3_dieu-37_khoan-4_p25242:e5 | Miễn, giảm tiền sử dụng đất, tiền thuê đất
UNRESOLVED:doc_chuong-iii_muc-3_dieu-37_khoan-4_p25242:e6 | Không được miễn, không được giảm tiền sử dụng đất, tiền thuê đất
UNRESOLVED:doc_chuong-iii_muc-3_dieu-37_khoan-5_p25444:e2 | Tổ chức, cá nhân
UNRESOLVED:doc_chuong-iii_muc-3_dieu-38_khoan-1_p25756:e3 | Đất được Nhà nước giao đất không thu tiền sử dụng đất
UNRESOLVED:doc_chuong-iii_muc-3_dieu-38_khoan-1_p25756:e4 | Đất được Nhà nước giao đất có thu tiền sử dụng đất
UNRESOLVED:doc_chuong-iii_muc-3_dieu-38_khoan-2_diem-a_p26278:e2 | Quyền và nghĩa vụ quy định tại khoản 1 Điều 37 của Luật này
UNRESOLVED:doc_chuong-iii_muc-3_dieu-38_khoan-2_diem-a_p26278:e4 | Đất có thu tiền sử dụng đất
UNRESOLVED:doc_chuong-iii_muc-3_dieu-38_khoan-2_diem-a_p26278:e5 | Đất không thu tiền sử dụng đất
UNRESOLVED:doc_chuong-iii_muc-3_dieu-38_khoan-2_diem-a_p26278:e6 | Đất cho thuê
UNRESOLVED:doc_chuong-iii_muc-3_dieu-38_khoan-2_diem-a_p26278:e7 | Thời gian thuê
UNRESOLVED:doc_chuong-iii_muc-3_dieu-38_khoan-2_diem-b_p26470:e3 | Đất
UNRESOLVED:doc_chuong-iii_muc-3_dieu-38_khoan-2_diem-b_p26470:e4 | Trường hợp
UNRESOLVED:doc_chuong-iii_muc-3_dieu-39_khoan-2_p26765:e3 | quyền để thừa kế
UNRESOLVED:doc_chuong-iii_muc-3_dieu-39_khoan-2_p26765:e5 | giao đất không thu tiền sử dụng đất
UNRESOLVED:doc_chuong-iii_muc-4_dieu-40_khoan-1_diem-b_p27606:e3 | các công trình
UNRESOLVED:doc_chuong-iii_muc-4_dieu-40_khoan-1_diem-b_p27606:e4 | giấy phép
UNRESOLVED:doc_chuong-iii_muc-4_dieu-40_khoan-1_diem-c_p27699:e2 | Sở hữu công trình do mình xây dựng trên đất thuê trong thời hạn thuê đất
UNRESOLVED:doc_chuong-iii_muc-4_dieu-40_khoan-1_diem-c_p27699:e3 | đất thuê
UNRESOLVED:doc_chuong-iii_muc-4_dieu-40_khoan-1_diem-d_p27773:e2 | Trả lại đất
UNRESOLVED:doc_chuong-iii_muc-4_dieu-40_khoan-1_diem-d_p27773:e4 | Điều ước quốc tế
UNRESOLVED:doc_chuong-iii_muc-4_dieu-40_khoan-1_diem-d_p27773:e5 | Thỏa thuận quốc tế
UNRESOLVED:doc_chuong-iii_muc-4_dieu-40_khoan-1_diem-d_p27773:e6 | Quy định của pháp luật
UNRESOLVED:doc_chuong-iii_muc-4_dieu-40_khoan-2_p28006:e3 | Điều ước quốc tế
UNRESOLVED:doc_chuong-iii_muc-4_dieu-40_khoan-2_p28006:e5 | Điều ước quốc tế đó
UNRESOLVED:doc_chuong-iii_muc-4_dieu-41_khoan-1_p28366:e3 | Đất
UNRESOLVED:doc_chuong-iii_muc-4_dieu-41_khoan-1_p28366:e4 | Tiền sử dụng đất
UNRESOLVED:doc_chuong-iii_muc-4_dieu-41_khoan-2_p28544:e4 | Cho thuê đất
UNRESOLVED:doc_chuong-iii_muc-4_dieu-41_khoan-2_p28544:e5 | Thu tiền thuê đất hằng năm
UNRESOLVED:doc_chuong-iii_muc-4_dieu-41_khoan-2_diem-b_p28784:e1 | Người gốc Việt Nam định cư ở nước ngoài, tổ chức kinh tế có vốn đầu tư nước ngoài
UNRESOLVED:doc_chuong-iii_muc-4_dieu-41_khoan-2_diem-b_p28784:e3 | Tài sản thuộc sở hữu của mình gắn liền với đất
UNRESOLVED:doc_chuong-iii_muc-4_dieu-41_khoan-2_diem-c_p28899:e3 | Góp vốn bằng tài sản thuộc sở hữu của mình gắn liền với đất
UNRESOLVED:doc_chuong-iii_muc-4_dieu-41_khoan-2_diem-c_p28899:e4 | Đất
UNRESOLVED:doc_chuong-iii_muc-4_dieu-41_khoan-2_diem-c_p28899:e8 | Cho thuê đất
UNRESOLVED:doc_chuong-iii_muc-4_dieu-41_khoan-2_diem-c_p28899:e9 | Mục đích đã được xác định
UNRESOLVED:doc_chuong-iii_muc-4_dieu-41_khoan-2_diem-d_p29112:e3 | Bán tài sản thuộc sở hữu của mình gắn liền với đất
UNRESOLVED:doc_chuong-iii_muc-4_dieu-41_khoan-2_diem-d_p29112:e4 | Quyền thuê trong hợp đồng thuê đất
UNRESOLVED:doc_chuong-iii_muc-4_dieu-41_khoan-2_diem-d_p29112:e5 | Điều kiện quy định tại Điều 46 của Luật này
UNRESOLVED:doc_chuong-iii_muc-4_dieu-41_khoan-2_diem-d_p29112:e7 | Tiếp tục thuê đất
UNRESOLVED:doc_chuong-iii_muc-4_dieu-41_khoan-2_diem-d_p29112:e8 | Mục đích đã được xác định
UNRESOLVED:doc_chuong-iii_muc-4_dieu-41_khoan-2_diem-d_p29112:e9 | Thời hạn sử dụng đất còn lại
UNRESOLVED:doc_chuong-iii_muc-4_dieu-41_khoan-2_diem-d_p29572:e1 | Người gốc Việt Nam định cư ở nước ngoài, tổ chức kinh tế có vốn đầu tư nước ngoài
UNRESOLVED:doc_chuong-iii_muc-4_dieu-41_khoan-2_diem-d_p29572:e3 | Tài sản thuộc sở hữu của mình gắn liền với đất và quyền thuê trong hợp đồng thuê đất
UNRESOLVED:doc_chuong-iii_muc-4_dieu-41_khoan-2_diem-e_p29670:e5 | Đất đã được xây dựng xong kết cấu hạ tầng
UNRESOLVED:doc_chuong-iii_muc-4_dieu-41_khoan-2_diem-e_p29670:e6 | Sử dụng đất đúng mục đích
UNRESOLVED:doc_chuong-iii_muc-4_dieu-41_khoan-2_diem-e_p29670:e7 | Thực hiện nghĩa vụ tài chính
UNRESOLVED:doc_chuong-iii_muc-4_dieu-41_khoan-2_diem-e_p29670:e8 | Đất khu công nghiệp, cụm công nghiệp, khu công nghệ cao
UNRESOLVED:doc_chuong-iii_muc-4_dieu-41_khoan-3_p30039:e4 | Cho thuê đất
UNRESOLVED:doc_chuong-iii_muc-4_dieu-41_khoan-3_p30039:e5 | Giao đất
UNRESOLVED:doc_chuong-iii_muc-4_dieu-41_khoan-3_p30039:e6 | Đất
UNRESOLVED:doc_chuong-iii_muc-4_dieu-41_khoan-3_p30039:e7 | Tiền thuê đất
UNRESOLVED:doc_chuong-iii_muc-4_dieu-41_khoan-3_p30039:e8 | Tiền sử dụng đất
UNRESOLVED:doc_chuong-iii_muc-4_dieu-41_khoan-3_diem-b_p30408:e4 | Quyền sử dụng đất
UNRESOLVED:doc_chuong-iii_muc-4_dieu-41_khoan-3_diem-b_p30408:e5 | Tài sản thuộc sở hữu của mình gắn liền với đất
UNRESOLVED:doc_chuong-iii_muc-4_dieu-41_khoan-3_diem-c_p30516:e5 | Cho thuê lại
UNRESOLVED:doc_chuong-iii_muc-4_dieu-41_khoan-3_diem-c_p30516:e6 | Quyền sử dụng đất
UNRESOLVED:doc_chuong-iii_muc-4_dieu-41_khoan-3_diem-c_p30516:e7 | Tài sản thuộc sở hữu của mình gắn liền với đất
UNRESOLVED:doc_chuong-iii_muc-4_dieu-41_khoan-3_diem-d_p30633:e4 | Tài sản thuộc sở hữu của mình gắn liền với đất
UNRESOLVED:doc_chuong-iii_muc-4_dieu-41_khoan-4_p30850:e2 | Sử dụng đất
UNRESOLVED:doc_chuong-iii_muc-4_dieu-41_khoan-4_p30850:e3 | Nộp tiền sử dụng đất
UNRESOLVED:doc_chuong-iii_muc-4_dieu-41_khoan-4_p30850:e4 | Trả tiền thuê đất
UNRESOLVED:doc_chuong-iii_muc-4_dieu-41_khoan-4_p30850:e5 | Quyền và nghĩa vụ
UNRESOLVED:doc_chuong-iii_muc-4_dieu-41_khoan-4_p30850:e6 | Điều này
UNRESOLVED:doc_chuong-iii_muc-4_dieu-41_khoan-5_p31108:e4 | Giao đất
UNRESOLVED:doc_chuong-iii_muc-4_dieu-41_khoan-5_p31108:e5 | Cho thuê đất
UNRESOLVED:doc_chuong-iii_muc-4_dieu-41_khoan-5_p31108:e6 | Miễn, giảm tiền sử dụng đất, tiền thuê đất
UNRESOLVED:doc_chuong-iii_muc-4_dieu-41_khoan-5_p31108:e7 | Quyền và nghĩa vụ quy định tại khoản 3 Điều 33
UNRESOLVED:doc_chuong-iii_muc-4_dieu-42_khoan-1_p31581:e3 | Quyền sử dụng đất
UNRESOLVED:doc_chuong-iii_muc-4_dieu-42_khoan-1_p31581:e5 | Quyền và nghĩa vụ quy định tại khoản 3 Điều 41
UNRESOLVED:doc_chuong-iii_muc-4_dieu-42_khoan-2_diem-a_p32028:e3 | quyền sử dụng đất
UNRESOLVED:doc_chuong-iii_muc-4_dieu-42_khoan-2_diem-a_p32028:e5 | thu tiền thuê đất hằng năm
UNRESOLVED:doc_chuong-iii_muc-4_dieu-42_khoan-2_diem-b_p32355:e2 | Quyền sử dụng đất
UNRESOLVED:doc_chuong-iii_muc-4_dieu-42_khoan-2_diem-b_p32355:e4 | Điều 41
UNRESOLVED:doc_chuong-iii_muc-4_dieu-42_khoan-2_diem-c_p32703:e2 | Quyền sử dụng đất
UNRESOLVED:doc_chuong-iii_muc-4_dieu-42_khoan-2_diem-c_p32703:e4 | Điều 41
UNRESOLVED:doc_chuong-iii_muc-4_dieu-42_khoan-3_p33000:e3 | Đất
UNRESOLVED:doc_chuong-iii_muc-4_dieu-42_khoan-3_p33000:e4 | Giá trị quyền sử dụng đất
UNRESOLVED:doc_chuong-iii_muc-4_dieu-42_khoan-3_p33000:e6 | Quyền
UNRESOLVED:doc_chuong-iii_muc-4_dieu-42_khoan-3_p33000:e7 | Nghĩa vụ
UNRESOLVED:doc_chuong-iii_muc-4_dieu-43_khoan-1_p33702:e3 | Quyền sử dụng đất
UNRESOLVED:doc_chuong-iii_muc-4_dieu-43_khoan-1_p33702:e4 | khu công nghiệp, cụm công nghiệp, khu công nghệ cao
UNRESOLVED:doc_chuong-iii_muc-4_dieu-43_khoan-2_diem-a_p34109:e3 | Trả tiền thuê đất một lần cho cả thời gian thuê
UNRESOLVED:doc_chuong-iii_muc-4_dieu-43_khoan-2_diem-a_p34109:e4 | Trả tiền thuê lại đất một lần cho cả thời gian thuê lại
UNRESOLVED:doc_chuong-iii_muc-4_dieu-43_khoan-2_diem-a_p34109:e5 | Quyền và nghĩa vụ quy định tại khoản 1 và khoản 3 Điều 33
UNRESOLVED:doc_chuong-iii_muc-4_dieu-43_khoan-2_diem-b_p34304:e3 | Trả tiền thuê đất, thuê lại đất hằng năm
UNRESOLVED:doc_chuong-iii_muc-4_dieu-43_khoan-2_diem-b_p34304:e4 | Quyền và nghĩa vụ quy định tại khoản 1 Điều 34 của Luật này
UNRESOLVED:doc_chuong-iii_muc-4_dieu-44_khoan-1_p34692:e2 | Nhà ở gắn liền với quyền sử dụng đất ở
UNRESOLVED:doc_chuong-iii_muc-4_dieu-44_khoan-1_p34692:e3 | Quyền sử dụng đất ở
UNRESOLVED:doc_chuong-iii_muc-4_dieu-44_khoan-1_p34692:e4 | Nhập cảnh vào Việt Nam
UNRESOLVED:doc_chuong-iii_muc-4_dieu-44_khoan-2_p34926:e2 | quyền
UNRESOLVED:doc_chuong-iii_muc-4_dieu-44_khoan-2_p34926:e3 | nghĩa vụ
UNRESOLVED:doc_chuong-iii_muc-4_dieu-44_khoan-2_diem-a_p35046:e2 | Quyền và nghĩa vụ chung
UNRESOLVED:doc_chuong-iii_muc-4_dieu-44_khoan-2_diem-a_p35046:e3 | Điều 26 và Điều 31
UNRESOLVED:doc_chuong-iii_muc-4_dieu-44_khoan-2_diem-b_p35116:e4 | Giấy chứng nhận quyền sử dụng đất
UNRESOLVED:doc_chuong-iii_muc-4_dieu-44_khoan-2_diem-b_p35116:e5 | Quyền sử dụng đất
UNRESOLVED:doc_chuong-iii_muc-4_dieu-44_khoan-2_diem-c_p35701:e7 | Quyền sử dụng đất ở
UNRESOLVED:doc_chuong-iii_muc-4_dieu-44_khoan-2_diem-d_p35809:e3 | Nhà ở gắn liền với quyền sử dụng đất ở
UNRESOLVED:doc_chuong-iii_muc-4_dieu-44_khoan-3_p35912:e2 | Giấy chứng nhận quyền sử dụng đất, quyền sở hữu tài sản gắn liền với đất
UNRESOLVED:doc_chuong-iii_muc-4_dieu-44_khoan-3_diem-a_p36407:e3 | Quyền sử dụng đất
UNRESOLVED:doc_chuong-iii_muc-4_dieu-44_khoan-3_diem-b_p36548:e2 | Quyền sử dụng đất
UNRESOLVED:doc_chuong-iii_muc-4_dieu-44_khoan-3_diem-b_p36548:e3 | Điểm e khoản 1 Điều 37
UNRESOLVED:doc_chuong-iii_muc-4_dieu-44_khoan-3_diem-c_p36840:e4 | Sổ địa chính
UNRESOLVED:doc_chuong-iii_muc-4_dieu-44_khoan-3_diem-c_p36840:e5 | Trong trường hợp chưa chuyển nhượng hoặc chưa tặng cho quyền sử dụng đất
UNRESOLVED:doc_chuong-iii_muc-4_dieu-44_khoan-4_p37072:e2 | Nhà ở
UNRESOLVED:doc_chuong-iii_muc-4_dieu-44_khoan-4_p37072:e3 | Quyền sử dụng đất
UNRESOLVED:doc_chuong-iii_muc-4_dieu-44_khoan-4_p37072:e4 | Giấy chứng nhận quyền sử dụng đất, quyền sở hữu tài sản gắn liền với đất
UNRESOLVED:doc_chuong-iii_muc-4_dieu-44_khoan-4_p37072:e5 | Hồ sơ về việc nhận thừa kế
UNRESOLVED:doc_chuong-iii_muc-4_dieu-44_khoan-4_p37072:e6 | Sổ địa chính
UNRESOLVED:doc_chuong-iii_muc-4_dieu-44_khoan-4_p37072:e7 | Phân chia thừa kế
UNRESOLVED:doc_chuong-iii_muc-4_dieu-44_khoan-5_p38031:e2 | Ủy quyền
UNRESOLVED:doc_chuong-iii_muc-4_dieu-44_khoan-5_p38031:e3 | Trông nom hoặc tạm sử dụng đất
UNRESOLVED:doc_chuong-iii_muc-4_dieu-44_khoan-5_p38031:e4 | Nghĩa vụ
UNRESOLVED:doc_chuong-iii_muc-4_dieu-44_khoan-5_p38031:e5 | Quy định của pháp luật về đất đai
UNRESOLVED:doc_chuong-iii_muc-5_dieu-45_khoan-1_p38579:e2 | Chuyển đổi
UNRESOLVED:doc_chuong-iii_muc-5_dieu-45_khoan-1_p38579:e5 | Cho thuê lại
UNRESOLVED:doc_chuong-iii_muc-5_dieu-45_khoan-1_p38579:e6 | Thừa kế
UNRESOLVED:doc_chuong-iii_muc-5_dieu-45_khoan-1_p38579:e10 | Quyền sử dụng đất
UNRESOLVED:doc_chuong-iii_muc-5_dieu-45_khoan-1_diem-a_p38784:e2 | Giấy chứng nhận quyền sử dụng đất
UNRESOLVED:doc_chuong-iii_muc-5_dieu-45_khoan-1_diem-a_p38784:e3 | Giấy chứng nhận quyền sở hữu nhà ở và quyền sử dụng đất ở
UNRESOLVED:doc_chuong-iii_muc-5_dieu-45_khoan-1_diem-a_p38784:e4 | Giấy chứng nhận quyền sử dụng đất, quyền sở hữu nhà ở và tài sản khác gắn liền với đất
UNRESOLVED:doc_chuong-iii_muc-5_dieu-45_khoan-1_diem-a_p38784:e5 | Giấy chứng nhận quyền sử dụng đất, quyền sở hữu tài sản gắn liền với đất
UNRESOLVED:doc_chuong-iii_muc-5_dieu-45_khoan-1_diem-a_p38784:e6 | thừa kế quyền sử dụng đất
UNRESOLVED:doc_chuong-iii_muc-5_dieu-45_khoan-1_diem-b_p39292:e2 | Chuyển đổi
UNRESOLVED:doc_chuong-iii_muc-5_dieu-45_khoan-1_diem-b_p39292:e5 | Cho thuê lại
UNRESOLVED:doc_chuong-iii_muc-5_dieu-45_khoan-1_diem-b_p39292:e6 | Thừa kế
UNRESOLVED:doc_chuong-iii_muc-5_dieu-45_khoan-1_diem-b_p39292:e10 | Quyền sử dụng đất
UNRESOLVED:doc_chuong-iii_muc-5_dieu-45_khoan-1_diem-b_p39292:e12 | Tranh chấp đã được giải quyết
UNRESOLVED:doc_chuong-iii_muc-5_dieu-45_khoan-1_diem-c_p39485:e2 | Quyền sử dụng đất
UNRESOLVED:doc_chuong-iii_muc-5_dieu-45_khoan-1_diem-c_p39485:e3 | Không bị kê biên
UNRESOLVED:doc_chuong-iii_muc-5_dieu-45_khoan-1_diem-d_p39643:e2 | Quyền sử dụng đất
UNRESOLVED:doc_chuong-iii_muc-5_dieu-45_khoan-1_diem-d_p39643:e3 | biện pháp khẩn cấp tạm thời
UNRESOLVED:doc_chuong-iii_muc-5_dieu-45_khoan-2_p39738:e3 | Quyền sử dụng đất
UNRESOLVED:doc_chuong-iii_muc-5_dieu-45_khoan-2_p39738:e4 | Điều kiện khác
UNRESOLVED:doc_chuong-iii_muc-5_dieu-45_khoan-3_p39986:e2 | Chuyển đổi
UNRESOLVED:doc_chuong-iii_muc-5_dieu-45_khoan-3_p39986:e5 | Cho thuê lại
UNRESOLVED:doc_chuong-iii_muc-5_dieu-45_khoan-3_p39986:e6 | Thừa kế
UNRESOLVED:doc_chuong-iii_muc-5_dieu-45_khoan-3_p39986:e8 | Quyền sử dụng đất
UNRESOLVED:doc_chuong-iii_muc-5_dieu-45_khoan-3_p39986:e11 | Điều kiện
UNRESOLVED:doc_chuong-iii_muc-5_dieu-45_khoan-3_diem-a_p40271:e2 | Mua, bán tài sản gắn liền với đất
UNRESOLVED:doc_chuong-iii_muc-5_dieu-45_khoan-3_diem-a_p40271:e3 | Quyền thuê trong hợp đồng thuê đất
UNRESOLVED:doc_chuong-iii_muc-5_dieu-45_khoan-3_diem-c_p40594:e2 | quyền sử dụng đất
UNRESOLVED:doc_chuong-iii_muc-5_dieu-45_khoan-4_p40816:e2 | Giấy chứng nhận quyền sử dụng đất
UNRESOLVED:doc_chuong-iii_muc-5_dieu-45_khoan-4_p40816:e3 | Giấy chứng nhận quyền sở hữu nhà ở và quyền sử dụng đất ở
UNRESOLVED:doc_chuong-iii_muc-5_dieu-45_khoan-4_p40816:e4 | Giấy chứng nhận quyền sử dụng đất, quyền sở hữu nhà ở và tài sản khác gắn liền với đất
UNRESOLVED:doc_chuong-iii_muc-5_dieu-45_khoan-4_p40816:e5 | Giấy chứng nhận quyền sử dụng đất, quyền sở hữu tài sản gắn liền với đất
UNRESOLVED:doc_chuong-iii_muc-5_dieu-45_khoan-5_p41303:e2 | Nghĩa vụ tài chính
UNRESOLVED:doc_chuong-iii_muc-5_dieu-45_khoan-5_p41303:e3 | Chậm thực hiện
UNRESOLVED:doc_chuong-iii_muc-5_dieu-45_khoan-5_p41303:e4 | Ghi nợ
UNRESOLVED:doc_chuong-iii_muc-5_dieu-45_khoan-7_p41970:e1 | Cá nhân không trực tiếp sản xuất nông nghiệp
UNRESOLVED:doc_chuong-iii_muc-5_dieu-45_khoan-7_p41970:e2 | Nhận chuyển nhượng
UNRESOLVED:doc_chuong-iii_muc-5_dieu-45_khoan-7_p41970:e3 | Nhận tặng cho
UNRESOLVED:doc_chuong-iii_muc-5_dieu-45_khoan-7_p41970:e4 | Quyền sử dụng đất trồng lúa
UNRESOLVED:doc_chuong-iii_muc-5_dieu-45_khoan-7_p41970:e5 | Quá hạn mức quy định tại Điều 176
UNRESOLVED:doc_chuong-iii_muc-5_dieu-45_khoan-7_p41970:e6 | Trừ trường hợp người nhận tặng cho là người thuộc hàng thừa kế
UNRESOLVED:doc_chuong-iii_muc-5_dieu-45_khoan-7_p41970:e7 | Điều 176
UNRESOLVED:doc_chuong-iii_muc-5_dieu-45_khoan-8_diem-a_p42458:e2 | Nhận chuyển nhượng
UNRESOLVED:doc_chuong-iii_muc-5_dieu-45_khoan-8_diem-a_p42458:e3 | Quyền sử dụng đất rừng phòng hộ, đất rừng đặc dụng
UNRESOLVED:doc_chuong-iii_muc-5_dieu-45_khoan-8_diem-a_p42458:e4 | Trừ trường hợp được chuyển mục đích sử dụng đất theo quy hoạch, kế hoạch sử dụng đất đã được cơ quan có thẩm quyền phê duyệt
UNRESOLVED:doc_chuong-iii_muc-5_dieu-45_khoan-8_diem-b_p42694:e2 | Nhận chuyển nhượng
UNRESOLVED:doc_chuong-iii_muc-5_dieu-45_khoan-8_diem-b_p42694:e3 | Nhận tặng cho
UNRESOLVED:doc_chuong-iii_muc-5_dieu-45_khoan-8_diem-b_p42694:e4 | Quyền sử dụng đất
UNRESOLVED:doc_chuong-iii_muc-5_dieu-45_khoan-8_diem-b_p42694:e5 | Khu vực rừng phòng hộ
UNRESOLVED:doc_chuong-iii_muc-5_dieu-45_khoan-8_diem-b_p42694:e6 | Rừng đặc dụng
UNRESOLVED:doc_chuong-iii_muc-5_dieu-45_khoan-8_diem-c_p42959:e1 | Tổ chức, cá nhân, cộng đồng dân cư, tổ chức tôn giáo, tổ chức tôn giáo trực thuộc, người gốc Việt Nam định cư ở nước ngoài, tổ chức kinh tế có vốn đầu tư nước ngoài
UNRESOLVED:doc_chuong-iii_muc-5_dieu-45_khoan-8_diem-c_p42959:e2 | quyền sử dụng đất
UNRESOLVED:doc_chuong-iii_muc-5_dieu-45_khoan-8_diem-c_p42959:e3 | pháp luật không cho phép
UNRESOLVED:doc_chuong-iii_muc-5_dieu-46_khoan-1_diem-a_p43572:e1 | Tổ chức kinh tế, cá nhân, người gốc Việt Nam định cư ở nước ngoài, tổ chức kinh tế có vốn đầu tư nước ngoài
UNRESOLVED:doc_chuong-iii_muc-5_dieu-46_khoan-1_diem-a_p43572:e2 | Bán tài sản gắn liền với đất
UNRESOLVED:doc_chuong-iii_muc-5_dieu-46_khoan-1_diem-a_p43572:e3 | Tài sản gắn liền với đất thuê
UNRESOLVED:doc_chuong-iii_muc-5_dieu-46_khoan-1_diem-a_p43572:e4 | Được tạo lập hợp pháp và đã được đăng ký theo quy định của pháp luật
UNRESOLVED:doc_chuong-iii_muc-5_dieu-46_khoan-1_diem-b_p43672:e1 | Tổ chức kinh tế, cá nhân, người gốc Việt Nam định cư ở nước ngoài, tổ chức kinh tế có vốn đầu tư nước ngoài
UNRESOLVED:doc_chuong-iii_muc-5_dieu-46_khoan-1_diem-b_p43672:e2 | Bán tài sản gắn liền với đất
UNRESOLVED:doc_chuong-iii_muc-5_dieu-46_khoan-1_diem-b_p43672:e3 | Tài sản gắn liền với đất
UNRESOLVED:doc_chuong-iii_muc-5_dieu-46_khoan-1_diem-b_p43672:e4 | Đã hoàn thành việc xây dựng theo đúng quy hoạch xây dựng chi tiết và dự án đầu tư đã được phê duyệt, chấp thuận (nếu có)
UNRESOLVED:doc_chuong-iii_muc-5_dieu-46_khoan-1_diem-b_p43672:e5 | Trừ trường hợp phải thực hiện theo bản án, quyết định của Tòa án đã có hiệu lực thi hành, quyết định cưỡng chế của cơ quan thi hành án dân sự hoặc kết luận của cơ quan nhà nước có thẩm quyền về thanh tra, kiểm tra
UNRESOLVED:doc_chuong-iii_muc-5_dieu-46_khoan-3_p44416:e2 | Sử dụng đất đúng mục đích
UNRESOLVED:doc_chuong-iii_muc-5_dieu-46_khoan-3_p44416:e5 | Điều này
UNRESOLVED:doc_chuong-iii_muc-5_dieu-46_khoan-4_p44769:e1 | Tài sản gắn liền với đất
UNRESOLVED:doc_chuong-iii_muc-5_dieu-46_khoan-4_p44769:e2 | Công trình xây dựng
UNRESOLVED:doc_chuong-iii_muc-5_dieu-46_khoan-4_p44769:e3 | Giấy chứng nhận quyền sử dụng đất
UNRESOLVED:doc_chuong-iii_muc-5_dieu-46_khoan-4_p44769:e4 | Quyền sở hữu tài sản gắn liền với đất
UNRESOLVED:doc_chuong-iii_muc-5_dieu-46_khoan-4_p44769:e5 | Điều kiện tách thửa
UNRESOLVED:doc_chuong-iii_muc-5_dieu-46_khoan-5_p44959:e2 | Bán tài sản gắn liền với đất
UNRESOLVED:doc_chuong-iii_muc-5_dieu-46_khoan-5_p44959:e4 | Điều kiện khác theo quy định của Luật Kinh doanh bất động sản
UNRESOLVED:doc_chuong-iii_muc-5_dieu-47_p45245:e2 | Chuyển đổi
UNRESOLVED:doc_chuong-iii_muc-5_dieu-47_p45245:e3 | Quyền sử dụng đất nông nghiệp
UNRESOLVED:doc_chuong-iii_muc-5_dieu-47_p45245:e4 | Không phải nộp thuế thu nhập
UNRESOLVED:doc_chuong-iii_muc-5_dieu-48_khoan-1_p45727:e3 | quyền sử dụng đất
UNRESOLVED:doc_chuong-iii_muc-5_dieu-48_khoan-1_p45727:e4 | thừa kế
UNRESOLVED:doc_chuong-iii_muc-5_dieu-48_khoan-1_p45727:e7 | thu hồi đất
UNRESOLVED:doc_chuong-iii_muc-5_dieu-48_khoan-1_p45727:e8 | bồi thường tài sản gắn liền với đất
UNRESOLVED:doc_chuong-iii_muc-5_dieu-48_khoan-1_p45727:e12 | diện tích đất đã thu hồi
UNRESOLVED:doc_chuong-iii_muc-5_dieu-48_khoan-1_p45727:e13 | giao đất
UNRESOLVED:doc_chuong-iii_muc-5_dieu-48_khoan-1_p45727:e14 | cho thuê đất
UNRESOLVED:doc_chuong-iii_muc-5_dieu-48_khoan-2_p46774:e3 | Quyền sử dụng đất
UNRESOLVED:doc_chuong-iii_muc-5_dieu-48_khoan-3_p46954:e3 | Quyền sử dụng đất
UNRESOLVED:doc_chuong-iii_muc-5_dieu-48_khoan-3_p46954:e7 | Thừa kế
UNRESOLVED:doc_chuong-iii_muc-5_dieu-48_khoan-3_p46954:e9 | Trừ trường hợp quy định tại khoản 1 và khoản 2
UNRESOLVED:doc_chuong-iii_muc-5_dieu-48_khoan-4_p47212:e2 | quản lý
UNRESOLVED:doc_chuong-iii_muc-5_dieu-48_khoan-4_p47212:e3 | diện tích đất thu hồi
UNRESOLVED:doc_chuong-iii_muc-5_dieu-48_khoan-4_p47212:e4 | theo quy định tại khoản 1 Điều này
UNRESOLVED:doc_chuong-iii_muc-1_dieu-26_khoan-1_p223:e2 | Cấp Giấy chứng nhận quyền sử dụng đất
UNRESOLVED:doc_chuong-iii_muc-1_dieu-26_khoan-1_p223:e3 | Quyền sở hữu tài sản gắn liền với đất
UNRESOLVED:doc_chuong-iii_muc-1_dieu-26_khoan-1_p223:e4 | Điều kiện
UNRESOLVED:doc_chuong-iii_muc-1_dieu-26_khoan-1_p223:e5 | Quy định của pháp luật về đất đai
UNRESOLVED:doc_chuong-iii_muc-1_dieu-26_khoan-3_p433:e2 | Hưởng các lợi ích
UNRESOLVED:doc_chuong-iii_muc-1_dieu-26_khoan-3_p433:e3 | Đất nông nghiệp
UNRESOLVED:doc_chuong-iii_muc-1_dieu-26_khoan-4_p521:e2 | Hướng dẫn
UNRESOLVED:doc_chuong-iii_muc-1_dieu-26_khoan-4_p521:e3 | Giúp đỡ
UNRESOLVED:doc_chuong-iii_muc-1_dieu-26_khoan-4_p521:e4 | Cải tạo, phục hồi đất nông nghiệp
UNRESOLVED:doc_chuong-iii_muc-1_dieu-26_khoan-5_p602:e2 | Người khác
UNRESOLVED:doc_chuong-iii_muc-1_dieu-26_khoan-5_p602:e3 | Bảo hộ
UNRESOLVED:doc_chuong-iii_muc-1_dieu-26_khoan-5_p602:e4 | Quyền, lợi ích hợp pháp về đất đai
UNRESOLVED:doc_chuong-iii_muc-1_dieu-26_khoan-7_p803:e4 | Đất
UNRESOLVED:doc_chuong-iii_muc-1_dieu-26_khoan-7_p803:e5 | Quy định của Luật này
UNRESOLVED:doc_chuong-iii_muc-1_dieu-26_khoan-8_p893:e5 | Hành vi vi phạm quyền sử dụng đất hợp pháp
UNRESOLVED:doc_chuong-iii_muc-1_dieu-26_khoan-8_p893:e6 | Hành vi khác vi phạm pháp luật về đất đai
UNRESOLVED:doc_chuong-iii_muc-1_dieu-27_khoan-1_p1179:e2 | Chuyển đổi
UNRESOLVED:doc_chuong-iii_muc-1_dieu-27_khoan-1_p1179:e5 | Cho thuê lại
UNRESOLVED:doc_chuong-iii_muc-1_dieu-27_khoan-1_p1179:e6 | Thừa kế
UNRESOLVED:doc_chuong-iii_muc-1_dieu-27_khoan-1_p1179:e10 | Quyền sử dụng đất
UNRESOLVED:doc_chuong-iii_muc-1_dieu-27_khoan-2_diem-a_p1496:e5 | Quy định của Luật này
UNRESOLVED:doc_chuong-iii_muc-1_dieu-27_khoan-2_diem-b_p1814:e2 | Quyền sử dụng đất
UNRESOLVED:doc_chuong-iii_muc-1_dieu-27_khoan-2_diem-b_p1814:e3 | Đăng ký biến động
UNRESOLVED:doc_chuong-iii_muc-1_dieu-27_khoan-2_diem-b_p1814:e4 | Tách thửa
UNRESOLVED:doc_chuong-iii_muc-1_dieu-27_khoan-2_diem-b_p1814:e5 | Cấp Giấy chứng nhận quyền sử dụng đất
UNRESOLVED:doc_chuong-iii_muc-1_dieu-27_khoan-2_diem-b_p1814:e7 | Ủy quyền
UNRESOLVED:doc_chuong-iii_muc-1_dieu-27_khoan-3_p2476:e3 | Hợp đồng
UNRESOLVED:doc_chuong-iii_muc-1_dieu-27_khoan-3_p2476:e4 | Văn bản
UNRESOLVED:doc_chuong-iii_muc-1_dieu-27_khoan-3_p2476:e5 | Quyền
UNRESOLVED:doc_chuong-iii_muc-1_dieu-27_khoan-3_diem-a_p2588:e1 | Hợp đồng chuyển nhượng
UNRESOLVED:doc_chuong-iii_muc-1_dieu-27_khoan-3_diem-a_p2588:e5 | Quyền sử dụng đất
UNRESOLVED:doc_chuong-iii_muc-1_dieu-27_khoan-3_diem-a_p2588:e6 | Tài sản gắn liền với đất
UNRESOLVED:doc_chuong-iii_muc-1_dieu-27_khoan-3_diem-a_p2588:e9 | Trừ trường hợp quy định tại điểm b khoản này
UNRESOLVED:doc_chuong-iii_muc-1_dieu-27_khoan-3_diem-b_p2794:e1 | Hợp đồng cho thuê
UNRESOLVED:doc_chuong-iii_muc-1_dieu-27_khoan-3_diem-b_p2794:e3 | Quyền sử dụng đất
UNRESOLVED:doc_chuong-iii_muc-1_dieu-27_khoan-3_diem-b_p2794:e4 | Tài sản gắn liền với đất
UNRESOLVED:doc_chuong-iii_muc-1_dieu-27_khoan-3_diem-b_p2794:e5 | Hợp đồng chuyển đổi quyền sử dụng đất nông nghiệp
UNRESOLVED:doc_chuong-iii_muc-1_dieu-27_khoan-3_diem-b_p2794:e6 | Hợp đồng chuyển nhượng
UNRESOLVED:doc_chuong-iii_muc-1_dieu-27_khoan-3_diem-b_p2794:e7 | Góp vốn bằng quyền sử dụng đất
UNRESOLVED:doc_chuong-iii_muc-1_dieu-27_khoan-3_diem-c_p3217:e4 | Quyền sử dụng đất
UNRESOLVED:doc_chuong-iii_muc-1_dieu-27_khoan-3_diem-c_p3217:e5 | Tài sản gắn liền với đất
UNRESOLVED:doc_chuong-iii_muc-1_dieu-28_khoan-1_diem-a_p3549:e2 | Chuyển đổi
UNRESOLVED:doc_chuong-iii_muc-1_dieu-28_khoan-1_diem-a_p3549:e3 | Quyền sử dụng đất
UNRESOLVED:doc_chuong-iii_muc-1_dieu-28_khoan-1_diem-a_p3549:e4 | Điểm b khoản 1 Điều 37
UNRESOLVED:doc_chuong-iii_muc-1_dieu-28_khoan-1_diem-b_p3646:e4 | Quyền sử dụng đất
UNRESOLVED:doc_chuong-iii_muc-1_dieu-28_khoan-1_diem-c_p3714:e4 | Khu công nghiệp, cụm công nghiệp, khu công nghệ cao
UNRESOLVED:doc_chuong-iii_muc-1_dieu-28_khoan-1_diem-d_p3930:e3 | Vốn đầu tư
UNRESOLVED:doc_chuong-iii_muc-1_dieu-28_khoan-1_diem-d_p3930:e4 | Giá trị quyền sử dụng đất
UNRESOLVED:doc_chuong-iii_muc-1_dieu-28_khoan-1_diem-d_p3930:e5 | Quy định của Chính phủ
UNRESOLVED:doc_chuong-iii_muc-1_dieu-28_khoan-1_diem-d_p4064:e4 | Quyền sử dụng đất
UNRESOLVED:doc_chuong-iii_muc-1_dieu-28_khoan-1_diem-e_p4162:e4 | Quyền sử dụng đất
UNRESOLVED:doc_chuong-iii_muc-1_dieu-28_khoan-1_diem-g_p4273:e5 | Quyền sử dụng đất
UNRESOLVED:doc_chuong-iii_muc-1_dieu-28_khoan-1_diem-h_p4356:e2 | Nhà ở gắn liền với quyền sử dụng đất ở
UNRESOLVED:doc_chuong-iii_muc-1_dieu-28_khoan-1_diem-h_p4356:e3 | Quyền sử dụng đất ở
UNRESOLVED:doc_chuong-iii_muc-1_dieu-28_khoan-1_diem-h_p4356:e5 | Tặng cho nhà ở gắn liền với quyền sử dụng đất ở
UNRESOLVED:doc_chuong-iii_muc-1_dieu-28_khoan-1_diem-i_p4791:e9 | Đất
UNRESOLVED:doc_chuong-iii_muc-1_dieu-28_khoan-1_diem-k_p5095:e10 | Cho thuê đất
UNRESOLVED:doc_chuong-iii_muc-1_dieu-28_khoan-1_diem-l_p5350:e7 | Quyền sử dụng đất
UNRESOLVED:doc_chuong-iii_muc-1_dieu-28_khoan-1_diem-l_p5350:e8 | Đất
UNRESOLVED:doc_chuong-iii_muc-1_dieu-28_khoan-1_diem-m_p5524:e5 | Quyền sử dụng đất
UNRESOLVED:doc_chuong-iii_muc-1_dieu-28_khoan-1_diem-m_p5524:e6 | Kết quả hòa giải thành về tranh chấp đất đai
UNRESOLVED:doc_chuong-iii_muc-1_dieu-28_khoan-1_diem-m_p5524:e7 | Thỏa thuận trong hợp đồng thế chấp để xử lý nợ
UNRESOLVED:doc_chuong-iii_muc-1_dieu-28_khoan-1_diem-m_p5524:e8 | Quyết định của cơ quan nhà nước có thẩm quyền về giải quyết tranh chấp đất đai
UNRESOLVED:doc_chuong-iii_muc-1_dieu-28_khoan-1_diem-m_p5524:e9 | Bản án, quyết định của Tòa án
UNRESOLVED:doc_chuong-iii_muc-1_dieu-28_khoan-1_diem-m_p5524:e10 | Quyết định thi hành án của cơ quan thi hành án
UNRESOLVED:doc_chuong-iii_muc-1_dieu-28_khoan-1_diem-m_p5524:e11 | Quyết định hoặc phán quyết của Trọng tài thương mại Việt Nam
UNRESOLVED:doc_chuong-iii_muc-1_dieu-28_khoan-1_diem-m_p5524:e12 | Văn bản công nhận kết quả đấu giá quyền sử dụng đất
UNRESOLVED:doc_chuong-iii_muc-1_dieu-28_khoan-1_diem-m_p5524:e13 | Văn bản về việc chia, tách quyền sử dụng đất
UNRESOLVED:doc_chuong-iii_muc-1_dieu-28_khoan-1_diem-n_p6316:e4 | Quyền sử dụng đất
UNRESOLVED:doc_chuong-iii_muc-1_dieu-28_khoan-1_diem-n_p6316:e5 | Kết quả hòa giải thành về tranh chấp đất đai
UNRESOLVED:doc_chuong-iii_muc-1_dieu-28_khoan-1_diem-n_p6316:e6 | Ủy ban nhân dân cấp có thẩm quyền
UNRESOLVED:doc_chuong-iii_muc-1_dieu-28_khoan-1_diem-o_p6776:e2 | quyền sử dụng đất
UNRESOLVED:doc_chuong-iii_muc-1_dieu-28_khoan-2_p7178:e4 | quyền sử dụng đất
UNRESOLVED:doc_chuong-iii_muc-1_dieu-28_khoan-2_p7178:e5 | trừ trường hợp quy định tại khoản 8 Điều 45 và Điều 48
UNRESOLVED:doc_chuong-iii_muc-1_dieu-28_khoan-3_p7394:e1 | Khu vực hạn chế tiếp cận đất đai
UNRESOLVED:doc_chuong-iii_muc-1_dieu-28_khoan-3_p7394:e2 | Nhận quyền sử dụng đất
UNRESOLVED:doc_chuong-iii_muc-1_dieu-29_khoan-1_p7605:e1 | Quyền đối với thửa đất liền kề
UNRESOLVED:doc_chuong-iii_muc-1_dieu-29_khoan-1_p7605:e2 | lối đi
UNRESOLVED:doc_chuong-iii_muc-1_dieu-29_khoan-1_p7605:e9 | thông tin liên lạc
UNRESOLVED:doc_chuong-iii_muc-1_dieu-29_khoan-1_p7605:e10 | các nhu cầu cần thiết khác
UNRESOLVED:doc_chuong-iii_muc-1_dieu-29_khoan-2_p7834:e1 | Quyền đối với thửa đất liền kề
UNRESOLVED:doc_chuong-iii_muc-1_dieu-29_khoan-2_p7834:e2 | Đăng ký
UNRESOLVED:doc_chuong-iii_muc-1_dieu-30_khoan-1_p8171:e3 | Chuyển sang thuê đất trả tiền thuê đất một lần
UNRESOLVED:doc_chuong-iii_muc-1_dieu-30_khoan-1_p8171:e4 | Giá đất
UNRESOLVED:doc_chuong-iii_muc-1_dieu-30_khoan-1_p8171:e5 | Thời gian thuê đất còn lại
UNRESOLVED:doc_chuong-iii_muc-1_dieu-30_khoan-2_p8782:e6 | Tiền thuê đất
UNRESOLVED:doc_chuong-iii_muc-1_dieu-30_khoan-2_p8782:e7 | Tiền thuê đất hằng năm
UNRESOLVED:doc_chuong-iii_muc-1_dieu-30_khoan-3_p9133:e4 | Phần diện tích đó
UNRESOLVED:doc_chuong-iii_muc-1_dieu-31_khoan-1_p9477:e2 | Sử dụng đất
UNRESOLVED:doc_chuong-iii_muc-1_dieu-31_khoan-1_p9477:e3 | Mục đích
UNRESOLVED:doc_chuong-iii_muc-1_dieu-31_khoan-1_p9477:e4 | Ranh giới thửa đất
UNRESOLVED:doc_chuong-iii_muc-1_dieu-31_khoan-1_p9477:e5 | Quy định về sử dụng độ sâu trong lòng đất
UNRESOLVED:doc_chuong-iii_muc-1_dieu-31_khoan-1_p9477:e6 | Chiều cao trên không
UNRESOLVED:doc_chuong-iii_muc-1_dieu-31_khoan-1_p9477:e7 | Công trình công cộng trong lòng đất
UNRESOLVED:doc_chuong-iii_muc-1_dieu-31_khoan-1_p9477:e8 | Quy định khác của pháp luật có liên quan
UNRESOLVED:doc_chuong-iii_muc-1_dieu-31_khoan-2_p9703:e3 | Thủ tục
UNRESOLVED:doc_chuong-iii_muc-1_dieu-31_khoan-2_p9703:e4 | Chuyển đổi
UNRESOLVED:doc_chuong-iii_muc-1_dieu-31_khoan-2_p9703:e7 | Cho thuê lại
UNRESOLVED:doc_chuong-iii_muc-1_dieu-31_khoan-2_p9703:e8 | Thừa kế
UNRESOLVED:doc_chuong-iii_muc-1_dieu-31_khoan-2_p9703:e12 | Quyền sử dụng đất
UNRESOLVED:doc_chuong-iii_muc-1_dieu-31_khoan-4_p9994:e2 | Thực hiện biện pháp bảo vệ đất
UNRESOLVED:doc_chuong-iii_muc-1_dieu-31_khoan-4_p9994:e3 | Khu vực đất bị ô nhiễm, thoái hóa
UNRESOLVED:doc_chuong-iii_muc-1_dieu-31_khoan-5_p10115:e2 | Tuân thủ quy định về bảo vệ môi trường
UNRESOLVED:doc_chuong-iii_muc-1_dieu-31_khoan-5_p10115:e3 | Tài sản và lợi ích hợp pháp
UNRESOLVED:doc_chuong-iii_muc-1_dieu-31_khoan-7_p10310:e2 | Bàn giao lại đất
UNRESOLVED:doc_chuong-iii_muc-1_dieu-31_khoan-7_p10310:e3 | Đất
UNRESOLVED:doc_chuong-iii_muc-1_dieu-31_khoan-7_p10310:e4 | Theo quy định của pháp luật
UNRESOLVED:doc_chuong-iii_muc-2_dieu-32_khoan-1_p10650:e1 | Tổ chức trong nước, tổ chức tôn giáo, tổ chức tôn giáo trực thuộc
UNRESOLVED:doc_chuong-iii_muc-2_dieu-32_khoan-1_p10650:e3 | Đất
UNRESOLVED:doc_chuong-iii_muc-2_dieu-32_khoan-2_p10839:e1 | Tổ chức trong nước, tổ chức tôn giáo, tổ chức tôn giáo trực thuộc
UNRESOLVED:doc_chuong-iii_muc-2_dieu-32_khoan-2_p10839:e3 | Quyền chuyển đổi, chuyển nhượng, tặng cho, cho thuê quyền sử dụng đất, thế chấp, góp vốn bằng quyền sử dụng đất
UNRESOLVED:doc_chuong-iii_muc-2_dieu-33_khoan-1_p11236:e3 | Giao đất
UNRESOLVED:doc_chuong-iii_muc-2_dieu-33_khoan-1_p11236:e4 | Thu tiền sử dụng đất
UNRESOLVED:doc_chuong-iii_muc-2_dieu-33_khoan-1_p11236:e5 | Cho thuê đất
UNRESOLVED:doc_chuong-iii_muc-2_dieu-33_khoan-1_p11236:e6 | Thu tiền thuê đất
UNRESOLVED:doc_chuong-iii_muc-2_dieu-33_khoan-1_p11236:e7 | Một lần cho cả thời gian thuê
UNRESOLVED:doc_chuong-iii_muc-2_dieu-33_khoan-1_diem-a_p11392:e2 | Quyền và nghĩa vụ chung
UNRESOLVED:doc_chuong-iii_muc-2_dieu-33_khoan-1_diem-b_p11462:e3 | Quyền sử dụng đất
UNRESOLVED:doc_chuong-iii_muc-2_dieu-33_khoan-1_diem-c_p11543:e3 | Tài sản thuộc sở hữu của mình gắn liền với đất
UNRESOLVED:doc_chuong-iii_muc-2_dieu-33_khoan-1_diem-c_p11543:e5 | Quyền sử dụng đất
UNRESOLVED:doc_chuong-iii_muc-2_dieu-33_khoan-1_diem-d_p12187:e3 | quyền sử dụng đất
UNRESOLVED:doc_chuong-iii_muc-2_dieu-33_khoan-1_diem-d_p12187:e4 | tài sản thuộc sở hữu của mình gắn liền với đất
UNRESOLVED:doc_chuong-iii_muc-2_dieu-33_khoan-1_diem-d_p12187:e8 | quy định của pháp luật
UNRESOLVED:doc_chuong-iii_muc-2_dieu-33_khoan-1_diem-e_p12391:e3 | Quyền sử dụng đất
UNRESOLVED:doc_chuong-iii_muc-2_dieu-33_khoan-1_diem-e_p12391:e4 | Tài sản thuộc sở hữu của mình
UNRESOLVED:doc_chuong-iii_muc-2_dieu-33_khoan-2_p12614:e3 | Thuê đất
UNRESOLVED:doc_chuong-iii_muc-2_dieu-33_khoan-2_p12614:e4 | Tiền thuê đất
UNRESOLVED:doc_chuong-iii_muc-2_dieu-33_khoan-2_p12614:e5 | Thời gian thuê
UNRESOLVED:doc_chuong-iii_muc-2_dieu-33_khoan-2_p12614:e6 | Điều 202
UNRESOLVED:doc_chuong-iii_muc-2_dieu-33_khoan-3_diem-a_p13127:e3 | đất
UNRESOLVED:doc_chuong-iii_muc-2_dieu-33_khoan-3_diem-a_p13127:e5 | miễn hoặc giảm tiền sử dụng đất
UNRESOLVED:doc_chuong-iii_muc-2_dieu-33_khoan-3_diem-b_p13433:e3 | Giao đất
UNRESOLVED:doc_chuong-iii_muc-2_dieu-33_khoan-3_diem-b_p13433:e4 | Cho thuê đất
UNRESOLVED:doc_chuong-iii_muc-2_dieu-33_khoan-3_diem-b_p13433:e5 | Quyền và nghĩa vụ
UNRESOLVED:doc_chuong-iii_muc-2_dieu-33_khoan-3_diem-b_p13433:e6 | Tiền sử dụng đất
UNRESOLVED:doc_chuong-iii_muc-2_dieu-33_khoan-3_diem-b_p13433:e7 | Tiền thuê đất
UNRESOLVED:doc_chuong-iii_muc-2_dieu-33_khoan-3_diem-b_p13433:e8 | Miễn, giảm tiền sử dụng đất, tiền thuê đất
UNRESOLVED:doc_chuong-iii_muc-2_dieu-33_khoan-3_diem-b_p13433:e9 | Trừ trường hợp pháp luật có liên quan có quy định khác
UNRESOLVED:doc_chuong-iii_muc-2_dieu-34_khoan-1_diem-a_p14396:e1 | Tổ chức kinh tế, tổ chức tôn giáo, tổ chức tôn giáo trực thuộc
UNRESOLVED:doc_chuong-iii_muc-2_dieu-34_khoan-1_diem-a_p14396:e3 | Quyền và nghĩa vụ chung
UNRESOLVED:doc_chuong-iii_muc-2_dieu-34_khoan-1_diem-b_p14466:e2 | Thế chấp tài sản thuộc sở hữu của mình gắn liền với đất
UNRESOLVED:doc_chuong-iii_muc-2_dieu-34_khoan-1_diem-b_p14466:e3 | Tài sản
UNRESOLVED:doc_chuong-iii_muc-2_dieu-34_khoan-1_diem-b_p14466:e4 | Đất
UNRESOLVED:doc_chuong-iii_muc-2_dieu-34_khoan-1_diem-c_p14648:e1 | Tổ chức kinh tế, tổ chức tôn giáo, tổ chức tôn giáo trực thuộc
UNRESOLVED:doc_chuong-iii_muc-2_dieu-34_khoan-1_diem-c_p14648:e2 | Bán tài sản thuộc sở hữu của mình gắn liền với đất
UNRESOLVED:doc_chuong-iii_muc-2_dieu-34_khoan-1_diem-c_p14648:e3 | Quyền thuê trong hợp đồng thuê đất
UNRESOLVED:doc_chuong-iii_muc-2_dieu-34_khoan-1_diem-c_p14648:e6 | Tiếp tục thuê đất
UNRESOLVED:doc_chuong-iii_muc-2_dieu-34_khoan-1_diem-c_p14648:e7 | Các quyền và nghĩa vụ của người sử dụng đất
UNRESOLVED:doc_chuong-iii_muc-2_dieu-34_khoan-1_diem-d_p15135:e1 | Tổ chức kinh tế, tổ chức tôn giáo, tổ chức tôn giáo trực thuộc
UNRESOLVED:doc_chuong-iii_muc-2_dieu-34_khoan-1_diem-d_p15135:e2 | Góp vốn bằng tài sản thuộc sở hữu của mình gắn liền với đất
UNRESOLVED:doc_chuong-iii_muc-2_dieu-34_khoan-1_diem-d_p15135:e3 | Đất
UNRESOLVED:doc_chuong-iii_muc-2_dieu-34_khoan-1_diem-d_p15135:e6 | Tiếp tục cho thuê đất
UNRESOLVED:doc_chuong-iii_muc-2_dieu-34_khoan-1_diem-d_p15343:e1 | Tổ chức kinh tế, tổ chức tôn giáo, tổ chức tôn giáo trực thuộc
UNRESOLVED:doc_chuong-iii_muc-2_dieu-34_khoan-1_diem-d_p15343:e2 | Cho thuê tài sản thuộc sở hữu của mình gắn liền với đất và quyền thuê trong hợp đồng thuê đất
UNRESOLVED:doc_chuong-iii_muc-2_dieu-34_khoan-1_diem-d_p15343:e3 | Đất
UNRESOLVED:doc_chuong-iii_muc-2_dieu-34_khoan-1_diem-e_p15442:e1 | Tổ chức kinh tế, tổ chức tôn giáo, tổ chức tôn giáo trực thuộc
UNRESOLVED:doc_chuong-iii_muc-2_dieu-34_khoan-1_diem-e_p15442:e3 | Quyền sử dụng đất
UNRESOLVED:doc_chuong-iii_muc-2_dieu-34_khoan-2_p15825:e3 | Đất
UNRESOLVED:doc_chuong-iii_muc-2_dieu-34_khoan-2_p15825:e6 | Quyền góp vốn
UNRESOLVED:doc_chuong-iii_muc-2_dieu-34_khoan-2_p15825:e7 | Quyền thuê
UNRESOLVED:doc_chuong-iii_muc-2_dieu-34_khoan-2_p15825:e8 | Mục đích khác
UNRESOLVED:doc_chuong-iii_muc-2_dieu-34_khoan-2_diem-a_p16355:e3 | Đất
UNRESOLVED:doc_chuong-iii_muc-2_dieu-34_khoan-2_diem-a_p16355:e4 | Khai thác, sử dụng
UNRESOLVED:doc_chuong-iii_muc-2_dieu-34_khoan-2_diem-a_p16355:e6 | Pháp luật về xây dựng
UNRESOLVED:doc_chuong-iii_muc-2_dieu-34_khoan-2_diem-a_p16355:e7 | Quy định của pháp luật
UNRESOLVED:doc_chuong-iii_muc-2_dieu-34_khoan-2_diem-b_p16777:e3 | Tài sản công
UNRESOLVED:doc_chuong-iii_muc-2_dieu-34_khoan-2_diem-b_p16777:e4 | Đề án sử dụng tài sản công
UNRESOLVED:doc_chuong-iii_muc-2_dieu-34_khoan-2_diem-b_p16777:e5 | Mục đích cho thuê, liên doanh, liên kết
UNRESOLVED:doc_chuong-iii_muc-2_dieu-34_khoan-3_p17074:e3 | Quyền và nghĩa vụ
UNRESOLVED:doc_chuong-iii_muc-2_dieu-35_khoan-1_p17394:e3 | Điều 26 và Điều 31
UNRESOLVED:doc_chuong-iii_muc-2_dieu-35_khoan-3_diem-a_p17947:e2 | Nhận chuyển nhượng
UNRESOLVED:doc_chuong-iii_muc-2_dieu-35_khoan-3_diem-a_p17947:e3 | Không chuyển mục đích sử dụng đất
UNRESOLVED:doc_chuong-iii_muc-2_dieu-35_khoan-3_diem-a_p17947:e4 | Quyền và nghĩa vụ quy định tại khoản 1 và khoản 3 Điều 33
UNRESOLVED:doc_chuong-iii_muc-2_dieu-35_khoan-3_diem-b_p18093:e5 | Quyền và nghĩa vụ
UNRESOLVED:doc_chuong-iii_muc-2_dieu-35_khoan-3_diem-b_p18093:e7 | Giao đất có thu tiền sử dụng đất
UNRESOLVED:doc_chuong-iii_muc-2_dieu-35_khoan-3_diem-b_p18093:e8 | Cho thuê đất thu tiền thuê đất một lần cho cả thời gian thuê
UNRESOLVED:doc_chuong-iii_muc-2_dieu-35_khoan-3_diem-c_p18366:e5 | Quyền và nghĩa vụ
UNRESOLVED:doc_chuong-iii_muc-2_dieu-35_khoan-3_diem-c_p18366:e6 | Điều 34
UNRESOLVED:doc_chuong-iii_muc-2_dieu-35_khoan-3_diem-c_p18366:e7 | Thuê đất thu tiền thuê đất hằng năm
UNRESOLVED:doc_chuong-iii_muc-2_dieu-35_khoan-4_diem-a_p18800:e3 | đất có thu tiền sử dụng đất
UNRESOLVED:doc_chuong-iii_muc-2_dieu-35_khoan-4_diem-a_p18800:e4 | đất cho thuê
UNRESOLVED:doc_chuong-iii_muc-2_dieu-35_khoan-4_diem-b_p19014:e2 | cho thuê đất
UNRESOLVED:doc_chuong-iii_muc-2_dieu-35_khoan-4_diem-b_p19014:e3 | tiền thuê đất
UNRESOLVED:doc_chuong-iii_muc-2_dieu-35_khoan-4_diem-b_p19014:e4 | quyền và nghĩa vụ
UNRESOLVED:doc_chuong-iii_muc-2_dieu-36_khoan-1_p19302:e3 | Quyền và nghĩa vụ quy định tại Điều 33 của Luật này
UNRESOLVED:doc_chuong-iii_muc-2_dieu-36_khoan-1_p19302:e5 | Trong các trường hợp sau đây
UNRESOLVED:doc_chuong-iii_muc-2_dieu-36_khoan-1_diem-a_p19477:e2 | Đất
UNRESOLVED:doc_chuong-iii_muc-2_dieu-36_khoan-2_diem-a_p19897:e2 | Thu hồi đất
UNRESOLVED:doc_chuong-iii_muc-2_dieu-36_khoan-2_diem-a_p19897:e3 | Đất
UNRESOLVED:doc_chuong-iii_muc-2_dieu-36_khoan-2_diem-b_p20347:e3 | Quyền sử dụng đất
UNRESOLVED:doc_chuong-iii_muc-2_dieu-36_khoan-2_diem-b_p20347:e4 | Điều lệ của hợp tác xã
UNRESOLVED:doc_chuong-iii_muc-2_dieu-36_khoan-2_diem-b_p20347:e5 | Nghị quyết của đại hội thành viên
UNRESOLVED:doc_chuong-iii_muc-2_dieu-36_khoan-3_p20984:e1 | Quyền sử dụng đất
UNRESOLVED:doc_chuong-iii_muc-3_dieu-37_khoan-1_diem-b_p21698:e2 | Chuyển đổi
UNRESOLVED:doc_chuong-iii_muc-3_dieu-37_khoan-1_diem-b_p21698:e3 | Quyền sử dụng đất nông nghiệp
UNRESOLVED:doc_chuong-iii_muc-3_dieu-37_khoan-1_diem-c_p21757:e3 | Quyền sử dụng đất
UNRESOLVED:doc_chuong-iii_muc-3_dieu-37_khoan-1_diem-c_p21757:e4 | Tài sản thuộc sở hữu của mình gắn liền với đất
UNRESOLVED:doc_chuong-iii_muc-3_dieu-37_khoan-1_diem-d_p21866:e3 | Quyền sử dụng đất
UNRESOLVED:doc_chuong-iii_muc-3_dieu-37_khoan-1_diem-d_p21866:e4 | Tài sản thuộc sở hữu của mình gắn liền với đất
UNRESOLVED:doc_chuong-iii_muc-3_dieu-37_khoan-1_diem-d_p21866:e5 | Thuê
UNRESOLVED:doc_chuong-iii_muc-3_dieu-37_khoan-1_diem-d_p22025:e3 | Tài sản thuộc sở hữu của mình gắn liền với đất của mình
UNRESOLVED:doc_chuong-iii_muc-3_dieu-37_khoan-1_diem-d_p22025:e5 | Giá trị của phần thừa kế đó
UNRESOLVED:doc_chuong-iii_muc-3_dieu-37_khoan-1_diem-e_p22461:e4 | Quyền sử dụng đất
UNRESOLVED:doc_chuong-iii_muc-3_dieu-37_khoan-1_diem-e_p22461:e5 | Tài sản thuộc sở hữu của mình
UNRESOLVED:doc_chuong-iii_muc-3_dieu-37_khoan-1_diem-e_p22461:e6 | Nhà tình nghĩa, nhà tình thương, nhà đại đoàn kết
UNRESOLVED:doc_chuong-iii_muc-3_dieu-37_khoan-1_diem-g_p22984:e3 | tài sản thuộc sở hữu của mình gắn liền với đất
UNRESOLVED:doc_chuong-iii_muc-3_dieu-37_khoan-1_diem-g_p22984:e5 | tổ chức kinh tế khác hoặc cá nhân
UNRESOLVED:doc_chuong-iii_muc-3_dieu-37_khoan-1_diem-h_p23181:e3 | Quyền sử dụng đất
UNRESOLVED:doc_chuong-iii_muc-3_dieu-37_khoan-1_diem-h_p23181:e4 | Tài sản thuộc sở hữu của mình gắn liền với đất
UNRESOLVED:doc_chuong-iii_muc-3_dieu-37_khoan-2_p23381:e4 | Đất
UNRESOLVED:doc_chuong-iii_muc-3_dieu-37_khoan-2_p23381:e5 | Tiền thuê đất hằng năm
UNRESOLVED:doc_chuong-iii_muc-3_dieu-37_khoan-2_diem-b_p23547:e3 | Bán tài sản thuộc sở hữu của mình gắn liền với đất
UNRESOLVED:doc_chuong-iii_muc-3_dieu-37_khoan-2_diem-b_p23547:e4 | Quyền thuê trong hợp đồng thuê đất
UNRESOLVED:doc_chuong-iii_muc-3_dieu-37_khoan-2_diem-c_p24048:e2 | Người được tặng cho tài sản
UNRESOLVED:doc_chuong-iii_muc-3_dieu-37_khoan-2_diem-c_p24048:e3 | Quyền thuê trong hợp đồng thuê đất
UNRESOLVED:doc_chuong-iii_muc-3_dieu-37_khoan-2_diem-c_p24048:e4 | Đất
UNRESOLVED:doc_chuong-iii_muc-3_dieu-37_khoan-2_diem-c_p24048:e6 | Cho thuê đất
UNRESOLVED:doc_chuong-iii_muc-3_dieu-37_khoan-2_diem-d_p24309:e3 | Tài sản thuộc sở hữu của mình gắn liền với đất
UNRESOLVED:doc_chuong-iii_muc-3_dieu-37_khoan-2_diem-d_p24309:e4 | Quyền thuê trong hợp đồng thuê đất
UNRESOLVED:doc_chuong-iii_muc-3_dieu-37_khoan-2_diem-d_p24415:e3 | Tài sản
UNRESOLVED:doc_chuong-iii_muc-3_dieu-37_khoan-2_diem-d_p24415:e4 | Đất
UNRESOLVED:doc_chuong-iii_muc-3_dieu-37_khoan-2_diem-e_p24600:e3 | Tài sản
UNRESOLVED:doc_chuong-iii_muc-3_dieu-37_khoan-2_diem-e_p24600:e4 | Thời hạn
UNRESOLVED:doc_chuong-iii_muc-3_dieu-37_khoan-2_diem-e_p24600:e6 | Đất
UNRESOLVED:doc_chuong-iii_muc-3_dieu-37_khoan-3_diem-a_p24987:e1 | Cá nhân thuê lại đất
UNRESOLVED:doc_chuong-iii_muc-3_dieu-37_khoan-3_diem-a_p24987:e2 | Trả tiền thuê đất một lần cho cả thời gian thuê
UNRESOLVED:doc_chuong-iii_muc-3_dieu-37_khoan-3_diem-a_p24987:e3 | Quyền và nghĩa vụ quy định tại khoản 1 Điều này
UNRESOLVED:doc_chuong-iii_muc-3_dieu-37_khoan-3_diem-b_p25125:e1 | Cá nhân thuê lại đất
UNRESOLVED:doc_chuong-iii_muc-3_dieu-37_khoan-3_diem-b_p25125:e3 | Tiền thuê đất
UNRESOLVED:doc_chuong-iii_muc-3_dieu-37_khoan-3_diem-b_p25125:e4 | Trong khu công nghiệp, cụm công nghiệp, khu công nghệ cao
UNRESOLVED:doc_chuong-iii_muc-3_dieu-37_khoan-3_diem-b_p25125:e5 | khoản 2 Điều này
UNRESOLVED:doc_chuong-iii_muc-3_dieu-37_khoan-4_p25242:e3 | Giao đất
UNRESOLVED:doc_chuong-iii_muc-3_dieu-37_khoan-4_p25242:e4 | Cho thuê đất
UNRESOLVED:doc_chuong-iii_muc-3_dieu-37_khoan-4_p25242:e5 | Miễn, giảm tiền sử dụng đất, tiền thuê đất
UNRESOLVED:doc_chuong-iii_muc-3_dieu-37_khoan-4_p25242:e6 | Không được miễn, không được giảm tiền sử dụng đất, tiền thuê đất
UNRESOLVED:doc_chuong-iii_muc-3_dieu-37_khoan-5_p25444:e2 | Tổ chức, cá nhân
UNRESOLVED:doc_chuong-iii_muc-3_dieu-38_khoan-1_p25756:e3 | Đất được Nhà nước giao đất không thu tiền sử dụng đất
UNRESOLVED:doc_chuong-iii_muc-3_dieu-38_khoan-1_p25756:e4 | Đất được Nhà nước giao đất có thu tiền sử dụng đất
UNRESOLVED:doc_chuong-iii_muc-3_dieu-38_khoan-2_diem-a_p26278:e2 | Quyền và nghĩa vụ quy định tại khoản 1 Điều 37 của Luật này
UNRESOLVED:doc_chuong-iii_muc-3_dieu-38_khoan-2_diem-a_p26278:e4 | Đất có thu tiền sử dụng đất
UNRESOLVED:doc_chuong-iii_muc-3_dieu-38_khoan-2_diem-a_p26278:e5 | Đất không thu tiền sử dụng đất
UNRESOLVED:doc_chuong-iii_muc-3_dieu-38_khoan-2_diem-a_p26278:e6 | Đất cho thuê
UNRESOLVED:doc_chuong-iii_muc-3_dieu-38_khoan-2_diem-a_p26278:e7 | Thời gian thuê
UNRESOLVED:doc_chuong-iii_muc-3_dieu-38_khoan-2_diem-b_p26470:e3 | Đất
UNRESOLVED:doc_chuong-iii_muc-3_dieu-38_khoan-2_diem-b_p26470:e4 | Trường hợp
UNRESOLVED:doc_chuong-iii_muc-3_dieu-39_khoan-2_p26765:e3 | quyền để thừa kế
UNRESOLVED:doc_chuong-iii_muc-3_dieu-39_khoan-2_p26765:e5 | giao đất không thu tiền sử dụng đất
UNRESOLVED:doc_chuong-iii_muc-4_dieu-40_khoan-1_diem-b_p27606:e3 | các công trình
UNRESOLVED:doc_chuong-iii_muc-4_dieu-40_khoan-1_diem-b_p27606:e4 | giấy phép
UNRESOLVED:doc_chuong-iii_muc-4_dieu-40_khoan-1_diem-c_p27699:e2 | Sở hữu công trình do mình xây dựng trên đất thuê trong thời hạn thuê đất
UNRESOLVED:doc_chuong-iii_muc-4_dieu-40_khoan-1_diem-c_p27699:e3 | đất thuê
UNRESOLVED:doc_chuong-iii_muc-4_dieu-40_khoan-1_diem-d_p27773:e2 | Trả lại đất
UNRESOLVED:doc_chuong-iii_muc-4_dieu-40_khoan-1_diem-d_p27773:e4 | Điều ước quốc tế
UNRESOLVED:doc_chuong-iii_muc-4_dieu-40_khoan-1_diem-d_p27773:e5 | Thỏa thuận quốc tế
UNRESOLVED:doc_chuong-iii_muc-4_dieu-40_khoan-1_diem-d_p27773:e6 | Quy định của pháp luật
UNRESOLVED:doc_chuong-iii_muc-4_dieu-40_khoan-2_p28006:e3 | Điều ước quốc tế
UNRESOLVED:doc_chuong-iii_muc-4_dieu-40_khoan-2_p28006:e5 | Điều ước quốc tế đó
UNRESOLVED:doc_chuong-iii_muc-4_dieu-41_khoan-1_p28366:e3 | Đất
UNRESOLVED:doc_chuong-iii_muc-4_dieu-41_khoan-1_p28366:e4 | Tiền sử dụng đất
UNRESOLVED:doc_chuong-iii_muc-4_dieu-41_khoan-2_p28544:e4 | Cho thuê đất
UNRESOLVED:doc_chuong-iii_muc-4_dieu-41_khoan-2_p28544:e5 | Thu tiền thuê đất hằng năm
UNRESOLVED:doc_chuong-iii_muc-4_dieu-41_khoan-2_diem-b_p28784:e1 | Người gốc Việt Nam định cư ở nước ngoài, tổ chức kinh tế có vốn đầu tư nước ngoài
UNRESOLVED:doc_chuong-iii_muc-4_dieu-41_khoan-2_diem-b_p28784:e3 | Tài sản thuộc sở hữu của mình gắn liền với đất
UNRESOLVED:doc_chuong-iii_muc-4_dieu-41_khoan-2_diem-c_p28899:e3 | Góp vốn bằng tài sản thuộc sở hữu của mình gắn liền với đất
UNRESOLVED:doc_chuong-iii_muc-4_dieu-41_khoan-2_diem-c_p28899:e4 | Đất
UNRESOLVED:doc_chuong-iii_muc-4_dieu-41_khoan-2_diem-c_p28899:e8 | Cho thuê đất
UNRESOLVED:doc_chuong-iii_muc-4_dieu-41_khoan-2_diem-c_p28899:e9 | Mục đích đã được xác định
UNRESOLVED:doc_chuong-iii_muc-4_dieu-41_khoan-2_diem-d_p29112:e3 | Bán tài sản thuộc sở hữu của mình gắn liền với đất
UNRESOLVED:doc_chuong-iii_muc-4_dieu-41_khoan-2_diem-d_p29112:e4 | Quyền thuê trong hợp đồng thuê đất
UNRESOLVED:doc_chuong-iii_muc-4_dieu-41_khoan-2_diem-d_p29112:e5 | Điều kiện quy định tại Điều 46 của Luật này
UNRESOLVED:doc_chuong-iii_muc-4_dieu-41_khoan-2_diem-d_p29112:e7 | Tiếp tục thuê đất
UNRESOLVED:doc_chuong-iii_muc-4_dieu-41_khoan-2_diem-d_p29112:e8 | Mục đích đã được xác định
UNRESOLVED:doc_chuong-iii_muc-4_dieu-41_khoan-2_diem-d_p29112:e9 | Thời hạn sử dụng đất còn lại
UNRESOLVED:doc_chuong-iii_muc-4_dieu-41_khoan-2_diem-d_p29572:e1 | Người gốc Việt Nam định cư ở nước ngoài, tổ chức kinh tế có vốn đầu tư nước ngoài
UNRESOLVED:doc_chuong-iii_muc-4_dieu-41_khoan-2_diem-d_p29572:e3 | Tài sản thuộc sở hữu của mình gắn liền với đất và quyền thuê trong hợp đồng thuê đất
UNRESOLVED:doc_chuong-iii_muc-4_dieu-41_khoan-2_diem-e_p29670:e5 | Đất đã được xây dựng xong kết cấu hạ tầng
UNRESOLVED:doc_chuong-iii_muc-4_dieu-41_khoan-2_diem-e_p29670:e6 | Sử dụng đất đúng mục đích
UNRESOLVED:doc_chuong-iii_muc-4_dieu-41_khoan-2_diem-e_p29670:e7 | Thực hiện nghĩa vụ tài chính
UNRESOLVED:doc_chuong-iii_muc-4_dieu-41_khoan-2_diem-e_p29670:e8 | Đất khu công nghiệp, cụm công nghiệp, khu công nghệ cao
UNRESOLVED:doc_chuong-iii_muc-4_dieu-41_khoan-3_p30039:e4 | Cho thuê đất
UNRESOLVED:doc_chuong-iii_muc-4_dieu-41_khoan-3_p30039:e5 | Giao đất
UNRESOLVED:doc_chuong-iii_muc-4_dieu-41_khoan-3_p30039:e6 | Đất
UNRESOLVED:doc_chuong-iii_muc-4_dieu-41_khoan-3_p30039:e7 | Tiền thuê đất
UNRESOLVED:doc_chuong-iii_muc-4_dieu-41_khoan-3_p30039:e8 | Tiền sử dụng đất
UNRESOLVED:doc_chuong-iii_muc-4_dieu-41_khoan-3_diem-b_p30408:e4 | Quyền sử dụng đất
UNRESOLVED:doc_chuong-iii_muc-4_dieu-41_khoan-3_diem-b_p30408:e5 | Tài sản thuộc sở hữu của mình gắn liền với đất
UNRESOLVED:doc_chuong-iii_muc-4_dieu-41_khoan-3_diem-c_p30516:e5 | Cho thuê lại
UNRESOLVED:doc_chuong-iii_muc-4_dieu-41_khoan-3_diem-c_p30516:e6 | Quyền sử dụng đất
UNRESOLVED:doc_chuong-iii_muc-4_dieu-41_khoan-3_diem-c_p30516:e7 | Tài sản thuộc sở hữu của mình gắn liền với đất
UNRESOLVED:doc_chuong-iii_muc-4_dieu-41_khoan-3_diem-d_p30633:e4 | Tài sản thuộc sở hữu của mình gắn liền với đất
UNRESOLVED:doc_chuong-iii_muc-4_dieu-41_khoan-4_p30850:e2 | Sử dụng đất
UNRESOLVED:doc_chuong-iii_muc-4_dieu-41_khoan-4_p30850:e3 | Nộp tiền sử dụng đất
UNRESOLVED:doc_chuong-iii_muc-4_dieu-41_khoan-4_p30850:e4 | Trả tiền thuê đất
UNRESOLVED:doc_chuong-iii_muc-4_dieu-41_khoan-4_p30850:e5 | Quyền và nghĩa vụ
UNRESOLVED:doc_chuong-iii_muc-4_dieu-41_khoan-4_p30850:e6 | Điều này
UNRESOLVED:doc_chuong-iii_muc-4_dieu-41_khoan-5_p31108:e4 | Giao đất
UNRESOLVED:doc_chuong-iii_muc-4_dieu-41_khoan-5_p31108:e5 | Cho thuê đất
UNRESOLVED:doc_chuong-iii_muc-4_dieu-41_khoan-5_p31108:e6 | Miễn, giảm tiền sử dụng đất, tiền thuê đất
UNRESOLVED:doc_chuong-iii_muc-4_dieu-41_khoan-5_p31108:e7 | Quyền và nghĩa vụ quy định tại khoản 3 Điều 33
UNRESOLVED:doc_chuong-iii_muc-4_dieu-42_khoan-1_p31581:e3 | Quyền sử dụng đất
UNRESOLVED:doc_chuong-iii_muc-4_dieu-42_khoan-1_p31581:e5 | Quyền và nghĩa vụ quy định tại khoản 3 Điều 41
UNRESOLVED:doc_chuong-iii_muc-4_dieu-42_khoan-2_diem-a_p32028:e3 | quyền sử dụng đất
UNRESOLVED:doc_chuong-iii_muc-4_dieu-42_khoan-2_diem-a_p32028:e5 | thu tiền thuê đất hằng năm
UNRESOLVED:doc_chuong-iii_muc-4_dieu-42_khoan-2_diem-b_p32355:e2 | Quyền sử dụng đất
UNRESOLVED:doc_chuong-iii_muc-4_dieu-42_khoan-2_diem-b_p32355:e4 | Điều 41
UNRESOLVED:doc_chuong-iii_muc-4_dieu-42_khoan-2_diem-c_p32703:e2 | Quyền sử dụng đất
UNRESOLVED:doc_chuong-iii_muc-4_dieu-42_khoan-2_diem-c_p32703:e4 | Điều 41
UNRESOLVED:doc_chuong-iii_muc-4_dieu-42_khoan-3_p33000:e3 | Đất
UNRESOLVED:doc_chuong-iii_muc-4_dieu-42_khoan-3_p33000:e4 | Giá trị quyền sử dụng đất
UNRESOLVED:doc_chuong-iii_muc-4_dieu-42_khoan-3_p33000:e6 | Quyền
UNRESOLVED:doc_chuong-iii_muc-4_dieu-42_khoan-3_p33000:e7 | Nghĩa vụ
UNRESOLVED:doc_chuong-iii_muc-4_dieu-43_khoan-1_p33702:e3 | Quyền sử dụng đất
UNRESOLVED:doc_chuong-iii_muc-4_dieu-43_khoan-1_p33702:e4 | khu công nghiệp, cụm công nghiệp, khu công nghệ cao
UNRESOLVED:doc_chuong-iii_muc-4_dieu-43_khoan-2_diem-a_p34109:e3 | Trả tiền thuê đất một lần cho cả thời gian thuê
UNRESOLVED:doc_chuong-iii_muc-4_dieu-43_khoan-2_diem-a_p34109:e4 | Trả tiền thuê lại đất một lần cho cả thời gian thuê lại
UNRESOLVED:doc_chuong-iii_muc-4_dieu-43_khoan-2_diem-a_p34109:e5 | Quyền và nghĩa vụ quy định tại khoản 1 và khoản 3 Điều 33
UNRESOLVED:doc_chuong-iii_muc-4_dieu-43_khoan-2_diem-b_p34304:e3 | Trả tiền thuê đất, thuê lại đất hằng năm
UNRESOLVED:doc_chuong-iii_muc-4_dieu-43_khoan-2_diem-b_p34304:e4 | Quyền và nghĩa vụ quy định tại khoản 1 Điều 34 của Luật này
UNRESOLVED:doc_chuong-iii_muc-4_dieu-44_khoan-1_p34692:e2 | Nhà ở gắn liền với quyền sử dụng đất ở
UNRESOLVED:doc_chuong-iii_muc-4_dieu-44_khoan-1_p34692:e3 | Quyền sử dụng đất ở
UNRESOLVED:doc_chuong-iii_muc-4_dieu-44_khoan-1_p34692:e4 | Nhập cảnh vào Việt Nam
UNRESOLVED:doc_chuong-iii_muc-4_dieu-44_khoan-2_p34926:e2 | quyền
UNRESOLVED:doc_chuong-iii_muc-4_dieu-44_khoan-2_p34926:e3 | nghĩa vụ
UNRESOLVED:doc_chuong-iii_muc-4_dieu-44_khoan-2_diem-a_p35046:e2 | Quyền và nghĩa vụ chung
UNRESOLVED:doc_chuong-iii_muc-4_dieu-44_khoan-2_diem-a_p35046:e3 | Điều 26 và Điều 31
UNRESOLVED:doc_chuong-iii_muc-4_dieu-44_khoan-2_diem-b_p35116:e4 | Giấy chứng nhận quyền sử dụng đất
UNRESOLVED:doc_chuong-iii_muc-4_dieu-44_khoan-2_diem-b_p35116:e5 | Quyền sử dụng đất
UNRESOLVED:doc_chuong-iii_muc-4_dieu-44_khoan-2_diem-c_p35701:e7 | Quyền sử dụng đất ở
UNRESOLVED:doc_chuong-iii_muc-4_dieu-44_khoan-2_diem-d_p35809:e3 | Nhà ở gắn liền với quyền sử dụng đất ở
UNRESOLVED:doc_chuong-iii_muc-4_dieu-44_khoan-3_p35912:e2 | Giấy chứng nhận quyền sử dụng đất, quyền sở hữu tài sản gắn liền với đất
UNRESOLVED:doc_chuong-iii_muc-4_dieu-44_khoan-3_diem-a_p36407:e3 | Quyền sử dụng đất
UNRESOLVED:doc_chuong-iii_muc-4_dieu-44_khoan-3_diem-b_p36548:e2 | Quyền sử dụng đất
UNRESOLVED:doc_chuong-iii_muc-4_dieu-44_khoan-3_diem-b_p36548:e3 | Điểm e khoản 1 Điều 37
UNRESOLVED:doc_chuong-iii_muc-4_dieu-44_khoan-3_diem-c_p36840:e4 | Sổ địa chính
UNRESOLVED:doc_chuong-iii_muc-4_dieu-44_khoan-3_diem-c_p36840:e5 | Trong trường hợp chưa chuyển nhượng hoặc chưa tặng cho quyền sử dụng đất
UNRESOLVED:doc_chuong-iii_muc-4_dieu-44_khoan-4_p37072:e2 | Nhà ở
UNRESOLVED:doc_chuong-iii_muc-4_dieu-44_khoan-4_p37072:e3 | Quyền sử dụng đất
UNRESOLVED:doc_chuong-iii_muc-4_dieu-44_khoan-4_p37072:e4 | Giấy chứng nhận quyền sử dụng đất, quyền sở hữu tài sản gắn liền với đất
UNRESOLVED:doc_chuong-iii_muc-4_dieu-44_khoan-4_p37072:e5 | Hồ sơ về việc nhận thừa kế
UNRESOLVED:doc_chuong-iii_muc-4_dieu-44_khoan-4_p37072:e6 | Sổ địa chính
UNRESOLVED:doc_chuong-iii_muc-4_dieu-44_khoan-4_p37072:e7 | Phân chia thừa kế
UNRESOLVED:doc_chuong-iii_muc-4_dieu-44_khoan-5_p38031:e2 | Ủy quyền
UNRESOLVED:doc_chuong-iii_muc-4_dieu-44_khoan-5_p38031:e3 | Trông nom hoặc tạm sử dụng đất
UNRESOLVED:doc_chuong-iii_muc-4_dieu-44_khoan-5_p38031:e4 | Nghĩa vụ
UNRESOLVED:doc_chuong-iii_muc-4_dieu-44_khoan-5_p38031:e5 | Quy định của pháp luật về đất đai
UNRESOLVED:doc_chuong-iii_muc-5_dieu-45_khoan-1_p38579:e2 | Chuyển đổi
UNRESOLVED:doc_chuong-iii_muc-5_dieu-45_khoan-1_p38579:e5 | Cho thuê lại
UNRESOLVED:doc_chuong-iii_muc-5_dieu-45_khoan-1_p38579:e6 | Thừa kế
UNRESOLVED:doc_chuong-iii_muc-5_dieu-45_khoan-1_p38579:e10 | Quyền sử dụng đất
UNRESOLVED:doc_chuong-iii_muc-5_dieu-45_khoan-1_diem-a_p38784:e2 | Giấy chứng nhận quyền sử dụng đất
UNRESOLVED:doc_chuong-iii_muc-5_dieu-45_khoan-1_diem-a_p38784:e3 | Giấy chứng nhận quyền sở hữu nhà ở và quyền sử dụng đất ở
UNRESOLVED:doc_chuong-iii_muc-5_dieu-45_khoan-1_diem-a_p38784:e4 | Giấy chứng nhận quyền sử dụng đất, quyền sở hữu nhà ở và tài sản khác gắn liền với đất
UNRESOLVED:doc_chuong-iii_muc-5_dieu-45_khoan-1_diem-a_p38784:e5 | Giấy chứng nhận quyền sử dụng đất, quyền sở hữu tài sản gắn liền với đất
UNRESOLVED:doc_chuong-iii_muc-5_dieu-45_khoan-1_diem-a_p38784:e6 | thừa kế quyền sử dụng đất
UNRESOLVED:doc_chuong-iii_muc-5_dieu-45_khoan-1_diem-b_p39292:e2 | Chuyển đổi
UNRESOLVED:doc_chuong-iii_muc-5_dieu-45_khoan-1_diem-b_p39292:e5 | Cho thuê lại
UNRESOLVED:doc_chuong-iii_muc-5_dieu-45_khoan-1_diem-b_p39292:e6 | Thừa kế
UNRESOLVED:doc_chuong-iii_muc-5_dieu-45_khoan-1_diem-b_p39292:e10 | Quyền sử dụng đất
UNRESOLVED:doc_chuong-iii_muc-5_dieu-45_khoan-1_diem-b_p39292:e12 | Tranh chấp đã được giải quyết
UNRESOLVED:doc_chuong-iii_muc-5_dieu-45_khoan-1_diem-c_p39485:e2 | Quyền sử dụng đất
UNRESOLVED:doc_chuong-iii_muc-5_dieu-45_khoan-1_diem-c_p39485:e3 | Không bị kê biên
UNRESOLVED:doc_chuong-iii_muc-5_dieu-45_khoan-1_diem-d_p39643:e2 | Quyền sử dụng đất
UNRESOLVED:doc_chuong-iii_muc-5_dieu-45_khoan-1_diem-d_p39643:e3 | biện pháp khẩn cấp tạm thời
UNRESOLVED:doc_chuong-iii_muc-5_dieu-45_khoan-2_p39738:e3 | Quyền sử dụng đất
UNRESOLVED:doc_chuong-iii_muc-5_dieu-45_khoan-2_p39738:e4 | Điều kiện khác
UNRESOLVED:doc_chuong-iii_muc-5_dieu-45_khoan-3_p39986:e2 | Chuyển đổi
UNRESOLVED:doc_chuong-iii_muc-5_dieu-45_khoan-3_p39986:e5 | Cho thuê lại
UNRESOLVED:doc_chuong-iii_muc-5_dieu-45_khoan-3_p39986:e6 | Thừa kế
UNRESOLVED:doc_chuong-iii_muc-5_dieu-45_khoan-3_p39986:e8 | Quyền sử dụng đất
UNRESOLVED:doc_chuong-iii_muc-5_dieu-45_khoan-3_p39986:e11 | Điều kiện
UNRESOLVED:doc_chuong-iii_muc-5_dieu-45_khoan-3_diem-a_p40271:e2 | Mua, bán tài sản gắn liền với đất
UNRESOLVED:doc_chuong-iii_muc-5_dieu-45_khoan-3_diem-a_p40271:e3 | Quyền thuê trong hợp đồng thuê đất
UNRESOLVED:doc_chuong-iii_muc-5_dieu-45_khoan-3_diem-c_p40594:e2 | quyền sử dụng đất
UNRESOLVED:doc_chuong-iii_muc-5_dieu-45_khoan-4_p40816:e2 | Giấy chứng nhận quyền sử dụng đất
UNRESOLVED:doc_chuong-iii_muc-5_dieu-45_khoan-4_p40816:e3 | Giấy chứng nhận quyền sở hữu nhà ở và quyền sử dụng đất ở
UNRESOLVED:doc_chuong-iii_muc-5_dieu-45_khoan-4_p40816:e4 | Giấy chứng nhận quyền sử dụng đất, quyền sở hữu nhà ở và tài sản khác gắn liền với đất
UNRESOLVED:doc_chuong-iii_muc-5_dieu-45_khoan-4_p40816:e5 | Giấy chứng nhận quyền sử dụng đất, quyền sở hữu tài sản gắn liền với đất
UNRESOLVED:doc_chuong-iii_muc-5_dieu-45_khoan-5_p41303:e2 | Nghĩa vụ tài chính
UNRESOLVED:doc_chuong-iii_muc-5_dieu-45_khoan-5_p41303:e3 | Chậm thực hiện
UNRESOLVED:doc_chuong-iii_muc-5_dieu-45_khoan-5_p41303:e4 | Ghi nợ
UNRESOLVED:doc_chuong-iii_muc-5_dieu-45_khoan-7_p41970:e1 | Cá nhân không trực tiếp sản xuất nông nghiệp
UNRESOLVED:doc_chuong-iii_muc-5_dieu-45_khoan-7_p41970:e2 | Nhận chuyển nhượng
UNRESOLVED:doc_chuong-iii_muc-5_dieu-45_khoan-7_p41970:e3 | Nhận tặng cho
UNRESOLVED:doc_chuong-iii_muc-5_dieu-45_khoan-7_p41970:e4 | Quyền sử dụng đất trồng lúa
UNRESOLVED:doc_chuong-iii_muc-5_dieu-45_khoan-7_p41970:e5 | Quá hạn mức quy định tại Điều 176
UNRESOLVED:doc_chuong-iii_muc-5_dieu-45_khoan-7_p41970:e6 | Trừ trường hợp người nhận tặng cho là người thuộc hàng thừa kế
UNRESOLVED:doc_chuong-iii_muc-5_dieu-45_khoan-7_p41970:e7 | Điều 176
UNRESOLVED:doc_chuong-iii_muc-5_dieu-45_khoan-8_diem-a_p42458:e2 | Nhận chuyển nhượng
UNRESOLVED:doc_chuong-iii_muc-5_dieu-45_khoan-8_diem-a_p42458:e3 | Quyền sử dụng đất rừng phòng hộ, đất rừng đặc dụng
UNRESOLVED:doc_chuong-iii_muc-5_dieu-45_khoan-8_diem-a_p42458:e4 | Trừ trường hợp được chuyển mục đích sử dụng đất theo quy hoạch, kế hoạch sử dụng đất đã được cơ quan có thẩm quyền phê duyệt
UNRESOLVED:doc_chuong-iii_muc-5_dieu-45_khoan-8_diem-b_p42694:e2 | Nhận chuyển nhượng
UNRESOLVED:doc_chuong-iii_muc-5_dieu-45_khoan-8_diem-b_p42694:e3 | Nhận tặng cho
UNRESOLVED:doc_chuong-iii_muc-5_dieu-45_khoan-8_diem-b_p42694:e4 | Quyền sử dụng đất
UNRESOLVED:doc_chuong-iii_muc-5_dieu-45_khoan-8_diem-b_p42694:e5 | Khu vực rừng phòng hộ
UNRESOLVED:doc_chuong-iii_muc-5_dieu-45_khoan-8_diem-b_p42694:e6 | Rừng đặc dụng
UNRESOLVED:doc_chuong-iii_muc-5_dieu-45_khoan-8_diem-c_p42959:e1 | Tổ chức, cá nhân, cộng đồng dân cư, tổ chức tôn giáo, tổ chức tôn giáo trực thuộc, người gốc Việt Nam định cư ở nước ngoài, tổ chức kinh tế có vốn đầu tư nước ngoài
UNRESOLVED:doc_chuong-iii_muc-5_dieu-45_khoan-8_diem-c_p42959:e2 | quyền sử dụng đất
UNRESOLVED:doc_chuong-iii_muc-5_dieu-45_khoan-8_diem-c_p42959:e3 | pháp luật không cho phép
UNRESOLVED:doc_chuong-iii_muc-5_dieu-46_khoan-1_diem-a_p43572:e1 | Tổ chức kinh tế, cá nhân, người gốc Việt Nam định cư ở nước ngoài, tổ chức kinh tế có vốn đầu tư nước ngoài
UNRESOLVED:doc_chuong-iii_muc-5_dieu-46_khoan-1_diem-a_p43572:e2 | Bán tài sản gắn liền với đất
UNRESOLVED:doc_chuong-iii_muc-5_dieu-46_khoan-1_diem-a_p43572:e3 | Tài sản gắn liền với đất thuê
UNRESOLVED:doc_chuong-iii_muc-5_dieu-46_khoan-1_diem-a_p43572:e4 | Được tạo lập hợp pháp và đã được đăng ký theo quy định của pháp luật
UNRESOLVED:doc_chuong-iii_muc-5_dieu-46_khoan-1_diem-b_p43672:e1 | Tổ chức kinh tế, cá nhân, người gốc Việt Nam định cư ở nước ngoài, tổ chức kinh tế có vốn đầu tư nước ngoài
UNRESOLVED:doc_chuong-iii_muc-5_dieu-46_khoan-1_diem-b_p43672:e2 | Bán tài sản gắn liền với đất
UNRESOLVED:doc_chuong-iii_muc-5_dieu-46_khoan-1_diem-b_p43672:e3 | Tài sản gắn liền với đất
UNRESOLVED:doc_chuong-iii_muc-5_dieu-46_khoan-1_diem-b_p43672:e4 | Đã hoàn thành việc xây dựng theo đúng quy hoạch xây dựng chi tiết và dự án đầu tư đã được phê duyệt, chấp thuận (nếu có)
UNRESOLVED:doc_chuong-iii_muc-5_dieu-46_khoan-1_diem-b_p43672:e5 | Trừ trường hợp phải thực hiện theo bản án, quyết định của Tòa án đã có hiệu lực thi hành, quyết định cưỡng chế của cơ quan thi hành án dân sự hoặc kết luận của cơ quan nhà nước có thẩm quyền về thanh tra, kiểm tra
UNRESOLVED:doc_chuong-iii_muc-5_dieu-46_khoan-3_p44416:e2 | Sử dụng đất đúng mục đích
UNRESOLVED:doc_chuong-iii_muc-5_dieu-46_khoan-3_p44416:e5 | Điều này
UNRESOLVED:doc_chuong-iii_muc-5_dieu-46_khoan-4_p44769:e1 | Tài sản gắn liền với đất
UNRESOLVED:doc_chuong-iii_muc-5_dieu-46_khoan-4_p44769:e2 | Công trình xây dựng
UNRESOLVED:doc_chuong-iii_muc-5_dieu-46_khoan-4_p44769:e3 | Giấy chứng nhận quyền sử dụng đất
UNRESOLVED:doc_chuong-iii_muc-5_dieu-46_khoan-4_p44769:e4 | Quyền sở hữu tài sản gắn liền với đất
UNRESOLVED:doc_chuong-iii_muc-5_dieu-46_khoan-4_p44769:e5 | Điều kiện tách thửa
UNRESOLVED:doc_chuong-iii_muc-5_dieu-46_khoan-5_p44959:e2 | Bán tài sản gắn liền với đất
UNRESOLVED:doc_chuong-iii_muc-5_dieu-46_khoan-5_p44959:e4 | Điều kiện khác theo quy định của Luật Kinh doanh bất động sản
UNRESOLVED:doc_chuong-iii_muc-5_dieu-47_p45245:e2 | Chuyển đổi
UNRESOLVED:doc_chuong-iii_muc-5_dieu-47_p45245:e3 | Quyền sử dụng đất nông nghiệp
UNRESOLVED:doc_chuong-iii_muc-5_dieu-47_p45245:e4 | Không phải nộp thuế thu nhập
UNRESOLVED:doc_chuong-iii_muc-5_dieu-48_khoan-1_p45727:e3 | quyền sử dụng đất
UNRESOLVED:doc_chuong-iii_muc-5_dieu-48_khoan-1_p45727:e4 | thừa kế
UNRESOLVED:doc_chuong-iii_muc-5_dieu-48_khoan-1_p45727:e7 | thu hồi đất
UNRESOLVED:doc_chuong-iii_muc-5_dieu-48_khoan-1_p45727:e8 | bồi thường tài sản gắn liền với đất
UNRESOLVED:doc_chuong-iii_muc-5_dieu-48_khoan-1_p45727:e12 | diện tích đất đã thu hồi
UNRESOLVED:doc_chuong-iii_muc-5_dieu-48_khoan-1_p45727:e13 | giao đất
UNRESOLVED:doc_chuong-iii_muc-5_dieu-48_khoan-1_p45727:e14 | cho thuê đất
UNRESOLVED:doc_chuong-iii_muc-5_dieu-48_khoan-2_p46774:e3 | Quyền sử dụng đất
UNRESOLVED:doc_chuong-iii_muc-5_dieu-48_khoan-3_p46954:e3 | Quyền sử dụng đất
UNRESOLVED:doc_chuong-iii_muc-5_dieu-48_khoan-3_p46954:e7 | Thừa kế
UNRESOLVED:doc_chuong-iii_muc-5_dieu-48_khoan-3_p46954:e9 | Trừ trường hợp quy định tại khoản 1 và khoản 2
UNRESOLVED:doc_chuong-iii_muc-5_dieu-48_khoan-4_p47212:e2 | quản lý
UNRESOLVED:doc_chuong-iii_muc-5_dieu-48_khoan-4_p47212:e3 | diện tích đất thu hồi
UNRESOLVED:doc_chuong-iii_muc-5_dieu-48_khoan-4_p47212:e4 | theo quy định tại khoản 1 Điều này
UNRESOLVED:doc_chuong-iii_muc-1_dieu-26_khoan-1_p223:e2 | Cấp Giấy chứng nhận quyền sử dụng đất
UNRESOLVED:doc_chuong-iii_muc-1_dieu-26_khoan-1_p223:e4 | Điều kiện
UNRESOLVED:doc_chuong-iii_muc-1_dieu-26_khoan-1_p223:e5 | Quy định của pháp luật về đất đai
UNRESOLVED:doc_chuong-iii_muc-1_dieu-26_khoan-3_p433:e2 | Hưởng các lợi ích
UNRESOLVED:doc_chuong-iii_muc-1_dieu-26_khoan-4_p521:e2 | Hướng dẫn
UNRESOLVED:doc_chuong-iii_muc-1_dieu-26_khoan-4_p521:e3 | Giúp đỡ
UNRESOLVED:doc_chuong-iii_muc-1_dieu-26_khoan-4_p521:e4 | Cải tạo, phục hồi đất nông nghiệp
UNRESOLVED:doc_chuong-iii_muc-1_dieu-26_khoan-5_p602:e2 | Người khác
UNRESOLVED:doc_chuong-iii_muc-1_dieu-26_khoan-5_p602:e3 | Bảo hộ
UNRESOLVED:doc_chuong-iii_muc-1_dieu-26_khoan-7_p803:e5 | Quy định của Luật này
UNRESOLVED:doc_chuong-iii_muc-1_dieu-26_khoan-8_p893:e5 | Hành vi vi phạm quyền sử dụng đất hợp pháp
UNRESOLVED:doc_chuong-iii_muc-1_dieu-26_khoan-8_p893:e6 | Hành vi khác vi phạm pháp luật về đất đai
UNRESOLVED:doc_chuong-iii_muc-1_dieu-27_khoan-1_p1179:e5 | Cho thuê lại
UNRESOLVED:doc_chuong-iii_muc-1_dieu-27_khoan-1_p1179:e6 | Thừa kế
UNRESOLVED:doc_chuong-iii_muc-1_dieu-27_khoan-2_diem-a_p1496:e5 | Quy định của Luật này
UNRESOLVED:doc_chuong-iii_muc-1_dieu-27_khoan-2_diem-b_p1814:e3 | Đăng ký biến động
UNRESOLVED:doc_chuong-iii_muc-1_dieu-27_khoan-2_diem-b_p1814:e4 | Tách thửa
UNRESOLVED:doc_chuong-iii_muc-1_dieu-27_khoan-2_diem-b_p1814:e5 | Cấp Giấy chứng nhận quyền sử dụng đất
UNRESOLVED:doc_chuong-iii_muc-1_dieu-27_khoan-2_diem-b_p1814:e7 | Ủy quyền
UNRESOLVED:doc_chuong-iii_muc-1_dieu-27_khoan-3_p2476:e3 | Hợp đồng
UNRESOLVED:doc_chuong-iii_muc-1_dieu-27_khoan-3_p2476:e4 | Văn bản
UNRESOLVED:doc_chuong-iii_muc-1_dieu-27_khoan-3_p2476:e5 | Quyền
UNRESOLVED:doc_chuong-iii_muc-1_dieu-27_khoan-3_diem-a_p2588:e9 | Trừ trường hợp quy định tại điểm b khoản này
UNRESOLVED:doc_chuong-iii_muc-1_dieu-27_khoan-3_diem-b_p2794:e2 | Cho thuê lại quyền sử dụng đất
UNRESOLVED:doc_chuong-iii_muc-1_dieu-27_khoan-3_diem-b_p2794:e7 | Góp vốn bằng quyền sử dụng đất
UNRESOLVED:doc_chuong-iii_muc-1_dieu-28_khoan-1_diem-a_p3549:e4 | Điểm b khoản 1 Điều 37
UNRESOLVED:doc_chuong-iii_muc-1_dieu-28_khoan-1_diem-d_p3930:e3 | Vốn đầu tư
UNRESOLVED:doc_chuong-iii_muc-1_dieu-28_khoan-1_diem-d_p3930:e5 | Quy định của Chính phủ
UNRESOLVED:doc_chuong-iii_muc-1_dieu-28_khoan-1_diem-h_p4356:e5 | Tặng cho nhà ở gắn liền với quyền sử dụng đất ở
UNRESOLVED:doc_chuong-iii_muc-1_dieu-28_khoan-1_diem-m_p5524:e6 | Kết quả hòa giải thành về tranh chấp đất đai
UNRESOLVED:doc_chuong-iii_muc-1_dieu-28_khoan-1_diem-m_p5524:e7 | Thỏa thuận trong hợp đồng thế chấp để xử lý nợ
UNRESOLVED:doc_chuong-iii_muc-1_dieu-28_khoan-1_diem-m_p5524:e12 | Văn bản công nhận kết quả đấu giá quyền sử dụng đất
UNRESOLVED:doc_chuong-iii_muc-1_dieu-28_khoan-1_diem-m_p5524:e13 | Văn bản về việc chia, tách quyền sử dụng đất
UNRESOLVED:doc_chuong-iii_muc-1_dieu-28_khoan-1_diem-n_p6316:e5 | Kết quả hòa giải thành về tranh chấp đất đai
UNRESOLVED:doc_chuong-iii_muc-1_dieu-28_khoan-1_diem-n_p6316:e6 | Ủy ban nhân dân cấp có thẩm quyền
UNRESOLVED:doc_chuong-iii_muc-1_dieu-28_khoan-1_diem-o_p6776:e5 | các tổ chức là pháp nhân bị chia, tách, sáp nhập, hợp nhất, chuyển đổi
UNRESOLVED:doc_chuong-iii_muc-1_dieu-28_khoan-2_p7178:e5 | trừ trường hợp quy định tại khoản 8 Điều 45 và Điều 48
UNRESOLVED:doc_chuong-iii_muc-1_dieu-28_khoan-3_p7394:e2 | Nhận quyền sử dụng đất
UNRESOLVED:doc_chuong-iii_muc-1_dieu-29_khoan-1_p7605:e2 | lối đi
UNRESOLVED:doc_chuong-iii_muc-1_dieu-29_khoan-1_p7605:e9 | thông tin liên lạc
UNRESOLVED:doc_chuong-iii_muc-1_dieu-29_khoan-1_p7605:e10 | các nhu cầu cần thiết khác
UNRESOLVED:doc_chuong-iii_muc-1_dieu-29_khoan-2_p7834:e2 | Đăng ký
UNRESOLVED:doc_chuong-iii_muc-1_dieu-30_khoan-1_p8171:e3 | Chuyển sang thuê đất trả tiền thuê đất một lần
UNRESOLVED:doc_chuong-iii_muc-1_dieu-30_khoan-1_p8171:e4 | Giá đất
UNRESOLVED:doc_chuong-iii_muc-1_dieu-30_khoan-1_p8171:e5 | Thời gian thuê đất còn lại
UNRESOLVED:doc_chuong-iii_muc-1_dieu-30_khoan-3_p9133:e4 | Phần diện tích đó
UNRESOLVED:doc_chuong-iii_muc-1_dieu-31_khoan-1_p9477:e2 | Sử dụng đất
UNRESOLVED:doc_chuong-iii_muc-1_dieu-31_khoan-1_p9477:e3 | Mục đích
UNRESOLVED:doc_chuong-iii_muc-1_dieu-31_khoan-1_p9477:e4 | Ranh giới thửa đất
UNRESOLVED:doc_chuong-iii_muc-1_dieu-31_khoan-1_p9477:e5 | Quy định về sử dụng độ sâu trong lòng đất
UNRESOLVED:doc_chuong-iii_muc-1_dieu-31_khoan-1_p9477:e6 | Chiều cao trên không
UNRESOLVED:doc_chuong-iii_muc-1_dieu-31_khoan-1_p9477:e7 | Công trình công cộng trong lòng đất
UNRESOLVED:doc_chuong-iii_muc-1_dieu-31_khoan-1_p9477:e8 | Quy định khác của pháp luật có liên quan
UNRESOLVED:doc_chuong-iii_muc-1_dieu-31_khoan-2_p9703:e3 | Thủ tục
UNRESOLVED:doc_chuong-iii_muc-1_dieu-31_khoan-2_p9703:e7 | Cho thuê lại
UNRESOLVED:doc_chuong-iii_muc-1_dieu-31_khoan-2_p9703:e8 | Thừa kế
UNRESOLVED:doc_chuong-iii_muc-1_dieu-31_khoan-4_p9994:e2 | Thực hiện biện pháp bảo vệ đất
UNRESOLVED:doc_chuong-iii_muc-1_dieu-31_khoan-5_p10115:e2 | Tuân thủ quy định về bảo vệ môi trường
UNRESOLVED:doc_chuong-iii_muc-1_dieu-31_khoan-5_p10115:e3 | Tài sản và lợi ích hợp pháp
UNRESOLVED:doc_chuong-iii_muc-1_dieu-31_khoan-7_p10310:e2 | Bàn giao lại đất
UNRESOLVED:doc_chuong-iii_muc-1_dieu-31_khoan-7_p10310:e4 | Theo quy định của pháp luật
UNRESOLVED:doc_chuong-iii_muc-2_dieu-32_khoan-1_p10650:e1 | Tổ chức trong nước, tổ chức tôn giáo, tổ chức tôn giáo trực thuộc
UNRESOLVED:doc_chuong-iii_muc-2_dieu-32_khoan-2_p10839:e1 | Tổ chức trong nước, tổ chức tôn giáo, tổ chức tôn giáo trực thuộc
UNRESOLVED:doc_chuong-iii_muc-2_dieu-32_khoan-2_p10839:e3 | Quyền chuyển đổi, chuyển nhượng, tặng cho, cho thuê quyền sử dụng đất, thế chấp, góp vốn bằng quyền sử dụng đất
UNRESOLVED:doc_chuong-iii_muc-2_dieu-33_khoan-1_p11236:e4 | Thu tiền sử dụng đất
UNRESOLVED:doc_chuong-iii_muc-2_dieu-33_khoan-1_p11236:e6 | Thu tiền thuê đất
UNRESOLVED:doc_chuong-iii_muc-2_dieu-33_khoan-1_p11236:e7 | Một lần cho cả thời gian thuê
UNRESOLVED:doc_chuong-iii_muc-2_dieu-33_khoan-1_diem-a_p11392:e2 | Quyền và nghĩa vụ chung
UNRESOLVED:doc_chuong-iii_muc-2_dieu-33_khoan-1_diem-d_p12187:e5 | các tổ chức tín dụng được phép hoạt động tại Việt Nam
UNRESOLVED:doc_chuong-iii_muc-2_dieu-33_khoan-1_diem-d_p12187:e6 | tổ chức kinh tế khác
UNRESOLVED:doc_chuong-iii_muc-2_dieu-33_khoan-1_diem-d_p12187:e7 | cá nhân
UNRESOLVED:doc_chuong-iii_muc-2_dieu-33_khoan-1_diem-d_p12187:e8 | quy định của pháp luật
UNRESOLVED:doc_chuong-iii_muc-2_dieu-33_khoan-2_p12614:e3 | Thuê đất
UNRESOLVED:doc_chuong-iii_muc-2_dieu-33_khoan-2_p12614:e5 | Thời gian thuê
UNRESOLVED:doc_chuong-iii_muc-2_dieu-33_khoan-2_p12614:e6 | Điều 202
UNRESOLVED:doc_chuong-iii_muc-2_dieu-33_khoan-3_diem-a_p13127:e5 | miễn hoặc giảm tiền sử dụng đất
UNRESOLVED:doc_chuong-iii_muc-2_dieu-33_khoan-3_diem-b_p13433:e5 | Quyền và nghĩa vụ
UNRESOLVED:doc_chuong-iii_muc-2_dieu-33_khoan-3_diem-b_p13433:e8 | Miễn, giảm tiền sử dụng đất, tiền thuê đất
UNRESOLVED:doc_chuong-iii_muc-2_dieu-33_khoan-3_diem-b_p13433:e9 | Trừ trường hợp pháp luật có liên quan có quy định khác
UNRESOLVED:doc_chuong-iii_muc-2_dieu-34_khoan-1_diem-a_p14396:e1 | Tổ chức kinh tế, tổ chức tôn giáo, tổ chức tôn giáo trực thuộc
UNRESOLVED:doc_chuong-iii_muc-2_dieu-34_khoan-1_diem-a_p14396:e3 | Quyền và nghĩa vụ chung
UNRESOLVED:doc_chuong-iii_muc-2_dieu-34_khoan-1_diem-b_p14466:e2 | Thế chấp tài sản thuộc sở hữu của mình gắn liền với đất
UNRESOLVED:doc_chuong-iii_muc-2_dieu-34_khoan-1_diem-b_p14466:e5 | Tổ chức tín dụng
UNRESOLVED:doc_chuong-iii_muc-2_dieu-34_khoan-1_diem-b_p14466:e6 | Cá nhân
UNRESOLVED:doc_chuong-iii_muc-2_dieu-34_khoan-1_diem-c_p14648:e1 | Tổ chức kinh tế, tổ chức tôn giáo, tổ chức tôn giáo trực thuộc
UNRESOLVED:doc_chuong-iii_muc-2_dieu-34_khoan-1_diem-c_p14648:e2 | Bán tài sản thuộc sở hữu của mình gắn liền với đất
UNRESOLVED:doc_chuong-iii_muc-2_dieu-34_khoan-1_diem-c_p14648:e3 | Quyền thuê trong hợp đồng thuê đất
UNRESOLVED:doc_chuong-iii_muc-2_dieu-34_khoan-1_diem-c_p14648:e6 | Tiếp tục thuê đất
UNRESOLVED:doc_chuong-iii_muc-2_dieu-34_khoan-1_diem-c_p14648:e7 | Các quyền và nghĩa vụ của người sử dụng đất
UNRESOLVED:doc_chuong-iii_muc-2_dieu-34_khoan-1_diem-d_p15135:e1 | Tổ chức kinh tế, tổ chức tôn giáo, tổ chức tôn giáo trực thuộc
UNRESOLVED:doc_chuong-iii_muc-2_dieu-34_khoan-1_diem-d_p15135:e2 | Góp vốn bằng tài sản thuộc sở hữu của mình gắn liền với đất
UNRESOLVED:doc_chuong-iii_muc-2_dieu-34_khoan-1_diem-d_p15135:e6 | Tiếp tục cho thuê đất
UNRESOLVED:doc_chuong-iii_muc-2_dieu-34_khoan-1_diem-d_p15343:e1 | Tổ chức kinh tế, tổ chức tôn giáo, tổ chức tôn giáo trực thuộc
UNRESOLVED:doc_chuong-iii_muc-2_dieu-34_khoan-1_diem-d_p15343:e2 | Cho thuê tài sản thuộc sở hữu của mình gắn liền với đất và quyền thuê trong hợp đồng thuê đất
UNRESOLVED:doc_chuong-iii_muc-2_dieu-34_khoan-1_diem-e_p15442:e1 | Tổ chức kinh tế, tổ chức tôn giáo, tổ chức tôn giáo trực thuộc
UNRESOLVED:doc_chuong-iii_muc-2_dieu-34_khoan-2_p15825:e6 | Quyền góp vốn
UNRESOLVED:doc_chuong-iii_muc-2_dieu-34_khoan-2_p15825:e7 | Quyền thuê
UNRESOLVED:doc_chuong-iii_muc-2_dieu-34_khoan-2_p15825:e8 | Mục đích khác
UNRESOLVED:doc_chuong-iii_muc-2_dieu-34_khoan-2_diem-a_p16355:e4 | Khai thác, sử dụng
UNRESOLVED:doc_chuong-iii_muc-2_dieu-34_khoan-2_diem-a_p16355:e6 | Pháp luật về xây dựng
UNRESOLVED:doc_chuong-iii_muc-2_dieu-34_khoan-2_diem-a_p16355:e7 | Quy định của pháp luật
UNRESOLVED:doc_chuong-iii_muc-2_dieu-34_khoan-2_diem-b_p16777:e3 | Tài sản công
UNRESOLVED:doc_chuong-iii_muc-2_dieu-34_khoan-2_diem-b_p16777:e4 | Đề án sử dụng tài sản công
UNRESOLVED:doc_chuong-iii_muc-2_dieu-34_khoan-2_diem-b_p16777:e5 | Mục đích cho thuê, liên doanh, liên kết
UNRESOLVED:doc_chuong-iii_muc-2_dieu-34_khoan-3_p17074:e3 | Quyền và nghĩa vụ
UNRESOLVED:doc_chuong-iii_muc-2_dieu-35_khoan-1_p17394:e3 | Điều 26 và Điều 31
UNRESOLVED:doc_chuong-iii_muc-2_dieu-35_khoan-3_diem-a_p17947:e3 | Không chuyển mục đích sử dụng đất
UNRESOLVED:doc_chuong-iii_muc-2_dieu-35_khoan-3_diem-a_p17947:e4 | Quyền và nghĩa vụ quy định tại khoản 1 và khoản 3 Điều 33
UNRESOLVED:doc_chuong-iii_muc-2_dieu-35_khoan-3_diem-b_p18093:e5 | Quyền và nghĩa vụ
UNRESOLVED:doc_chuong-iii_muc-2_dieu-35_khoan-3_diem-b_p18093:e7 | Giao đất có thu tiền sử dụng đất
UNRESOLVED:doc_chuong-iii_muc-2_dieu-35_khoan-3_diem-b_p18093:e8 | Cho thuê đất thu tiền thuê đất một lần cho cả thời gian thuê
UNRESOLVED:doc_chuong-iii_muc-2_dieu-35_khoan-3_diem-c_p18366:e5 | Quyền và nghĩa vụ
UNRESOLVED:doc_chuong-iii_muc-2_dieu-35_khoan-3_diem-c_p18366:e6 | Điều 34
UNRESOLVED:doc_chuong-iii_muc-2_dieu-35_khoan-3_diem-c_p18366:e7 | Thuê đất thu tiền thuê đất hằng năm
UNRESOLVED:doc_chuong-iii_muc-2_dieu-35_khoan-4_diem-b_p19014:e4 | quyền và nghĩa vụ
UNRESOLVED:doc_chuong-iii_muc-2_dieu-36_khoan-1_p19302:e3 | Quyền và nghĩa vụ quy định tại Điều 33 của Luật này
UNRESOLVED:doc_chuong-iii_muc-2_dieu-36_khoan-1_p19302:e5 | Trong các trường hợp sau đây
UNRESOLVED:doc_chuong-iii_muc-2_dieu-36_khoan-2_diem-a_p19897:e2 | Thu hồi đất
UNRESOLVED:doc_chuong-iii_muc-2_dieu-36_khoan-2_diem-b_p20347:e4 | Điều lệ của hợp tác xã
UNRESOLVED:doc_chuong-iii_muc-2_dieu-36_khoan-2_diem-b_p20347:e5 | Nghị quyết của đại hội thành viên
UNRESOLVED:doc_chuong-iii_muc-3_dieu-37_khoan-1_diem-d_p21866:e5 | Thuê
UNRESOLVED:doc_chuong-iii_muc-3_dieu-37_khoan-1_diem-e_p22461:e6 | Nhà tình nghĩa, nhà tình thương, nhà đại đoàn kết
UNRESOLVED:doc_chuong-iii_muc-3_dieu-37_khoan-1_diem-g_p22984:e4 | tổ chức tín dụng được phép hoạt động tại Việt Nam
UNRESOLVED:doc_chuong-iii_muc-3_dieu-37_khoan-1_diem-g_p22984:e5 | tổ chức kinh tế khác hoặc cá nhân
UNRESOLVED:doc_chuong-iii_muc-3_dieu-37_khoan-2_diem-b_p23547:e3 | Bán tài sản thuộc sở hữu của mình gắn liền với đất
UNRESOLVED:doc_chuong-iii_muc-3_dieu-37_khoan-2_diem-b_p23547:e4 | Quyền thuê trong hợp đồng thuê đất
UNRESOLVED:doc_chuong-iii_muc-3_dieu-37_khoan-2_diem-c_p24048:e2 | Người được tặng cho tài sản
UNRESOLVED:doc_chuong-iii_muc-3_dieu-37_khoan-2_diem-c_p24048:e3 | Quyền thuê trong hợp đồng thuê đất
UNRESOLVED:doc_chuong-iii_muc-3_dieu-37_khoan-2_diem-d_p24309:e4 | Quyền thuê trong hợp đồng thuê đất
UNRESOLVED:doc_chuong-iii_muc-3_dieu-37_khoan-2_diem-d_p24415:e5 | Tổ chức tín dụng
UNRESOLVED:doc_chuong-iii_muc-3_dieu-37_khoan-2_diem-d_p24415:e6 | Tổ chức kinh tế
UNRESOLVED:doc_chuong-iii_muc-3_dieu-37_khoan-2_diem-d_p24415:e7 | Cá nhân
UNRESOLVED:doc_chuong-iii_muc-3_dieu-37_khoan-2_diem-e_p24600:e4 | Thời hạn
UNRESOLVED:doc_chuong-iii_muc-3_dieu-37_khoan-3_diem-a_p24987:e1 | Cá nhân thuê lại đất
UNRESOLVED:doc_chuong-iii_muc-3_dieu-37_khoan-3_diem-a_p24987:e2 | Trả tiền thuê đất một lần cho cả thời gian thuê
UNRESOLVED:doc_chuong-iii_muc-3_dieu-37_khoan-3_diem-a_p24987:e3 | Quyền và nghĩa vụ quy định tại khoản 1 Điều này
UNRESOLVED:doc_chuong-iii_muc-3_dieu-37_khoan-3_diem-b_p25125:e1 | Cá nhân thuê lại đất
UNRESOLVED:doc_chuong-iii_muc-3_dieu-37_khoan-3_diem-b_p25125:e4 | Trong khu công nghiệp, cụm công nghiệp, khu công nghệ cao
UNRESOLVED:doc_chuong-iii_muc-3_dieu-37_khoan-3_diem-b_p25125:e5 | khoản 2 Điều này
UNRESOLVED:doc_chuong-iii_muc-3_dieu-37_khoan-4_p25242:e5 | Miễn, giảm tiền sử dụng đất, tiền thuê đất
UNRESOLVED:doc_chuong-iii_muc-3_dieu-37_khoan-4_p25242:e6 | Không được miễn, không được giảm tiền sử dụng đất, tiền thuê đất
UNRESOLVED:doc_chuong-iii_muc-3_dieu-37_khoan-5_p25444:e2 | Tổ chức, cá nhân
UNRESOLVED:doc_chuong-iii_muc-3_dieu-38_khoan-1_p25756:e3 | Đất được Nhà nước giao đất không thu tiền sử dụng đất
UNRESOLVED:doc_chuong-iii_muc-3_dieu-38_khoan-1_p25756:e4 | Đất được Nhà nước giao đất có thu tiền sử dụng đất
UNRESOLVED:doc_chuong-iii_muc-3_dieu-38_khoan-2_diem-a_p26278:e2 | Quyền và nghĩa vụ quy định tại khoản 1 Điều 37 của Luật này
UNRESOLVED:doc_chuong-iii_muc-3_dieu-38_khoan-2_diem-a_p26278:e7 | Thời gian thuê
UNRESOLVED:doc_chuong-iii_muc-3_dieu-38_khoan-2_diem-b_p26470:e4 | Trường hợp
UNRESOLVED:doc_chuong-iii_muc-3_dieu-39_khoan-2_p26765:e3 | quyền để thừa kế
UNRESOLVED:doc_chuong-iii_muc-3_dieu-39_khoan-2_p26765:e5 | giao đất không thu tiền sử dụng đất
UNRESOLVED:doc_chuong-iii_muc-4_dieu-40_khoan-1_diem-c_p27699:e2 | Sở hữu công trình do mình xây dựng trên đất thuê trong thời hạn thuê đất
UNRESOLVED:doc_chuong-iii_muc-4_dieu-40_khoan-1_diem-d_p27773:e2 | Trả lại đất
UNRESOLVED:doc_chuong-iii_muc-4_dieu-40_khoan-1_diem-d_p27773:e4 | Điều ước quốc tế
UNRESOLVED:doc_chuong-iii_muc-4_dieu-40_khoan-1_diem-d_p27773:e5 | Thỏa thuận quốc tế
UNRESOLVED:doc_chuong-iii_muc-4_dieu-40_khoan-1_diem-d_p27773:e6 | Quy định của pháp luật
UNRESOLVED:doc_chuong-iii_muc-4_dieu-40_khoan-2_p28006:e3 | Điều ước quốc tế
UNRESOLVED:doc_chuong-iii_muc-4_dieu-40_khoan-2_p28006:e5 | Điều ước quốc tế đó
UNRESOLVED:doc_chuong-iii_muc-4_dieu-41_khoan-2_p28544:e5 | Thu tiền thuê đất hằng năm
UNRESOLVED:doc_chuong-iii_muc-4_dieu-41_khoan-2_diem-b_p28784:e1 | Người gốc Việt Nam định cư ở nước ngoài, tổ chức kinh tế có vốn đầu tư nước ngoài
UNRESOLVED:doc_chuong-iii_muc-4_dieu-41_khoan-2_diem-b_p28784:e4 | Tổ chức tín dụng được phép hoạt động tại Việt Nam
UNRESOLVED:doc_chuong-iii_muc-4_dieu-41_khoan-2_diem-c_p28899:e3 | Góp vốn bằng tài sản thuộc sở hữu của mình gắn liền với đất
UNRESOLVED:doc_chuong-iii_muc-4_dieu-41_khoan-2_diem-c_p28899:e9 | Mục đích đã được xác định
UNRESOLVED:doc_chuong-iii_muc-4_dieu-41_khoan-2_diem-d_p29112:e3 | Bán tài sản thuộc sở hữu của mình gắn liền với đất
UNRESOLVED:doc_chuong-iii_muc-4_dieu-41_khoan-2_diem-d_p29112:e4 | Quyền thuê trong hợp đồng thuê đất
UNRESOLVED:doc_chuong-iii_muc-4_dieu-41_khoan-2_diem-d_p29112:e5 | Điều kiện quy định tại Điều 46 của Luật này
UNRESOLVED:doc_chuong-iii_muc-4_dieu-41_khoan-2_diem-d_p29112:e7 | Tiếp tục thuê đất
UNRESOLVED:doc_chuong-iii_muc-4_dieu-41_khoan-2_diem-d_p29112:e8 | Mục đích đã được xác định
UNRESOLVED:doc_chuong-iii_muc-4_dieu-41_khoan-2_diem-d_p29112:e9 | Thời hạn sử dụng đất còn lại
UNRESOLVED:doc_chuong-iii_muc-4_dieu-41_khoan-2_diem-d_p29572:e1 | Người gốc Việt Nam định cư ở nước ngoài, tổ chức kinh tế có vốn đầu tư nước ngoài
UNRESOLVED:doc_chuong-iii_muc-4_dieu-41_khoan-2_diem-e_p29670:e5 | Đất đã được xây dựng xong kết cấu hạ tầng
UNRESOLVED:doc_chuong-iii_muc-4_dieu-41_khoan-2_diem-e_p29670:e6 | Sử dụng đất đúng mục đích
UNRESOLVED:doc_chuong-iii_muc-4_dieu-41_khoan-2_diem-e_p29670:e7 | Thực hiện nghĩa vụ tài chính
UNRESOLVED:doc_chuong-iii_muc-4_dieu-41_khoan-3_diem-c_p30516:e5 | Cho thuê lại
UNRESOLVED:doc_chuong-iii_muc-4_dieu-41_khoan-3_diem-d_p30633:e5 | Các tổ chức tín dụng được phép hoạt động tại Việt Nam
UNRESOLVED:doc_chuong-iii_muc-4_dieu-41_khoan-4_p30850:e2 | Sử dụng đất
UNRESOLVED:doc_chuong-iii_muc-4_dieu-41_khoan-4_p30850:e3 | Nộp tiền sử dụng đất
UNRESOLVED:doc_chuong-iii_muc-4_dieu-41_khoan-4_p30850:e4 | Trả tiền thuê đất
UNRESOLVED:doc_chuong-iii_muc-4_dieu-41_khoan-4_p30850:e5 | Quyền và nghĩa vụ
UNRESOLVED:doc_chuong-iii_muc-4_dieu-41_khoan-4_p30850:e6 | Điều này
UNRESOLVED:doc_chuong-iii_muc-4_dieu-41_khoan-5_p31108:e7 | Quyền và nghĩa vụ quy định tại khoản 3 Điều 33
UNRESOLVED:doc_chuong-iii_muc-4_dieu-42_khoan-1_p31581:e5 | Quyền và nghĩa vụ quy định tại khoản 3 Điều 41
UNRESOLVED:doc_chuong-iii_muc-4_dieu-42_khoan-2_diem-a_p32028:e5 | thu tiền thuê đất hằng năm
UNRESOLVED:doc_chuong-iii_muc-4_dieu-42_khoan-2_diem-b_p32355:e4 | Điều 41
UNRESOLVED:doc_chuong-iii_muc-4_dieu-42_khoan-2_diem-c_p32703:e4 | Điều 41
UNRESOLVED:doc_chuong-iii_muc-4_dieu-42_khoan-3_p33000:e6 | Quyền
UNRESOLVED:doc_chuong-iii_muc-4_dieu-42_khoan-3_p33000:e7 | Nghĩa vụ
UNRESOLVED:doc_chuong-iii_muc-4_dieu-43_khoan-1_p33702:e4 | khu công nghiệp, cụm công nghiệp, khu công nghệ cao
UNRESOLVED:doc_chuong-iii_muc-4_dieu-43_khoan-2_diem-a_p34109:e3 | Trả tiền thuê đất một lần cho cả thời gian thuê
UNRESOLVED:doc_chuong-iii_muc-4_dieu-43_khoan-2_diem-a_p34109:e4 | Trả tiền thuê lại đất một lần cho cả thời gian thuê lại
UNRESOLVED:doc_chuong-iii_muc-4_dieu-43_khoan-2_diem-a_p34109:e5 | Quyền và nghĩa vụ quy định tại khoản 1 và khoản 3 Điều 33
UNRESOLVED:doc_chuong-iii_muc-4_dieu-43_khoan-2_diem-b_p34304:e3 | Trả tiền thuê đất, thuê lại đất hằng năm
UNRESOLVED:doc_chuong-iii_muc-4_dieu-43_khoan-2_diem-b_p34304:e4 | Quyền và nghĩa vụ quy định tại khoản 1 Điều 34 của Luật này
UNRESOLVED:doc_chuong-iii_muc-4_dieu-44_khoan-1_p34692:e4 | Nhập cảnh vào Việt Nam
UNRESOLVED:doc_chuong-iii_muc-4_dieu-44_khoan-2_p34926:e2 | quyền
UNRESOLVED:doc_chuong-iii_muc-4_dieu-44_khoan-2_p34926:e3 | nghĩa vụ
UNRESOLVED:doc_chuong-iii_muc-4_dieu-44_khoan-2_diem-a_p35046:e2 | Quyền và nghĩa vụ chung
UNRESOLVED:doc_chuong-iii_muc-4_dieu-44_khoan-2_diem-a_p35046:e3 | Điều 26 và Điều 31
UNRESOLVED:doc_chuong-iii_muc-4_dieu-44_khoan-2_diem-d_p35809:e4 | Tổ chức tín dụng được phép hoạt động tại Việt Nam
UNRESOLVED:doc_chuong-iii_muc-4_dieu-44_khoan-3_diem-b_p36548:e3 | Điểm e khoản 1 Điều 37
UNRESOLVED:doc_chuong-iii_muc-4_dieu-44_khoan-3_diem-c_p36840:e3 | Tổ chức đăng ký đất đai
UNRESOLVED:doc_chuong-iii_muc-4_dieu-44_khoan-3_diem-c_p36840:e5 | Trong trường hợp chưa chuyển nhượng hoặc chưa tặng cho quyền sử dụng đất
UNRESOLVED:doc_chuong-iii_muc-4_dieu-44_khoan-4_p37072:e2 | Nhà ở
UNRESOLVED:doc_chuong-iii_muc-4_dieu-44_khoan-4_p37072:e5 | Hồ sơ về việc nhận thừa kế
UNRESOLVED:doc_chuong-iii_muc-4_dieu-44_khoan-4_p37072:e7 | Phân chia thừa kế
UNRESOLVED:doc_chuong-iii_muc-4_dieu-44_khoan-5_p38031:e2 | Ủy quyền
UNRESOLVED:doc_chuong-iii_muc-4_dieu-44_khoan-5_p38031:e3 | Trông nom hoặc tạm sử dụng đất
UNRESOLVED:doc_chuong-iii_muc-4_dieu-44_khoan-5_p38031:e4 | Nghĩa vụ
UNRESOLVED:doc_chuong-iii_muc-4_dieu-44_khoan-5_p38031:e5 | Quy định của pháp luật về đất đai
UNRESOLVED:doc_chuong-iii_muc-5_dieu-45_khoan-1_p38579:e5 | Cho thuê lại
UNRESOLVED:doc_chuong-iii_muc-5_dieu-45_khoan-1_p38579:e6 | Thừa kế
UNRESOLVED:doc_chuong-iii_muc-5_dieu-45_khoan-1_diem-a_p38784:e6 | thừa kế quyền sử dụng đất
UNRESOLVED:doc_chuong-iii_muc-5_dieu-45_khoan-1_diem-b_p39292:e5 | Cho thuê lại
UNRESOLVED:doc_chuong-iii_muc-5_dieu-45_khoan-1_diem-b_p39292:e6 | Thừa kế
UNRESOLVED:doc_chuong-iii_muc-5_dieu-45_khoan-1_diem-b_p39292:e12 | Tranh chấp đã được giải quyết
UNRESOLVED:doc_chuong-iii_muc-5_dieu-45_khoan-1_diem-c_p39485:e3 | Không bị kê biên
UNRESOLVED:doc_chuong-iii_muc-5_dieu-45_khoan-1_diem-d_p39643:e3 | biện pháp khẩn cấp tạm thời
UNRESOLVED:doc_chuong-iii_muc-5_dieu-45_khoan-2_p39738:e4 | Điều kiện khác
UNRESOLVED:doc_chuong-iii_muc-5_dieu-45_khoan-3_p39986:e5 | Cho thuê lại
UNRESOLVED:doc_chuong-iii_muc-5_dieu-45_khoan-3_p39986:e6 | Thừa kế
UNRESOLVED:doc_chuong-iii_muc-5_dieu-45_khoan-3_p39986:e11 | Điều kiện
UNRESOLVED:doc_chuong-iii_muc-5_dieu-45_khoan-3_diem-a_p40271:e2 | Mua, bán tài sản gắn liền với đất
UNRESOLVED:doc_chuong-iii_muc-5_dieu-45_khoan-3_diem-a_p40271:e3 | Quyền thuê trong hợp đồng thuê đất
UNRESOLVED:doc_chuong-iii_muc-5_dieu-45_khoan-5_p41303:e2 | Nghĩa vụ tài chính
UNRESOLVED:doc_chuong-iii_muc-5_dieu-45_khoan-5_p41303:e3 | Chậm thực hiện
UNRESOLVED:doc_chuong-iii_muc-5_dieu-45_khoan-5_p41303:e4 | Ghi nợ
UNRESOLVED:doc_chuong-iii_muc-5_dieu-45_khoan-7_p41970:e1 | Cá nhân không trực tiếp sản xuất nông nghiệp
UNRESOLVED:doc_chuong-iii_muc-5_dieu-45_khoan-7_p41970:e3 | Nhận tặng cho
UNRESOLVED:doc_chuong-iii_muc-5_dieu-45_khoan-7_p41970:e5 | Quá hạn mức quy định tại Điều 176
UNRESOLVED:doc_chuong-iii_muc-5_dieu-45_khoan-7_p41970:e6 | Trừ trường hợp người nhận tặng cho là người thuộc hàng thừa kế
UNRESOLVED:doc_chuong-iii_muc-5_dieu-45_khoan-7_p41970:e7 | Điều 176
UNRESOLVED:doc_chuong-iii_muc-5_dieu-45_khoan-8_diem-a_p42458:e3 | Quyền sử dụng đất rừng phòng hộ, đất rừng đặc dụng
UNRESOLVED:doc_chuong-iii_muc-5_dieu-45_khoan-8_diem-a_p42458:e4 | Trừ trường hợp được chuyển mục đích sử dụng đất theo quy hoạch, kế hoạch sử dụng đất đã được cơ quan có thẩm quyền phê duyệt
UNRESOLVED:doc_chuong-iii_muc-5_dieu-45_khoan-8_diem-b_p42694:e3 | Nhận tặng cho
UNRESOLVED:doc_chuong-iii_muc-5_dieu-45_khoan-8_diem-b_p42694:e5 | Khu vực rừng phòng hộ
UNRESOLVED:doc_chuong-iii_muc-5_dieu-45_khoan-8_diem-b_p42694:e6 | Rừng đặc dụng
UNRESOLVED:doc_chuong-iii_muc-5_dieu-45_khoan-8_diem-c_p42959:e1 | Tổ chức, cá nhân, cộng đồng dân cư, tổ chức tôn giáo, tổ chức tôn giáo trực thuộc, người gốc Việt Nam định cư ở nước ngoài, tổ chức kinh tế có vốn đầu tư nước ngoài
UNRESOLVED:doc_chuong-iii_muc-5_dieu-45_khoan-8_diem-c_p42959:e3 | pháp luật không cho phép
UNRESOLVED:doc_chuong-iii_muc-5_dieu-46_khoan-1_diem-a_p43572:e1 | Tổ chức kinh tế, cá nhân, người gốc Việt Nam định cư ở nước ngoài, tổ chức kinh tế có vốn đầu tư nước ngoài
UNRESOLVED:doc_chuong-iii_muc-5_dieu-46_khoan-1_diem-a_p43572:e2 | Bán tài sản gắn liền với đất
UNRESOLVED:doc_chuong-iii_muc-5_dieu-46_khoan-1_diem-a_p43572:e4 | Được tạo lập hợp pháp và đã được đăng ký theo quy định của pháp luật
UNRESOLVED:doc_chuong-iii_muc-5_dieu-46_khoan-1_diem-b_p43672:e1 | Tổ chức kinh tế, cá nhân, người gốc Việt Nam định cư ở nước ngoài, tổ chức kinh tế có vốn đầu tư nước ngoài
UNRESOLVED:doc_chuong-iii_muc-5_dieu-46_khoan-1_diem-b_p43672:e2 | Bán tài sản gắn liền với đất
UNRESOLVED:doc_chuong-iii_muc-5_dieu-46_khoan-1_diem-b_p43672:e4 | Đã hoàn thành việc xây dựng theo đúng quy hoạch xây dựng chi tiết và dự án đầu tư đã được phê duyệt, chấp thuận (nếu có)
UNRESOLVED:doc_chuong-iii_muc-5_dieu-46_khoan-1_diem-b_p43672:e5 | Trừ trường hợp phải thực hiện theo bản án, quyết định của Tòa án đã có hiệu lực thi hành, quyết định cưỡng chế của cơ quan thi hành án dân sự hoặc kết luận của cơ quan nhà nước có thẩm quyền về thanh tra, kiểm tra
UNRESOLVED:doc_chuong-iii_muc-5_dieu-46_khoan-3_p44416:e2 | Sử dụng đất đúng mục đích
UNRESOLVED:doc_chuong-iii_muc-5_dieu-46_khoan-3_p44416:e5 | Điều này
UNRESOLVED:doc_chuong-iii_muc-5_dieu-46_khoan-4_p44769:e5 | Điều kiện tách thửa
UNRESOLVED:doc_chuong-iii_muc-5_dieu-46_khoan-5_p44959:e2 | Bán tài sản gắn liền với đất
UNRESOLVED:doc_chuong-iii_muc-5_dieu-46_khoan-5_p44959:e4 | Điều kiện khác theo quy định của Luật Kinh doanh bất động sản
UNRESOLVED:doc_chuong-iii_muc-5_dieu-47_p45245:e4 | Không phải nộp thuế thu nhập
UNRESOLVED:doc_chuong-iii_muc-5_dieu-48_khoan-1_p45727:e4 | thừa kế
UNRESOLVED:doc_chuong-iii_muc-5_dieu-48_khoan-1_p45727:e7 | thu hồi đất
UNRESOLVED:doc_chuong-iii_muc-5_dieu-48_khoan-1_p45727:e8 | bồi thường tài sản gắn liền với đất
UNRESOLVED:doc_chuong-iii_muc-5_dieu-48_khoan-3_p46954:e7 | Thừa kế
UNRESOLVED:doc_chuong-iii_muc-5_dieu-48_khoan-3_p46954:e9 | Trừ trường hợp quy định tại khoản 1 và khoản 2
UNRESOLVED:doc_chuong-iii_muc-5_dieu-48_khoan-4_p47212:e2 | quản lý
UNRESOLVED:doc_chuong-iii_muc-5_dieu-48_khoan-4_p47212:e4 | theo quy định tại khoản 1 Điều này
